schedule_index,episode_id,partition,layout_id,planner,profile_id,lock_hash,valid,success,reason,raw_reason,collision,planner_failures,planner_calls,execution_steps,final_xy_error,final_yaw_error,final_time,capped_time_to_termination,path_length,min_clearance,compute_mean,compute_max,time_contract,feedback_contract,command_hold_contract,collision_truth_contract
1,holdout__holdout_10__dwa__delay_100,holdout,holdout_10,dwa,delay_100,f1c8fd861651f70500a8a3341a4fd79820a6f66c02609af9d8137fd2b70d947b,true,false,logical_timeout,duration,false,0,600,3000,4.799886964378005,0.05644748660638437,30.00000000000189,30.00000000000189,0.10753009517542378,0.7779891198459765,0.0009113226249999995,0.004453419,true,true,true,true
2,discovery__discovery_13__teb__tau_x_300,discovery,discovery_13,teb,tau_x_300,f1c8fd861651f70500a8a3341a4fd79820a6f66c02609af9d8137fd2b70d947b,true,true,external_tolerance,external_tolerance,false,0,257,1285,0.0760942101690338,0.0972514491876197,12.84999999999977,12.84999999999977,5.495224413601628,0.1843420849845117,0.009908106186770434,0.026999317,true,true,true,true
3,holdout__holdout_19__teb__tau_y_300,holdout,holdout_19,teb,tau_y_300,f1c8fd861651f70500a8a3341a4fd79820a6f66c02609af9d8137fd2b70d947b,true,true,external_tolerance,external_tolerance,false,0,306,1526,0.07956585574166601,0.029458246629854454,15.25999999999972,15.25999999999972,5.9093543854869,0.16084995977580188,0.009888945013071904,0.034050414,true,true,true,true
4,discovery__discovery_15__teb__tau_x_300,discovery,discovery_15,teb,tau_x_300,f1c8fd861651f70500a8a3341a4fd79820a6f66c02609af9d8137fd2b70d947b,true,true,external_tolerance,external_tolerance,false,0,296,1476,0.0769831085409217,0.06440816754546187,14.75999999999973,14.75999999999973,6.1384365250347335,0.15419910264437392,0.011427337172297308,0.034933364,true,true,true,true
5,holdout__holdout_15__teb__tau_w_300,holdout,holdout_15,teb,tau_w_300,f1c8fd861651f70500a8a3341a4fd79820a6f66c02609af9d8137fd2b70d947b,true,true,external_tolerance,external_tolerance,false,0,343,1715,0.047048816324422475,0.09886454053908582,17.14999999999988,17.14999999999988,4.98278890388189,0.21752390208821834,0.009581040172011666,0.032199575,true,true,true,true
6,holdout__holdout_08__teb__tau_x_100,holdout,holdout_08,teb,tau_x_100,f1c8fd861651f70500a8a3341a4fd79820a6f66c02609af9d8137fd2b70d947b,true,true,external_tolerance,external_tolerance,false,0,269,1342,0.0646186111953565,0.09581093841634572,13.419999999999758,13.419999999999758,5.930015639541183,0.1650549084086197,0.010932641420074348,0.029720065,true,true,true,true
7,discovery__discovery_09__dwa__tau_w_300,discovery,discovery_09,dwa,tau_w_300,f1c8fd861651f70500a8a3341a4fd79820a6f66c02609af9d8137fd2b70d947b,true,false,logical_timeout,duration,false,0,600,3000,3.666297460407461,0.5648730104148693,30.00000000000189,30.00000000000189,1.7719955636256632,0.23656416596860178,0.0023925446566666663,0.016865047,true,true,true,true
8,holdout__holdout_20__teb__delay_100,holdout,holdout_20,teb,delay_100,f1c8fd861651f70500a8a3341a4fd79820a6f66c02609af9d8137fd2b70d947b,true,true,external_tolerance,external_tolerance,false,0,278,1387,0.06037838476051996,0.09441698691580144,13.869999999999749,13.869999999999749,5.381624848507688,0.15102528864462872,0.010341284748201444,0.031778226,true,true,true,true
9,holdout__holdout_18__dwa__tau_w_100,holdout,holdout_18,dwa,tau_w_100,f1c8fd861651f70500a8a3341a4fd79820a6f66c02609af9d8137fd2b70d947b,true,false,logical_timeout,duration,false,0,600,3000,4.750198638426072,0.016104288848908594,30.00000000000189,30.00000000000189,0.37930497239196737,0.4060008785031556,0.0016040530549999992,0.005024369,true,true,true,true
10,discovery__discovery_11__teb__tau_w_300,discovery,discovery_11,teb,tau_w_300,f1c8fd861651f70500a8a3341a4fd79820a6f66c02609af9d8137fd2b70d947b,true,true,external_tolerance,external_tolerance,false,0,464,2320,0.021936218295769232,0.09888634712212323,23.200000000000827,23.200000000000827,5.863622437878125,0.08090757066181636,0.011240098646551728,0.036032206,true,true,true,true
11,holdout__holdout_13__dwa__delay_050,holdout,holdout_13,dwa,delay_050,f1c8fd861651f70500a8a3341a4fd79820a6f66c02609af9d8137fd2b70d947b,true,false,plugin returned no valid velocity command,plugin returned no valid velocity command,false,1,32,160,4.789388221964771,0.03296052641235291,1.6000000000000012,1.6000000000000012,0.060793762754946544,0.7141127313695449,0.0012875610000000002,0.002211915,true,true,true,true
12,discovery__discovery_15__dwa__delay_200,discovery,discovery_15,dwa,delay_200,f1c8fd861651f70500a8a3341a4fd79820a6f66c02609af9d8137fd2b70d947b,true,false,plugin returned no valid velocity command,plugin returned no valid velocity command,false,1,116,580,4.031500554298267,0.6448026034049571,5.799999999999921,5.799999999999921,1.3922183820054956,0.1565577008093122,0.004364237188034189,0.016030867,true,true,true,true
13,discovery__discovery_10__teb__tau_y_150,discovery,discovery_10,teb,tau_y_150,f1c8fd861651f70500a8a3341a4fd79820a6f66c02609af9d8137fd2b70d947b,true,true,external_tolerance,external_tolerance,false,0,291,1451,0.0785406460311575,0.023713829797752,14.509999999999735,14.509999999999735,6.168101119644033,0.12330432713430425,0.009535865254295528,0.031488499,true,true,true,true
14,holdout__holdout_02__dwa__tau_x_300,holdout,holdout_02,dwa,tau_x_300,f1c8fd861651f70500a8a3341a4fd79820a6f66c02609af9d8137fd2b70d947b,true,false,logical_timeout,duration,false,0,600,3000,4.7987983755832255,0.06059223231982813,30.00000000000189,30.00000000000189,0.08880162185125437,1.395372006279701,0.0010379118249999983,0.005098269,true,true,true,true
15,holdout__holdout_02__teb__tau_y_300,holdout,holdout_02,teb,tau_y_300,f1c8fd861651f70500a8a3341a4fd79820a6f66c02609af9d8137fd2b70d947b,true,true,external_tolerance,external_tolerance,false,0,355,1773,0.07974626167882176,0.08816966610984629,17.729999999999972,17.729999999999972,6.088419908686212,0.0570948180817622,0.008796943580281689,0.03107173,true,true,true,true
16,holdout__holdout_17__dwa__delay_100,holdout,holdout_17,dwa,delay_100,f1c8fd861651f70500a8a3341a4fd79820a6f66c02609af9d8137fd2b70d947b,true,false,logical_timeout,duration,false,0,600,3000,4.799886964378005,0.05644748660638437,30.00000000000189,30.00000000000189,0.10753009517542378,0.3647369699700279,0.0009570625583333328,0.00388839,true,true,true,true
17,holdout__holdout_06__dwa__delay_050,holdout,holdout_06,dwa,delay_050,f1c8fd861651f70500a8a3341a4fd79820a6f66c02609af9d8137fd2b70d947b,true,false,plugin returned no valid velocity command,plugin returned no valid velocity command,false,1,32,160,4.789388221964771,0.03296052641235291,1.6000000000000012,1.6000000000000012,0.060793762754946544,0.7454999999999998,0.0022619347575757575,0.005347381,true,true,true,true
18,discovery__discovery_06__teb__tau_y_300,discovery,discovery_06,teb,tau_y_300,f1c8fd861651f70500a8a3341a4fd79820a6f66c02609af9d8137fd2b70d947b,true,true,external_tolerance,external_tolerance,false,0,342,1706,0.026325424011185615,0.09613366625936413,17.059999999999867,17.059999999999867,6.634754150945979,0.18090760651923,0.011974316476608191,0.033229955,true,true,true,true
19,discovery__discovery_03__dwa__tau_x_100,discovery,discovery_03,dwa,tau_x_100,f1c8fd861651f70500a8a3341a4fd79820a6f66c02609af9d8137fd2b70d947b,true,false,logical_timeout,duration,false,0,600,3000,4.797483142941365,0.17249995505462704,30.00000000000189,30.00000000000189,0.08024138001756845,0.5767083318281437,0.0009815211683333344,0.006404808,true,true,true,true
20,holdout__holdout_11__dwa__delay_100,holdout,holdout_11,dwa,delay_100,f1c8fd861651f70500a8a3341a4fd79820a6f66c02609af9d8137fd2b70d947b,true,false,plugin returned no valid velocity command,plugin returned no valid velocity command,false,1,407,2035,2.2344273959556475,0.9112497322261848,20.35000000000038,20.35000000000038,2.7449775636456004,0.05410103591295614,0.00285161681617647,0.016448932,true,true,true,true
21,holdout__holdout_10__teb__delay_100,holdout,holdout_10,teb,delay_100,f1c8fd861651f70500a8a3341a4fd79820a6f66c02609af9d8137fd2b70d947b,true,true,external_tolerance,external_tolerance,false,0,287,1435,0.0789561834827328,0.09388776194269702,14.349999999999739,14.349999999999739,5.548080260972119,0.14677238293837433,0.009038942999999999,0.027988953,true,true,true,true
22,discovery__discovery_04__dwa__tau_y_500,discovery,discovery_04,dwa,tau_y_500,f1c8fd861651f70500a8a3341a4fd79820a6f66c02609af9d8137fd2b70d947b,true,false,logical_timeout,duration,false,0,600,3000,3.385950773140329,0.9015791173325791,30.00000000000189,30.00000000000189,1.9811704136325994,0.11274412537007457,0.0025972414650000004,0.021112401,true,true,true,true
23,discovery__discovery_09__dwa__tau_w_100,discovery,discovery_09,dwa,tau_w_100,f1c8fd861651f70500a8a3341a4fd79820a6f66c02609af9d8137fd2b70d947b,true,false,logical_timeout,duration,false,0,600,3000,4.79937960160367,0.1284129193457563,30.00000000000189,30.00000000000189,0.10350131892526561,0.45974428749575247,0.0009803380383333333,0.003767569,true,true,true,true
24,holdout__holdout_03__teb__tau_y_300,holdout,holdout_03,teb,tau_y_300,f1c8fd861651f70500a8a3341a4fd79820a6f66c02609af9d8137fd2b70d947b,true,true,external_tolerance,external_tolerance,false,0,286,1428,0.07953127435978849,0.08656878489981068,14.27999999999974,14.27999999999974,5.3475900640984575,0.1416487393030169,0.008616238996503489,0.028451067,true,true,true,true
25,holdout__holdout_06__dwa__e0,holdout,holdout_06,dwa,e0,f1c8fd861651f70500a8a3341a4fd79820a6f66c02609af9d8137fd2b70d947b,true,false,logical_timeout,duration,false,0,600,3000,4.750728787406146,0.002960665189466522,30.00000000000189,30.00000000000189,0.29686420154556653,0.7454999999999998,0.0015166753866666667,0.008725415,true,true,true,true
26,holdout__holdout_15__teb__e0,holdout,holdout_15,teb,e0,f1c8fd861651f70500a8a3341a4fd79820a6f66c02609af9d8137fd2b70d947b,true,true,external_tolerance,external_tolerance,false,0,222,1108,0.07625316366816433,0.09801373641756882,11.079999999999808,11.079999999999808,4.965196530622168,0.23047069839367157,0.010237168675675683,0.031636483,true,true,true,true
27,discovery__discovery_14__teb__e0,discovery,discovery_14,teb,e0,f1c8fd861651f70500a8a3341a4fd79820a6f66c02609af9d8137fd2b70d947b,true,true,external_tolerance,external_tolerance,false,0,226,1128,0.07842503001779307,0.06642071524030958,11.279999999999804,11.279999999999804,5.18419192804656,0.06559892844010878,0.008720836876106192,0.02783887,true,true,true,true
28,holdout__holdout_10__dwa__tau_w_100,holdout,holdout_10,dwa,tau_w_100,f1c8fd861651f70500a8a3341a4fd79820a6f66c02609af9d8137fd2b70d947b,true,false,logical_timeout,duration,false,0,600,3000,4.79937960160367,0.1284129193457563,30.00000000000189,30.00000000000189,0.10350131892526561,0.7814040130114593,0.0012677635716666668,0.004661258,true,true,true,true
29,holdout__holdout_02__teb__tau_x_100,holdout,holdout_02,teb,tau_x_100,f1c8fd861651f70500a8a3341a4fd79820a6f66c02609af9d8137fd2b70d947b,true,true,external_tolerance,external_tolerance,false,0,258,1288,0.06687095420934973,0.09909277784469593,12.87999999999977,12.87999999999977,5.738083438711129,0.06416072092652059,0.010936786096899232,0.033106471,true,true,true,true
30,holdout__holdout_06__teb__tau_x_100,holdout,holdout_06,teb,tau_x_100,f1c8fd861651f70500a8a3341a4fd79820a6f66c02609af9d8137fd2b70d947b,true,true,external_tolerance,external_tolerance,false,0,270,1350,0.04909383807687167,0.09719963466632349,13.499999999999757,13.499999999999757,5.906877435682108,0.1217122142379937,0.012154228829629635,0.035915916,true,true,true,true
31,discovery__discovery_17__dwa__tau_x_100,discovery,discovery_17,dwa,tau_x_100,f1c8fd861651f70500a8a3341a4fd79820a6f66c02609af9d8137fd2b70d947b,true,false,logical_timeout,duration,false,0,600,3000,4.797483142941365,0.17249995505462704,30.00000000000189,30.00000000000189,0.08024138001756845,1.4699377881288886,0.0014791475133333319,0.004603302,true,true,true,true
32,discovery__discovery_06__dwa__tau_w_300,discovery,discovery_06,dwa,tau_w_300,f1c8fd861651f70500a8a3341a4fd79820a6f66c02609af9d8137fd2b70d947b,true,false,logical_timeout,duration,false,0,600,3000,0.5075155437790944,2.490085870565169,30.00000000000189,30.00000000000189,6.751955661632554,0.03412135663537698,0.004324852066666668,0.019537534,true,true,true,true
33,holdout__holdout_14__dwa__e0,holdout,holdout_14,dwa,e0,f1c8fd861651f70500a8a3341a4fd79820a6f66c02609af9d8137fd2b70d947b,true,false,logical_timeout,duration,false,0,600,3000,4.800342967782957,0.05052643037205333,30.00000000000189,30.00000000000189,0.08043681154258775,0.6966043696988299,0.0013938360833333323,0.004802878,true,true,true,true
34,discovery__discovery_12__dwa__delay_200,discovery,discovery_12,dwa,delay_200,f1c8fd861651f70500a8a3341a4fd79820a6f66c02609af9d8137fd2b70d947b,true,false,logical_timeout,duration,false,0,600,3000,4.798693959698342,0.10914475896004373,30.00000000000189,30.00000000000189,0.11073616392538553,0.7642902261488295,0.001288858496666666,0.004690989,true,true,true,true
35,discovery__discovery_01__teb__tau_y_150,discovery,discovery_01,teb,tau_y_150,f1c8fd861651f70500a8a3341a4fd79820a6f66c02609af9d8137fd2b70d947b,true,true,external_tolerance,external_tolerance,false,0,267,1334,0.03433436017487294,0.09948514018072449,13.33999999999976,13.33999999999976,5.512201808352739,0.03417137066956233,0.00855134831460674,0.029915839,true,true,true,true
36,holdout__holdout_05__dwa__e0,holdout,holdout_05,dwa,e0,f1c8fd861651f70500a8a3341a4fd79820a6f66c02609af9d8137fd2b70d947b,true,false,logical_timeout,duration,false,0,600,3000,4.800342967782957,0.05052643037205333,30.00000000000189,30.00000000000189,0.08043681154258775,0.9210500412375878,0.001595683295,0.006088685,true,true,true,true
37,holdout__holdout_13__dwa__delay_100,holdout,holdout_13,dwa,delay_100,f1c8fd861651f70500a8a3341a4fd79820a6f66c02609af9d8137fd2b70d947b,true,true,external_tolerance,external_tolerance,false,0,517,2585,0.07933680640947587,0.06893695954500331,25.85000000000124,25.85000000000124,5.131759102488289,0.05024248027644647,0.003469942765957448,0.017182442,true,true,true,true
38,holdout__holdout_05__dwa__delay_050,holdout,holdout_05,dwa,delay_050,f1c8fd861651f70500a8a3341a4fd79820a6f66c02609af9d8137fd2b70d947b,true,false,logical_timeout,duration,false,0,600,3000,4.800409713394666,0.05368432774527802,30.00000000000189,30.00000000000189,0.10330025774373841,0.9210500412375878,0.001425504068333334,0.004554716,true,true,true,true
39,discovery__discovery_20__dwa__e0,discovery,discovery_20,dwa,e0,f1c8fd861651f70500a8a3341a4fd79820a6f66c02609af9d8137fd2b70d947b,true,false,logical_timeout,duration,false,0,600,3000,4.750728787406146,0.002960665189466522,30.00000000000189,30.00000000000189,0.29686420154556653,0.6011354567806844,0.0014797655600000002,0.009444142,true,true,true,true
40,holdout__holdout_17__dwa__tau_y_150,holdout,holdout_17,dwa,tau_y_150,f1c8fd861651f70500a8a3341a4fd79820a6f66c02609af9d8137fd2b70d947b,true,false,logical_timeout,duration,false,0,600,3000,2.6255988761402587,0.9286636412045788,30.00000000000189,30.00000000000189,2.856385644144798,0.09018968475690524,0.002972462796666669,0.017968735,true,true,true,true
41,discovery__discovery_02__teb__tau_w_100,discovery,discovery_02,teb,tau_w_100,f1c8fd861651f70500a8a3341a4fd79820a6f66c02609af9d8137fd2b70d947b,true,true,external_tolerance,external_tolerance,false,0,242,1206,0.0331034105372891,0.09968102152381875,12.059999999999787,12.059999999999787,5.217502132380019,0.13846707687165077,0.009569117590909093,0.028102093,true,true,true,true
42,discovery__discovery_02__teb__delay_200,discovery,discovery_02,teb,delay_200,f1c8fd861651f70500a8a3341a4fd79820a6f66c02609af9d8137fd2b70d947b,true,true,external_tolerance,external_tolerance,false,0,355,1774,0.056014837058700535,0.09856855136160339,17.739999999999974,17.739999999999974,5.594514204300685,0.09249934595366717,0.010030208892957755,0.028473565,true,true,true,true
43,discovery__discovery_08__dwa__tau_x_100,discovery,discovery_08,dwa,tau_x_100,f1c8fd861651f70500a8a3341a4fd79820a6f66c02609af9d8137fd2b70d947b,true,false,logical_timeout,duration,false,0,600,3000,4.797483142941365,0.17249995505462704,30.00000000000189,30.00000000000189,0.08024138001756845,0.7417969649864018,0.0012887388466666695,0.007029403,true,true,true,true
44,discovery__discovery_13__dwa__delay_050,discovery,discovery_13,dwa,delay_050,f1c8fd861651f70500a8a3341a4fd79820a6f66c02609af9d8137fd2b70d947b,true,false,logical_timeout,duration,false,0,600,3000,4.6481919376168515,0.7612495497893447,30.00000000000189,30.00000000000189,0.7099289120709465,0.31788852870268336,0.0024813882466666686,0.013405824,true,true,true,true
45,holdout__holdout_09__teb__e0,holdout,holdout_09,teb,e0,f1c8fd861651f70500a8a3341a4fd79820a6f66c02609af9d8137fd2b70d947b,true,true,external_tolerance,external_tolerance,false,0,219,1093,0.07986169047598787,0.0049790220005576005,10.929999999999811,10.929999999999811,5.001579593046495,0.10665679417426092,0.010187329643835605,0.030027431,true,true,true,true
46,holdout__holdout_16__dwa__delay_100,holdout,holdout_16,dwa,delay_100,f1c8fd861651f70500a8a3341a4fd79820a6f66c02609af9d8137fd2b70d947b,true,true,external_tolerance,external_tolerance,false,0,541,2705,0.06749678428037695,0.09933202885994015,27.05000000000143,27.05000000000143,5.00279665013178,0.02326284185066374,0.0034045521423290196,0.01745585,true,true,true,true
47,discovery__discovery_13__dwa__tau_w_100,discovery,discovery_13,dwa,tau_w_100,f1c8fd861651f70500a8a3341a4fd79820a6f66c02609af9d8137fd2b70d947b,true,false,logical_timeout,duration,false,0,600,3000,4.846350580980265,0.6869759746551225,30.00000000000189,30.00000000000189,0.42427196801886025,0.4243614309326466,0.002106736724999999,0.017331905,true,true,true,true
48,discovery__discovery_14__teb__tau_x_100,discovery,discovery_14,teb,tau_x_100,f1c8fd861651f70500a8a3341a4fd79820a6f66c02609af9d8137fd2b70d947b,true,true,external_tolerance,external_tolerance,false,0,229,1144,0.07884042869769138,0.02750949561396747,11.4399999999998,11.4399999999998,5.1609103350019545,0.0566704499664068,0.008894016633187776,0.028390079,true,true,true,true
49,discovery__discovery_03__teb__tau_y_500,discovery,discovery_03,teb,tau_y_500,f1c8fd861651f70500a8a3341a4fd79820a6f66c02609af9d8137fd2b70d947b,true,true,external_tolerance,external_tolerance,false,0,395,1973,0.03869031649312744,0.09814021232370425,19.730000000000285,19.730000000000285,6.146962816870339,0.10586019696974774,0.010401961698734167,0.030451703,true,true,true,true
50,holdout__holdout_13__dwa__delay_200,holdout,holdout_13,dwa,delay_200,f1c8fd861651f70500a8a3341a4fd79820a6f66c02609af9d8137fd2b70d947b,true,false,logical_timeout,duration,false,0,600,3000,0.20728939116181996,0.4450657502589424,30.00000000000189,30.00000000000189,5.185650348653374,0.05830548521819694,0.003063168904999999,0.018218354,true,true,true,true
51,holdout__holdout_16__teb__tau_w_100,holdout,holdout_16,teb,tau_w_100,f1c8fd861651f70500a8a3341a4fd79820a6f66c02609af9d8137fd2b70d947b,true,true,external_tolerance,external_tolerance,false,0,243,1211,0.044868419648744176,0.09988555488845238,12.109999999999786,12.109999999999786,5.035352984482705,0.17523988757932932,0.00949834799176955,0.031380584,true,true,true,true
52,holdout__holdout_20__dwa__delay_050,holdout,holdout_20,dwa,delay_050,f1c8fd861651f70500a8a3341a4fd79820a6f66c02609af9d8137fd2b70d947b,true,false,plugin returned no valid velocity command,plugin returned no valid velocity command,false,1,32,160,4.789388221964771,0.03296052641235291,1.6000000000000012,1.6000000000000012,0.060793762754946544,0.6549420647886863,0.00247186706060606,0.006428293,true,true,true,true
53,holdout__holdout_19__teb__tau_x_100,holdout,holdout_19,teb,tau_x_100,f1c8fd861651f70500a8a3341a4fd79820a6f66c02609af9d8137fd2b70d947b,true,true,external_tolerance,external_tolerance,false,0,259,1293,0.056917553498141885,0.09731418445952883,12.929999999999769,12.929999999999769,5.80423649354844,0.18819793327269657,0.009970519088803094,0.032813932,true,true,true,true
54,holdout__holdout_15__teb__tau_x_300,holdout,holdout_15,teb,tau_x_300,f1c8fd861651f70500a8a3341a4fd79820a6f66c02609af9d8137fd2b70d947b,true,true,external_tolerance,external_tolerance,false,0,243,1212,0.07788601598182689,0.07511849975538527,12.119999999999786,12.119999999999786,4.966388129657567,0.21721383586065918,0.011388318518518521,0.030951615,true,true,true,true
55,holdout__holdout_09__teb__delay_100,holdout,holdout_09,teb,delay_100,f1c8fd861651f70500a8a3341a4fd79820a6f66c02609af9d8137fd2b70d947b,true,true,external_tolerance,external_tolerance,false,0,246,1228,0.07909189409844938,0.0077312890585619475,12.279999999999783,12.279999999999783,5.145287202355509,0.089490387878553,0.009823847439024392,0.033599969,true,true,true,true
56,discovery__discovery_10__dwa__delay_100,discovery,discovery_10,dwa,delay_100,f1c8fd861651f70500a8a3341a4fd79820a6f66c02609af9d8137fd2b70d947b,true,false,plugin returned no valid velocity command,plugin returned no valid velocity command,false,1,18,90,4.802163523541085,0.020328943757340328,0.9000000000000006,0.9000000000000006,0.09974331800254929,0.804564807753719,0.002660332,0.004711475,true,true,true,true
57,holdout__holdout_11__teb__tau_y_150,holdout,holdout_11,teb,tau_y_150,f1c8fd861651f70500a8a3341a4fd79820a6f66c02609af9d8137fd2b70d947b,true,true,external_tolerance,external_tolerance,false,0,253,1262,0.06661859114785307,0.09479408182664059,12.619999999999775,12.619999999999775,5.3194422092814335,0.14449855139258924,0.009706182446640324,0.031108296,true,true,true,true
58,holdout__holdout_19__teb__e0,holdout,holdout_19,teb,e0,f1c8fd861651f70500a8a3341a4fd79820a6f66c02609af9d8137fd2b70d947b,true,true,external_tolerance,external_tolerance,false,0,253,1263,0.06839033039648638,0.09930410927450152,12.629999999999775,12.629999999999775,5.850540512837096,0.2032814155752695,0.010102969664031625,0.02884578,true,true,true,true
59,discovery__discovery_12__dwa__tau_w_300,discovery,discovery_12,dwa,tau_w_300,f1c8fd861651f70500a8a3341a4fd79820a6f66c02609af9d8137fd2b70d947b,true,false,logical_timeout,duration,false,0,600,3000,3.1001515406607205,0.6896531168018996,30.00000000000189,30.00000000000189,2.08852044431305,0.1529731992513086,0.002356108534999999,0.01729956,true,true,true,true
60,discovery__discovery_19__dwa__tau_w_300,discovery,discovery_19,dwa,tau_w_300,f1c8fd861651f70500a8a3341a4fd79820a6f66c02609af9d8137fd2b70d947b,true,false,logical_timeout,duration,false,0,600,3000,3.2963625475449816,1.2765345870531277,30.00000000000189,30.00000000000189,3.170654818668046,0.09645807344228094,0.0032854022999999994,0.023481818,true,true,true,true
61,holdout__holdout_12__dwa__tau_y_500,holdout,holdout_12,dwa,tau_y_500,f1c8fd861651f70500a8a3341a4fd79820a6f66c02609af9d8137fd2b70d947b,true,false,logical_timeout,duration,false,0,600,3000,4.797485535329291,0.16342103560456253,30.00000000000189,30.00000000000189,0.14694983650681062,0.4672289926660988,0.0013354547866666678,0.010394499,true,true,true,true
62,discovery__discovery_06__teb__delay_100,discovery,discovery_06,teb,delay_100,f1c8fd861651f70500a8a3341a4fd79820a6f66c02609af9d8137fd2b70d947b,true,true,external_tolerance,external_tolerance,false,0,373,1861,0.04543700763254158,0.09326737396920726,18.61000000000011,18.61000000000011,6.734304921513844,0.17347280525269604,0.012180997528150137,0.03294921,true,true,true,true
63,holdout__holdout_08__teb__tau_w_100,holdout,holdout_08,teb,tau_w_100,f1c8fd861651f70500a8a3341a4fd79820a6f66c02609af9d8137fd2b70d947b,true,true,external_tolerance,external_tolerance,false,0,274,1367,0.0707630292916984,0.09355958506995397,13.669999999999753,13.669999999999753,5.949206766914254,0.164240519849288,0.010386770021897817,0.030036654,true,true,true,true
64,discovery__discovery_14__teb__tau_x_300,discovery,discovery_14,teb,tau_x_300,f1c8fd861651f70500a8a3341a4fd79820a6f66c02609af9d8137fd2b70d947b,true,true,external_tolerance,external_tolerance,false,0,245,1222,0.07882741935975336,0.032331544868899435,12.219999999999784,12.219999999999784,5.197282858747763,0.07310233661107365,0.009319649130612246,0.027088878,true,true,true,true
65,discovery__discovery_03__dwa__tau_y_300,discovery,discovery_03,dwa,tau_y_300,f1c8fd861651f70500a8a3341a4fd79820a6f66c02609af9d8137fd2b70d947b,true,false,logical_timeout,duration,false,0,600,3000,4.799915338987383,0.05526327701212631,30.00000000000189,30.00000000000189,0.1320295164372248,0.5767083318281437,0.0008939703516666673,0.003832755,true,true,true,true
66,holdout__holdout_07__dwa__delay_100,holdout,holdout_07,dwa,delay_100,f1c8fd861651f70500a8a3341a4fd79820a6f66c02609af9d8137fd2b70d947b,true,false,plugin returned no valid velocity command,plugin returned no valid velocity command,false,1,345,1725,3.7256013182042778,0.8992105143470782,17.249999999999897,17.249999999999897,1.1950307786529668,0.21510587228582817,0.0023392619537572256,0.016534646,true,true,true,true
67,discovery__discovery_15__teb__tau_y_500,discovery,discovery_15,teb,tau_y_500,f1c8fd861651f70500a8a3341a4fd79820a6f66c02609af9d8137fd2b70d947b,true,true,external_tolerance,external_tolerance,false,0,427,2133,0.07991895245007312,0.05911785983163863,21.330000000000535,21.330000000000535,6.426242469808451,0.0302452078602239,0.010316270477751757,0.033943594,true,true,true,true
68,holdout__holdout_12__teb__delay_100,holdout,holdout_12,teb,delay_100,f1c8fd861651f70500a8a3341a4fd79820a6f66c02609af9d8137fd2b70d947b,true,true,external_tolerance,external_tolerance,false,0,250,1247,0.06335448589061932,0.0957920145570963,12.469999999999779,12.469999999999779,5.200231915316513,0.10184577518757439,0.009898381248000005,0.032046216,true,true,true,true
69,holdout__holdout_06__teb__tau_y_150,holdout,holdout_06,teb,tau_y_150,f1c8fd861651f70500a8a3341a4fd79820a6f66c02609af9d8137fd2b70d947b,true,true,external_tolerance,external_tolerance,false,0,283,1415,0.05991816272270342,0.09614910579202807,14.149999999999743,14.149999999999743,6.0421824286243595,0.05624798688266727,0.011547664897526504,0.035147451,true,true,true,true
70,holdout__holdout_03__teb__tau_y_150,holdout,holdout_03,teb,tau_y_150,f1c8fd861651f70500a8a3341a4fd79820a6f66c02609af9d8137fd2b70d947b,true,true,external_tolerance,external_tolerance,false,0,275,1373,0.07987752476729737,0.06960207954788065,13.729999999999752,13.729999999999752,5.502592425452643,0.15356891363595565,0.009291203690909097,0.029512429,true,true,true,true
71,discovery__discovery_11__dwa__tau_y_300,discovery,discovery_11,dwa,tau_y_300,f1c8fd861651f70500a8a3341a4fd79820a6f66c02609af9d8137fd2b70d947b,true,true,external_tolerance,external_tolerance,false,0,524,2619,0.07416992468281554,0.09973017942277235,26.190000000001294,26.190000000001294,6.2068551990044565,0.18928561772772792,0.0038364261679389305,0.018671001,true,true,true,true
72,discovery__discovery_08__teb__tau_y_300,discovery,discovery_08,teb,tau_y_300,f1c8fd861651f70500a8a3341a4fd79820a6f66c02609af9d8137fd2b70d947b,true,true,external_tolerance,external_tolerance,false,0,274,1369,0.07981159112397457,0.04417148376128648,13.689999999999753,13.689999999999753,5.229784577290072,0.15787589603012406,0.008562358554744529,0.027139567,true,true,true,true
73,holdout__holdout_04__dwa__tau_x_100,holdout,holdout_04,dwa,tau_x_100,f1c8fd861651f70500a8a3341a4fd79820a6f66c02609af9d8137fd2b70d947b,true,false,logical_timeout,duration,false,0,600,3000,4.749535392668288,0.06611854834728821,30.00000000000189,30.00000000000189,0.11273341326251649,0.5294157630008397,0.001362536465000001,0.006201652,true,true,true,true
74,holdout__holdout_03__dwa__tau_x_300,holdout,holdout_03,dwa,tau_x_300,f1c8fd861651f70500a8a3341a4fd79820a6f66c02609af9d8137fd2b70d947b,true,false,logical_timeout,duration,false,0,600,3000,4.7987688891493585,0.06828936295412627,30.00000000000189,30.00000000000189,0.05226722964506285,0.44028356828152276,0.0011736358700000006,0.004423198,true,true,true,true
75,holdout__holdout_15__teb__tau_w_100,holdout,holdout_15,teb,tau_w_100,f1c8fd861651f70500a8a3341a4fd79820a6f66c02609af9d8137fd2b70d947b,true,true,external_tolerance,external_tolerance,false,0,251,1252,0.05984384514416764,0.09723951233594666,12.519999999999778,12.519999999999778,4.961178871334012,0.2310304192912901,0.010560163318725101,0.032171968,true,true,true,true
76,discovery__discovery_19__dwa__e0,discovery,discovery_19,dwa,e0,f1c8fd861651f70500a8a3341a4fd79820a6f66c02609af9d8137fd2b70d947b,true,false,logical_timeout,duration,false,0,600,3000,3.34736673311757,0.7110372737888087,30.00000000000189,30.00000000000189,3.1934470087008786,0.06352370778690548,0.003498154578333333,0.024416581,true,true,true,true
77,holdout__holdout_12__teb__tau_y_150,holdout,holdout_12,teb,tau_y_150,f1c8fd861651f70500a8a3341a4fd79820a6f66c02609af9d8137fd2b70d947b,true,true,external_tolerance,external_tolerance,false,0,245,1224,0.07853363452032323,0.051185136067188906,12.239999999999783,12.239999999999783,5.221037607230482,0.12542414754303755,0.009816340779591839,0.029503596,true,true,true,true
78,discovery__discovery_13__teb__tau_y_150,discovery,discovery_13,teb,tau_y_150,f1c8fd861651f70500a8a3341a4fd79820a6f66c02609af9d8137fd2b70d947b,true,true,external_tolerance,external_tolerance,false,0,247,1233,0.06569252315018248,0.0959910852320365,12.329999999999782,12.329999999999782,5.512824116720483,0.20423399596110628,0.0097652162388664,0.027934498,true,true,true,true
79,holdout__holdout_11__teb__tau_w_300,holdout,holdout_11,teb,tau_w_300,f1c8fd861651f70500a8a3341a4fd79820a6f66c02609af9d8137fd2b70d947b,true,true,external_tolerance,external_tolerance,false,0,325,1621,0.02885115649913957,0.09843690747984114,16.209999999999734,16.209999999999734,5.247940761230301,0.15723020803457205,0.00931048181538462,0.029540622,true,true,true,true
80,holdout__holdout_04__dwa__e0,holdout,holdout_04,dwa,e0,f1c8fd861651f70500a8a3341a4fd79820a6f66c02609af9d8137fd2b70d947b,true,false,logical_timeout,duration,false,0,600,3000,3.4372139852061556,0.6625660443678506,30.00000000000189,30.00000000000189,1.9098349966012036,0.060852266956320435,0.0021300463750000037,0.02308325,true,true,true,true
81,holdout__holdout_17__dwa__e0,holdout,holdout_17,dwa,e0,f1c8fd861651f70500a8a3341a4fd79820a6f66c02609af9d8137fd2b70d947b,true,false,logical_timeout,duration,false,0,600,3000,4.800342967782957,0.05052643037205333,30.00000000000189,30.00000000000189,0.08043681154258775,0.38289520206218225,0.0011534575549999996,0.003752345,true,true,true,true
82,holdout__holdout_20__dwa__delay_200,holdout,holdout_20,dwa,delay_200,f1c8fd861651f70500a8a3341a4fd79820a6f66c02609af9d8137fd2b70d947b,true,false,plugin returned no valid velocity command,plugin returned no valid velocity command,false,1,472,2360,2.976430986122181,0.8879605018461636,23.60000000000089,23.60000000000089,1.9595429689996071,0.12132189992093212,0.002354500596194503,0.016266556,true,true,true,true
83,holdout__holdout_08__dwa__e0,holdout,holdout_08,dwa,e0,f1c8fd861651f70500a8a3341a4fd79820a6f66c02609af9d8137fd2b70d947b,true,false,logical_timeout,duration,false,0,600,3000,4.800342967782957,0.05052643037205333,30.00000000000189,30.00000000000189,0.08043681154258775,0.5304484433093017,0.0012209121883333313,0.005162566,true,true,true,true
84,discovery__discovery_11__teb__tau_x_300,discovery,discovery_11,teb,tau_x_300,f1c8fd861651f70500a8a3341a4fd79820a6f66c02609af9d8137fd2b70d947b,true,true,external_tolerance,external_tolerance,false,0,342,1708,0.0776728554428146,0.02909154726383095,17.07999999999987,17.07999999999987,6.287682556100659,0.06043241535591497,0.00955205207017543,0.035413781,true,true,true,true
85,holdout__holdout_13__teb__tau_w_300,holdout,holdout_13,teb,tau_w_300,f1c8fd861651f70500a8a3341a4fd79820a6f66c02609af9d8137fd2b70d947b,true,true,external_tolerance,external_tolerance,false,0,341,1702,0.04385155530118739,0.0965531505724443,17.01999999999986,17.01999999999986,5.099009849458407,0.14272200029984816,0.008580117516129034,0.029885736,true,true,true,true
86,discovery__discovery_08__teb__tau_w_100,discovery,discovery_08,teb,tau_w_100,f1c8fd861651f70500a8a3341a4fd79820a6f66c02609af9d8137fd2b70d947b,true,true,external_tolerance,external_tolerance,false,0,235,1174,0.06294786418098854,0.09848223537309297,11.739999999999794,11.739999999999794,5.123119482186174,0.1760686217565947,0.009119524170212766,0.030861721,true,true,true,true
87,discovery__discovery_06__teb__tau_x_300,discovery,discovery_06,teb,tau_x_300,f1c8fd861651f70500a8a3341a4fd79820a6f66c02609af9d8137fd2b70d947b,true,true,external_tolerance,external_tolerance,false,0,386,1928,0.07904813733349213,0.05286607901784973,19.280000000000214,19.280000000000214,6.973744057466727,0.18195998131954574,0.011875451849740933,0.034291817,true,true,true,true
88,discovery__discovery_16__teb__tau_y_300,discovery,discovery_16,teb,tau_y_300,f1c8fd861651f70500a8a3341a4fd79820a6f66c02609af9d8137fd2b70d947b,true,true,external_tolerance,external_tolerance,false,0,309,1543,0.07511689544068406,0.0985813142964998,15.429999999999715,15.429999999999715,6.078219629011574,0.16486625772377012,0.011134212135922328,0.033155683,true,true,true,true
89,holdout__holdout_16__teb__e0,holdout,holdout_16,teb,e0,f1c8fd861651f70500a8a3341a4fd79820a6f66c02609af9d8137fd2b70d947b,true,true,external_tolerance,external_tolerance,false,0,223,1115,0.06430988906898327,0.0959609477425158,11.149999999999807,11.149999999999807,5.02612241570375,0.17476053419175605,0.009528392946188341,0.031019326,true,true,true,true
90,discovery__discovery_15__teb__tau_w_100,discovery,discovery_15,teb,tau_w_100,f1c8fd861651f70500a8a3341a4fd79820a6f66c02609af9d8137fd2b70d947b,true,true,external_tolerance,external_tolerance,false,0,299,1491,0.07773503767584948,0.09091229159116289,14.909999999999727,14.909999999999727,6.126452519848916,0.14967601297300775,0.011225007732441464,0.035612717,true,true,true,true
91,holdout__holdout_15__dwa__delay_050,holdout,holdout_15,dwa,delay_050,f1c8fd861651f70500a8a3341a4fd79820a6f66c02609af9d8137fd2b70d947b,true,false,logical_timeout,duration,false,0,600,3000,4.800409713394666,0.05368432774527802,30.00000000000189,30.00000000000189,0.10330025774373841,0.697775819605341,0.0014651996500000015,0.004676042,true,true,true,true
92,holdout__holdout_12__teb__delay_200,holdout,holdout_12,teb,delay_200,f1c8fd861651f70500a8a3341a4fd79820a6f66c02609af9d8137fd2b70d947b,true,true,external_tolerance,external_tolerance,false,0,299,1494,0.06696058582613447,0.09918433232214742,14.939999999999726,14.939999999999726,5.338153865293756,0.13421220022449382,0.009955945909699006,0.036328406,true,true,true,true
93,discovery__discovery_05__teb__delay_050,discovery,discovery_05,teb,delay_050,f1c8fd861651f70500a8a3341a4fd79820a6f66c02609af9d8137fd2b70d947b,true,true,external_tolerance,external_tolerance,false,0,294,1467,0.018994235549275283,0.09653341635811971,14.669999999999732,14.669999999999732,6.302591386703066,0.19469865260561234,0.010746069207482984,0.031853218,true,true,true,true
94,holdout__holdout_11__teb__delay_100,holdout,holdout_11,teb,delay_100,f1c8fd861651f70500a8a3341a4fd79820a6f66c02609af9d8137fd2b70d947b,true,true,external_tolerance,external_tolerance,false,0,288,1440,0.06097687902405086,0.09261681010933255,14.399999999999737,14.399999999999737,5.305997390592627,0.16521305903217978,0.010066250399305567,0.0314602,true,true,true,true
95,holdout__holdout_05__teb__delay_050,holdout,holdout_05,teb,delay_050,f1c8fd861651f70500a8a3341a4fd79820a6f66c02609af9d8137fd2b70d947b,true,true,external_tolerance,external_tolerance,false,0,243,1212,0.07693154828319144,0.019603685580784597,12.119999999999786,12.119999999999786,5.273937330568528,0.11183191067010755,0.009514859835390946,0.032096919,true,true,true,true
96,holdout__holdout_16__dwa__e0,holdout,holdout_16,dwa,e0,f1c8fd861651f70500a8a3341a4fd79820a6f66c02609af9d8137fd2b70d947b,true,false,logical_timeout,duration,false,0,600,3000,4.750728787406146,0.002960665189466522,30.00000000000189,30.00000000000189,0.29686420154556653,0.597551315350956,0.0015916131366666665,0.005456048,true,true,true,true
97,holdout__holdout_19__dwa__delay_100,holdout,holdout_19,dwa,delay_100,f1c8fd861651f70500a8a3341a4fd79820a6f66c02609af9d8137fd2b70d947b,true,false,plugin returned no valid velocity command,plugin returned no valid velocity command,false,1,43,215,4.782126715165411,0.2623026281595221,2.149999999999998,2.149999999999998,0.022803454559040807,0.49446178709082494,0.00281584425,0.006831117,true,true,true,true
98,discovery__discovery_12__dwa__tau_x_100,discovery,discovery_12,dwa,tau_x_100,f1c8fd861651f70500a8a3341a4fd79820a6f66c02609af9d8137fd2b70d947b,true,false,logical_timeout,duration,false,0,600,3000,4.797483142941365,0.17249995505462704,30.00000000000189,30.00000000000189,0.08024138001756845,0.7612104101039326,0.0013459630483333336,0.003972952,true,true,true,true
99,discovery__discovery_14__dwa__delay_200,discovery,discovery_14,dwa,delay_200,f1c8fd861651f70500a8a3341a4fd79820a6f66c02609af9d8137fd2b70d947b,true,false,logical_timeout,duration,false,0,600,3000,0.12410114877262231,0.43578948827736624,30.00000000000189,30.00000000000189,5.272097263440414,0.04610915385563239,0.0032480219699999985,0.016210578,true,true,true,true
100,holdout__holdout_06__dwa__tau_w_300,holdout,holdout_06,dwa,tau_w_300,f1c8fd861651f70500a8a3341a4fd79820a6f66c02609af9d8137fd2b70d947b,true,false,logical_timeout,duration,false,0,600,3000,3.021389634454535,0.9586944087305528,30.00000000000189,30.00000000000189,2.1309074568165762,0.3129094160206624,0.002459738895000003,0.016499961,true,true,true,true
101,discovery__discovery_11__dwa__tau_y_500,discovery,discovery_11,dwa,tau_y_500,f1c8fd861651f70500a8a3341a4fd79820a6f66c02609af9d8137fd2b70d947b,true,false,logical_timeout,duration,false,0,600,3000,3.3438993336589653,0.6226981346519688,30.00000000000189,30.00000000000189,2.2402668769081666,0.25449789517657234,0.0030997017950000045,0.01728491,true,true,true,true
102,discovery__discovery_11__teb__tau_y_500,discovery,discovery_11,teb,tau_y_500,f1c8fd861651f70500a8a3341a4fd79820a6f66c02609af9d8137fd2b70d947b,true,false,footprint_collision,footprint_collision,true,0,215,1072,1.6552596014273282,0.46610310158636375,10.719999999999816,10.719999999999816,4.108466461327645,0.0,0.013631335781395356,0.033747586,true,true,true,true
103,discovery__discovery_20__teb__delay_200,discovery,discovery_20,teb,delay_200,f1c8fd861651f70500a8a3341a4fd79820a6f66c02609af9d8137fd2b70d947b,true,false,plugin returned no valid velocity command,plugin returned no valid velocity command,false,1,143,715,3.088395565558634,0.23106513677304635,7.149999999999892,7.149999999999892,2.2285988909043293,0.11954505003111038,0.014055498041666673,0.032315781,true,true,true,true
104,discovery__discovery_06__teb__tau_w_300,discovery,discovery_06,teb,tau_w_300,f1c8fd861651f70500a8a3341a4fd79820a6f66c02609af9d8137fd2b70d947b,true,true,external_tolerance,external_tolerance,false,0,471,2353,0.022798068304496186,0.09278113230615005,23.53000000000088,23.53000000000088,6.563496583704724,0.1766638440134153,0.011967159271762205,0.03483975,true,true,true,true
105,holdout__holdout_05__dwa__delay_200,holdout,holdout_05,dwa,delay_200,f1c8fd861651f70500a8a3341a4fd79820a6f66c02609af9d8137fd2b70d947b,true,false,logical_timeout,duration,false,0,600,3000,4.798693959698342,0.10914475896004373,30.00000000000189,30.00000000000189,0.11073616392538553,0.9210500412375878,0.0013776534850000006,0.008402495,true,true,true,true
106,discovery__discovery_08__dwa__tau_y_300,discovery,discovery_08,dwa,tau_y_300,f1c8fd861651f70500a8a3341a4fd79820a6f66c02609af9d8137fd2b70d947b,true,false,logical_timeout,duration,false,0,600,3000,4.799915338987383,0.05526327701212631,30.00000000000189,30.00000000000189,0.1320295164372248,0.7170418537115383,0.0011918545366666675,0.003774382,true,true,true,true
107,holdout__holdout_09__dwa__tau_y_150,holdout,holdout_09,dwa,tau_y_150,f1c8fd861651f70500a8a3341a4fd79820a6f66c02609af9d8137fd2b70d947b,true,true,external_tolerance,external_tolerance,false,0,314,1570,0.07857627969260296,0.09919193241063134,15.69999999999971,15.69999999999971,5.003848444000737,0.07207370170943074,0.005202018117834393,0.022785417,true,true,true,true
108,discovery__discovery_12__dwa__e0,discovery,discovery_12,dwa,e0,f1c8fd861651f70500a8a3341a4fd79820a6f66c02609af9d8137fd2b70d947b,true,false,logical_timeout,duration,false,0,600,3000,4.800342967782957,0.05052643037205333,30.00000000000189,30.00000000000189,0.08043681154258775,0.7744980337831191,0.0013814178966666658,0.003736951,true,true,true,true
109,discovery__discovery_11__dwa__delay_050,discovery,discovery_11,dwa,delay_050,f1c8fd861651f70500a8a3341a4fd79820a6f66c02609af9d8137fd2b70d947b,true,false,plugin returned no valid velocity command,plugin returned no valid velocity command,false,1,416,2080,3.1260763473379485,0.1602631319633214,20.800000000000452,20.800000000000452,2.4090474210290433,0.2228833505611234,0.0025224631223021592,0.01554449,true,true,true,true
110,discovery__discovery_16__dwa__e0,discovery,discovery_16,dwa,e0,f1c8fd861651f70500a8a3341a4fd79820a6f66c02609af9d8137fd2b70d947b,true,true,external_tolerance,external_tolerance,false,0,341,1704,0.07720861542721656,0.09985450063163194,17.039999999999864,17.039999999999864,5.983349324180807,0.05645476605935234,0.0053250253196480924,0.017950955,true,true,true,true
111,holdout__holdout_01__teb__tau_x_300,holdout,holdout_01,teb,tau_x_300,f1c8fd861651f70500a8a3341a4fd79820a6f66c02609af9d8137fd2b70d947b,true,true,external_tolerance,external_tolerance,false,0,267,1333,0.07645660234993855,0.0669694047593152,13.32999999999976,13.32999999999976,5.451471788744524,0.05859861450122322,0.010924730104868913,0.030477417,true,true,true,true
112,discovery__discovery_17__teb__tau_w_300,discovery,discovery_17,teb,tau_w_300,f1c8fd861651f70500a8a3341a4fd79820a6f66c02609af9d8137fd2b70d947b,true,false,plugin returned no valid velocity command,plugin returned no valid velocity command,false,1,131,655,2.713599720262089,0.32829608422861645,6.549999999999905,6.549999999999905,2.6996043368686835,0.07265065894879497,0.013352688651515147,0.029734516,true,true,true,true
113,holdout__holdout_08__dwa__tau_y_500,holdout,holdout_08,dwa,tau_y_500,f1c8fd861651f70500a8a3341a4fd79820a6f66c02609af9d8137fd2b70d947b,true,false,logical_timeout,duration,false,0,600,3000,4.797485535329291,0.16342103560456253,30.00000000000189,30.00000000000189,0.14694983650681062,0.5081682090769482,0.0013535704149999998,0.006342576,true,true,true,true
114,holdout__holdout_17__dwa__tau_x_300,holdout,holdout_17,dwa,tau_x_300,f1c8fd861651f70500a8a3341a4fd79820a6f66c02609af9d8137fd2b70d947b,true,false,logical_timeout,duration,false,0,600,3000,4.7987983755832255,0.06059223231982813,30.00000000000189,30.00000000000189,0.08880162185125437,0.3789200887172612,0.0010257179649999992,0.003782995,true,true,true,true
115,holdout__holdout_20__dwa__tau_y_500,holdout,holdout_20,dwa,tau_y_500,f1c8fd861651f70500a8a3341a4fd79820a6f66c02609af9d8137fd2b70d947b,true,false,logical_timeout,duration,false,0,600,3000,3.1976946153228667,0.8013149807070322,30.00000000000189,30.00000000000189,2.0748885263660575,0.07258472414397454,0.0026570703216666674,0.016833001,true,true,true,true
116,holdout__holdout_11__dwa__tau_y_150,holdout,holdout_11,dwa,tau_y_150,f1c8fd861651f70500a8a3341a4fd79820a6f66c02609af9d8137fd2b70d947b,true,true,external_tolerance,external_tolerance,false,0,352,1758,0.0799571785854058,0.038759844368359206,17.57999999999995,17.57999999999995,5.323959714621785,0.04475856473189294,0.0053420972471590914,0.021644546,true,true,true,true
117,discovery__discovery_19__teb__tau_y_300,discovery,discovery_19,teb,tau_y_300,f1c8fd861651f70500a8a3341a4fd79820a6f66c02609af9d8137fd2b70d947b,true,true,external_tolerance,external_tolerance,false,0,354,1767,0.07641339697854982,0.03526220017553162,17.669999999999963,17.669999999999963,6.735996798708099,0.07018119812053583,0.011313341050847458,0.035516365,true,true,true,true
118,discovery__discovery_14__teb__delay_100,discovery,discovery_14,teb,delay_100,f1c8fd861651f70500a8a3341a4fd79820a6f66c02609af9d8137fd2b70d947b,true,true,external_tolerance,external_tolerance,false,0,265,1322,0.07899288754819463,0.0064835882156242825,13.219999999999763,13.219999999999763,5.276150378073472,0.014278036118498556,0.009110699603773581,0.028407945,true,true,true,true
119,discovery__discovery_05__dwa__tau_x_100,discovery,discovery_05,dwa,tau_x_100,f1c8fd861651f70500a8a3341a4fd79820a6f66c02609af9d8137fd2b70d947b,true,false,logical_timeout,duration,false,0,600,3000,4.797483142941365,0.17249995505462704,30.00000000000189,30.00000000000189,0.08024138001756845,0.7286485452828331,0.0014183855983333315,0.005266544,true,true,true,true
120,holdout__holdout_11__teb__tau_y_500,holdout,holdout_11,teb,tau_y_500,f1c8fd861651f70500a8a3341a4fd79820a6f66c02609af9d8137fd2b70d947b,true,true,external_tolerance,external_tolerance,false,0,360,1796,0.0784271955134144,0.06960616154780454,17.960000000000008,17.960000000000008,5.472714114023536,0.044682382745020725,0.009146622236111115,0.029015145,true,true,true,true
121,holdout__holdout_07__dwa__tau_w_100,holdout,holdout_07,dwa,tau_w_100,f1c8fd861651f70500a8a3341a4fd79820a6f66c02609af9d8137fd2b70d947b,true,false,logical_timeout,duration,false,0,600,3000,4.750198638426072,0.016104288848908594,30.00000000000189,30.00000000000189,0.37930497239196737,0.32721629855414786,0.0014357359583333322,0.005883687,true,true,true,true
122,holdout__holdout_08__teb__tau_x_300,holdout,holdout_08,teb,tau_x_300,f1c8fd861651f70500a8a3341a4fd79820a6f66c02609af9d8137fd2b70d947b,true,true,external_tolerance,external_tolerance,false,0,283,1415,0.07896670337220758,0.09176155551591052,14.149999999999743,14.149999999999743,5.924982790506519,0.1430367626303739,0.010559390498233219,0.030830012,true,true,true,true
123,discovery__discovery_13__dwa__e0,discovery,discovery_13,dwa,e0,f1c8fd861651f70500a8a3341a4fd79820a6f66c02609af9d8137fd2b70d947b,true,false,logical_timeout,duration,false,0,600,3000,4.645680378932575,0.7286835858953757,30.00000000000189,30.00000000000189,0.9792871605104038,0.2878796508457245,0.0021366047983333337,0.012968445,true,true,true,true
124,holdout__holdout_12__dwa__tau_y_150,holdout,holdout_12,dwa,tau_y_150,f1c8fd861651f70500a8a3341a4fd79820a6f66c02609af9d8137fd2b70d947b,true,true,external_tolerance,external_tolerance,false,0,316,1579,0.07708587866948548,0.09926117387674348,15.789999999999708,15.789999999999708,5.059624629420881,0.161045484801137,0.004828963553797467,0.017790063,true,true,true,true
125,discovery__discovery_11__dwa__e0,discovery,discovery_11,dwa,e0,f1c8fd861651f70500a8a3341a4fd79820a6f66c02609af9d8137fd2b70d947b,true,false,logical_timeout,duration,false,0,600,3000,4.802087381230043,0.0047365356236667685,30.00000000000189,30.00000000000189,0.16701177287789892,0.6185,0.0010382952033333333,0.005354331,true,true,true,true
126,discovery__discovery_01__teb__tau_y_500,discovery,discovery_01,teb,tau_y_500,f1c8fd861651f70500a8a3341a4fd79820a6f66c02609af9d8137fd2b70d947b,true,true,external_tolerance,external_tolerance,false,0,298,1487,0.016729520919628725,0.0963873387945345,14.869999999999727,14.869999999999727,5.512403787079953,0.07633850141650896,0.008903614681208056,0.028696385,true,true,true,true
127,discovery__discovery_01__dwa__tau_w_300,discovery,discovery_01,dwa,tau_w_300,f1c8fd861651f70500a8a3341a4fd79820a6f66c02609af9d8137fd2b70d947b,true,true,external_tolerance,external_tolerance,false,0,562,2809,0.07844221282463085,0.09592025341844182,28.09000000000159,28.09000000000159,5.588196961956762,0.1739021974346443,0.0035645058985765174,0.018689506,true,true,true,true
128,holdout__holdout_15__teb__tau_y_150,holdout,holdout_15,teb,tau_y_150,f1c8fd861651f70500a8a3341a4fd79820a6f66c02609af9d8137fd2b70d947b,true,true,external_tolerance,external_tolerance,false,0,235,1172,0.07942990746890884,0.06118852561394641,11.719999999999795,11.719999999999795,4.998822887979887,0.22965615980891643,0.009940912042553185,0.033345721,true,true,true,true
129,discovery__discovery_14__dwa__tau_y_500,discovery,discovery_14,dwa,tau_y_500,f1c8fd861651f70500a8a3341a4fd79820a6f66c02609af9d8137fd2b70d947b,true,false,logical_timeout,duration,false,0,600,3000,1.8603535364341477,0.8539018911454747,30.00000000000189,30.00000000000189,3.5132123842333276,0.14655660179152005,0.0033189345783333326,0.021578918,true,true,true,true
130,holdout__holdout_13__dwa__tau_x_100,holdout,holdout_13,dwa,tau_x_100,f1c8fd861651f70500a8a3341a4fd79820a6f66c02609af9d8137fd2b70d947b,true,false,logical_timeout,duration,false,0,600,3000,4.751622632976504,0.051908026079318347,30.00000000000189,30.00000000000189,0.12779152653451933,0.6772310374969203,0.0012458170516666677,0.004804686,true,true,true,true
131,discovery__discovery_05__teb__tau_w_300,discovery,discovery_05,teb,tau_w_300,f1c8fd861651f70500a8a3341a4fd79820a6f66c02609af9d8137fd2b70d947b,true,true,external_tolerance,external_tolerance,false,0,376,1879,0.04454224713011506,0.09797377588603094,18.790000000000138,18.790000000000138,6.213131951587003,0.16075895964175735,0.009785278510638297,0.030308881,true,true,true,true
132,holdout__holdout_10__teb__delay_050,holdout,holdout_10,teb,delay_050,f1c8fd861651f70500a8a3341a4fd79820a6f66c02609af9d8137fd2b70d947b,true,true,external_tolerance,external_tolerance,false,0,247,1231,0.0772711980859324,0.09303299383919914,12.309999999999782,12.309999999999782,5.394398174483646,0.04720442592273478,0.008417967854251002,0.027005431,true,true,true,true
133,holdout__holdout_04__teb__tau_w_300,holdout,holdout_04,teb,tau_w_300,f1c8fd861651f70500a8a3341a4fd79820a6f66c02609af9d8137fd2b70d947b,true,true,external_tolerance,external_tolerance,false,0,523,2613,0.028667405236912663,0.09630158374315964,26.130000000001285,26.130000000001285,5.689957603445557,0.1701320642792473,0.010961690655831738,0.030685845,true,true,true,true
134,discovery__discovery_19__dwa__tau_y_150,discovery,discovery_19,dwa,tau_y_150,f1c8fd861651f70500a8a3341a4fd79820a6f66c02609af9d8137fd2b70d947b,true,true,external_tolerance,external_tolerance,false,0,376,1879,0.07750312847806184,0.09932854461128998,18.790000000000138,18.790000000000138,6.562281431756557,0.06583844409581795,0.005276515734042552,0.022663321,true,true,true,true
135,discovery__discovery_18__teb__tau_x_100,discovery,discovery_18,teb,tau_x_100,f1c8fd861651f70500a8a3341a4fd79820a6f66c02609af9d8137fd2b70d947b,true,true,external_tolerance,external_tolerance,false,0,285,1422,0.028016609144170323,0.09789749051629318,14.219999999999741,14.219999999999741,6.001142286414572,0.21265929887070045,0.009246536733333335,0.029671538,true,true,true,true
136,holdout__holdout_05__teb__tau_y_150,holdout,holdout_05,teb,tau_y_150,f1c8fd861651f70500a8a3341a4fd79820a6f66c02609af9d8137fd2b70d947b,true,true,external_tolerance,external_tolerance,false,0,271,1351,0.0790583801341914,0.06264937528909056,13.509999999999756,13.509999999999756,5.334155013582802,0.15783401450261092,0.008850478804428045,0.029066226,true,true,true,true
137,discovery__discovery_19__dwa__delay_100,discovery,discovery_19,dwa,delay_100,f1c8fd861651f70500a8a3341a4fd79820a6f66c02609af9d8137fd2b70d947b,true,true,external_tolerance,external_tolerance,false,0,386,1930,0.07765866760972055,0.09976316767966044,19.300000000000217,19.300000000000217,6.674118409145739,0.1474820924343071,0.005414355792746111,0.018755168,true,true,true,true
138,discovery__discovery_01__teb__tau_y_300,discovery,discovery_01,teb,tau_y_300,f1c8fd861651f70500a8a3341a4fd79820a6f66c02609af9d8137fd2b70d947b,true,true,external_tolerance,external_tolerance,false,0,277,1384,0.024665252970343672,0.09846648702085858,13.83999999999975,13.83999999999975,5.500826583369357,0.04757751398646782,0.009343130772563173,0.02710802,true,true,true,true
139,discovery__discovery_20__teb__tau_y_150,discovery,discovery_20,teb,tau_y_150,f1c8fd861651f70500a8a3341a4fd79820a6f66c02609af9d8137fd2b70d947b,true,false,plugin returned no valid velocity command,plugin returned no valid velocity command,false,1,100,500,3.084619294895893,0.18695949882982058,4.999999999999938,4.999999999999938,2.18169500128483,0.12305356018615664,0.013613637881188119,0.030538262,true,true,true,true
140,holdout__holdout_18__teb__tau_x_100,holdout,holdout_18,teb,tau_x_100,f1c8fd861651f70500a8a3341a4fd79820a6f66c02609af9d8137fd2b70d947b,true,true,external_tolerance,external_tolerance,false,0,227,1134,0.049756238385997624,0.09912165727534747,11.339999999999803,11.339999999999803,5.028988597532653,0.14361987471780055,0.012332925321585916,0.035954405,true,true,true,true
141,discovery__discovery_14__teb__delay_200,discovery,discovery_14,teb,delay_200,f1c8fd861651f70500a8a3341a4fd79820a6f66c02609af9d8137fd2b70d947b,true,true,external_tolerance,external_tolerance,false,0,340,1699,0.07931209768396551,0.004741004444980718,16.989999999999856,16.989999999999856,5.360949086899756,0.002440124802262926,0.008207142626470591,0.027822585,true,true,true,true
142,holdout__holdout_19__dwa__tau_y_150,holdout,holdout_19,dwa,tau_y_150,f1c8fd861651f70500a8a3341a4fd79820a6f66c02609af9d8137fd2b70d947b,true,false,logical_timeout,duration,false,0,600,3000,4.4417133504836634,0.8555923056200682,30.00000000000189,30.00000000000189,0.9825796741759477,0.4275799653651002,0.0023805659533333336,0.013452859,true,true,true,true
143,discovery__discovery_03__teb__e0,discovery,discovery_03,teb,e0,f1c8fd861651f70500a8a3341a4fd79820a6f66c02609af9d8137fd2b70d947b,true,true,external_tolerance,external_tolerance,false,0,270,1347,0.020926336741592305,0.09554763636730335,13.469999999999757,13.469999999999757,5.894994067311355,0.13511574428300452,0.009948037229629626,0.029877461,true,true,true,true
144,holdout__holdout_03__dwa__tau_x_100,holdout,holdout_03,dwa,tau_x_100,f1c8fd861651f70500a8a3341a4fd79820a6f66c02609af9d8137fd2b70d947b,true,false,logical_timeout,duration,false,0,600,3000,4.749535392668288,0.06611854834728821,30.00000000000189,30.00000000000189,0.11273341326251649,0.3760947616115824,0.0014533628783333344,0.009153607,true,true,true,true
145,holdout__holdout_17__teb__delay_100,holdout,holdout_17,teb,delay_100,f1c8fd861651f70500a8a3341a4fd79820a6f66c02609af9d8137fd2b70d947b,true,false,plugin returned no valid velocity command,plugin returned no valid velocity command,false,1,76,380,3.402538893096547,0.21315883529979715,3.799999999999963,3.799999999999963,1.4787577178063318,0.16102218630538492,0.015085588064935072,0.027727029,true,true,true,true
146,holdout__holdout_11__dwa__delay_200,holdout,holdout_11,dwa,delay_200,f1c8fd861651f70500a8a3341a4fd79820a6f66c02609af9d8137fd2b70d947b,true,false,logical_timeout,duration,false,0,600,3000,0.18986996866770406,0.5096054203882613,30.00000000000189,30.00000000000189,5.032482042745948,0.0039655100941811735,0.003287899391666665,0.017866304,true,true,true,true
147,holdout__holdout_13__teb__delay_200,holdout,holdout_13,teb,delay_200,f1c8fd861651f70500a8a3341a4fd79820a6f66c02609af9d8137fd2b70d947b,true,true,external_tolerance,external_tolerance,false,0,355,1774,0.07904763780588611,0.07352877685361081,17.739999999999974,17.739999999999974,5.5806872346044125,0.0931383673645235,0.008943156977464797,0.031029148,true,true,true,true
148,discovery__discovery_09__teb__delay_200,discovery,discovery_09,teb,delay_200,f1c8fd861651f70500a8a3341a4fd79820a6f66c02609af9d8137fd2b70d947b,true,true,external_tolerance,external_tolerance,false,0,368,1839,0.079256792920273,0.0181631310115173,18.390000000000075,18.390000000000075,5.773145969869031,0.1565333841627808,0.008512705307065221,0.025643936,true,true,true,true
149,discovery__discovery_02__teb__tau_y_500,discovery,discovery_02,teb,tau_y_500,f1c8fd861651f70500a8a3341a4fd79820a6f66c02609af9d8137fd2b70d947b,true,true,external_tolerance,external_tolerance,false,0,435,2171,0.07966889578257297,0.021502017529550662,21.710000000000594,21.710000000000594,5.786264126144399,0.009863909168587703,0.009726386342528733,0.030160707,true,true,true,true
150,discovery__discovery_07__teb__e0,discovery,discovery_07,teb,e0,f1c8fd861651f70500a8a3341a4fd79820a6f66c02609af9d8137fd2b70d947b,true,true,external_tolerance,external_tolerance,false,0,266,1330,0.013155129464635085,0.09515274670688702,13.299999999999761,13.299999999999761,5.819145429111791,0.17832069678350537,0.010331420639097751,0.030222892,true,true,true,true
151,holdout__holdout_07__dwa__tau_y_500,holdout,holdout_07,dwa,tau_y_500,f1c8fd861651f70500a8a3341a4fd79820a6f66c02609af9d8137fd2b70d947b,true,false,logical_timeout,duration,false,0,600,3000,3.897784436069874,0.8234204088570662,30.00000000000189,30.00000000000189,1.2377179984081932,0.19957163219836865,0.0022544445516666694,0.022502038,true,true,true,true
152,holdout__holdout_17__dwa__tau_y_300,holdout,holdout_17,dwa,tau_y_300,f1c8fd861651f70500a8a3341a4fd79820a6f66c02609af9d8137fd2b70d947b,true,false,logical_timeout,duration,false,0,600,3000,4.799915338987383,0.05526327701212631,30.00000000000189,30.00000000000189,0.1320295164372248,0.3666295217207295,0.0011004250833333332,0.009242671,true,true,true,true
153,holdout__holdout_19__dwa__tau_y_300,holdout,holdout_19,dwa,tau_y_300,f1c8fd861651f70500a8a3341a4fd79820a6f66c02609af9d8137fd2b70d947b,true,false,logical_timeout,duration,false,0,600,3000,4.772319817493077,0.9128286002302314,30.00000000000189,30.00000000000189,0.19643775794537108,0.4282733193122719,0.0015608589783333337,0.017676832,true,true,true,true
154,holdout__holdout_14__teb__tau_w_100,holdout,holdout_14,teb,tau_w_100,f1c8fd861651f70500a8a3341a4fd79820a6f66c02609af9d8137fd2b70d947b,true,true,external_tolerance,external_tolerance,false,0,318,1588,0.023917005545343435,0.09777406453787985,15.879999999999706,15.879999999999706,6.403305094963268,0.10552015210896513,0.01097920207861636,0.030932719,true,true,true,true
155,discovery__discovery_04__dwa__tau_w_300,discovery,discovery_04,dwa,tau_w_300,f1c8fd861651f70500a8a3341a4fd79820a6f66c02609af9d8137fd2b70d947b,true,false,logical_timeout,duration,false,0,600,3000,3.3678881252618917,0.6707094134821424,30.00000000000189,30.00000000000189,2.1732053866945877,0.17266876848602752,0.0024935196000000024,0.017277025,true,true,true,true
156,discovery__discovery_06__teb__delay_050,discovery,discovery_06,teb,delay_050,f1c8fd861651f70500a8a3341a4fd79820a6f66c02609af9d8137fd2b70d947b,true,true,external_tolerance,external_tolerance,false,0,337,1681,0.013022647344652435,0.09946604038172026,16.809999999999828,16.809999999999828,6.646587988525394,0.17672264163249796,0.011767987626112768,0.032126224,true,true,true,true
157,discovery__discovery_09__dwa__delay_100,discovery,discovery_09,dwa,delay_100,f1c8fd861651f70500a8a3341a4fd79820a6f66c02609af9d8137fd2b70d947b,true,false,logical_timeout,duration,false,0,600,3000,4.799886964378005,0.05644748660638437,30.00000000000189,30.00000000000189,0.10753009517542378,0.4560162580484062,0.00110778299,0.003850445,true,true,true,true
158,discovery__discovery_05__dwa__delay_200,discovery,discovery_05,dwa,delay_200,f1c8fd861651f70500a8a3341a4fd79820a6f66c02609af9d8137fd2b70d947b,true,false,logical_timeout,duration,false,0,600,3000,4.798693959698342,0.10914475896004373,30.00000000000189,30.00000000000189,0.11073616392538553,0.7047859640601312,0.001256190823333332,0.008219883,true,true,true,true
159,discovery__discovery_19__teb__tau_w_100,discovery,discovery_19,teb,tau_w_100,f1c8fd861651f70500a8a3341a4fd79820a6f66c02609af9d8137fd2b70d947b,true,true,external_tolerance,external_tolerance,false,0,322,1609,0.07596458485255292,0.01533984984725303,16.089999999999716,16.089999999999716,6.575791072716527,0.16133894073468263,0.011309049686335407,0.03346993,true,true,true,true
160,discovery__discovery_18__dwa__tau_y_150,discovery,discovery_18,dwa,tau_y_150,f1c8fd861651f70500a8a3341a4fd79820a6f66c02609af9d8137fd2b70d947b,true,false,logical_timeout,duration,false,0,600,3000,2.8276130490507088,0.48991003631988717,30.00000000000189,30.00000000000189,3.0827681975289045,0.014712357048907474,0.0031729278016666687,0.021873023,true,true,true,true
161,holdout__holdout_11__teb__tau_w_100,holdout,holdout_11,teb,tau_w_100,f1c8fd861651f70500a8a3341a4fd79820a6f66c02609af9d8137fd2b70d947b,true,true,external_tolerance,external_tolerance,false,0,263,1314,0.04236043930268357,0.09503973069499125,13.139999999999764,13.139999999999764,5.245418962040849,0.17686338792004747,0.009364574961977186,0.029791832,true,true,true,true
162,discovery__discovery_14__teb__tau_y_500,discovery,discovery_14,teb,tau_y_500,f1c8fd861651f70500a8a3341a4fd79820a6f66c02609af9d8137fd2b70d947b,true,true,external_tolerance,external_tolerance,false,0,366,1826,0.07838224610831604,0.031062144477540105,18.260000000000055,18.260000000000055,5.439904718681308,0.05630061670515729,0.008109689661202183,0.026726114,true,true,true,true
163,discovery__discovery_08__teb__delay_200,discovery,discovery_08,teb,delay_200,f1c8fd861651f70500a8a3341a4fd79820a6f66c02609af9d8137fd2b70d947b,true,true,external_tolerance,external_tolerance,false,0,350,1746,0.07848052402268704,0.07138169647359845,17.45999999999993,17.45999999999993,5.609666700229048,0.203389763055099,0.008024987300000001,0.028689663,true,true,true,true
164,discovery__discovery_18__dwa__e0,discovery,discovery_18,dwa,e0,f1c8fd861651f70500a8a3341a4fd79820a6f66c02609af9d8137fd2b70d947b,true,false,footprint_collision,footprint_collision,true,0,441,2205,3.924499772276902,1.4336837763236472,22.050000000000647,22.050000000000647,1.8526063752188577,0.0,0.0032205589523809537,0.016436928,true,true,true,true
165,holdout__holdout_03__teb__tau_y_500,holdout,holdout_03,teb,tau_y_500,f1c8fd861651f70500a8a3341a4fd79820a6f66c02609af9d8137fd2b70d947b,true,true,external_tolerance,external_tolerance,false,0,306,1526,0.07883097326543292,0.07481709903559372,15.25999999999972,15.25999999999972,5.340287715718238,0.1540346776447852,0.008472649264705886,0.026847885,true,true,true,true
166,discovery__discovery_03__dwa__tau_y_150,discovery,discovery_03,dwa,tau_y_150,f1c8fd861651f70500a8a3341a4fd79820a6f66c02609af9d8137fd2b70d947b,true,false,logical_timeout,duration,false,0,600,3000,2.053432669421392,0.7192103009438059,30.00000000000189,30.00000000000189,3.1672523011632983,0.20403098848437998,0.0031580406216666643,0.021273936,true,true,true,true
167,holdout__holdout_11__dwa__tau_w_300,holdout,holdout_11,dwa,tau_w_300,f1c8fd861651f70500a8a3341a4fd79820a6f66c02609af9d8137fd2b70d947b,true,false,logical_timeout,duration,false,0,600,3000,2.3648047088194666,0.5828812616430163,30.00000000000189,30.00000000000189,3.0642435619382096,0.09911608144308635,0.0028499450399999964,0.018217688,true,true,true,true
168,discovery__discovery_07__teb__tau_w_100,discovery,discovery_07,teb,tau_w_100,f1c8fd861651f70500a8a3341a4fd79820a6f66c02609af9d8137fd2b70d947b,true,true,external_tolerance,external_tolerance,false,0,278,1389,0.020872527248650696,0.09726456103511084,13.889999999999748,13.889999999999748,5.814949323964029,0.17894857921527144,0.01011212265467626,0.033867962,true,true,true,true
169,discovery__discovery_16__teb__delay_100,discovery,discovery_16,teb,delay_100,f1c8fd861651f70500a8a3341a4fd79820a6f66c02609af9d8137fd2b70d947b,true,true,external_tolerance,external_tolerance,false,0,334,1669,0.05454428266068326,0.099452432265784,16.68999999999981,16.68999999999981,6.093375403681471,0.09446092518458069,0.011198870077844309,0.032134062,true,true,true,true
170,discovery__discovery_20__dwa__tau_y_300,discovery,discovery_20,dwa,tau_y_300,f1c8fd861651f70500a8a3341a4fd79820a6f66c02609af9d8137fd2b70d947b,true,false,logical_timeout,duration,false,0,600,3000,3.905857239263553,0.9197366189238612,30.00000000000189,30.00000000000189,1.6687616646177432,0.6305277032999757,0.002232641451666668,0.021294653,true,true,true,true
171,discovery__discovery_11__teb__tau_x_100,discovery,discovery_11,teb,tau_x_100,f1c8fd861651f70500a8a3341a4fd79820a6f66c02609af9d8137fd2b70d947b,true,true,external_tolerance,external_tolerance,false,0,284,1416,0.05399165407139126,0.0997771022308536,14.159999999999743,14.159999999999743,5.98050189311891,0.0671208848996626,0.010788491841549301,0.032952842,true,true,true,true
172,holdout__holdout_17__teb__tau_x_300,holdout,holdout_17,teb,tau_x_300,f1c8fd861651f70500a8a3341a4fd79820a6f66c02609af9d8137fd2b70d947b,true,false,plugin returned no valid velocity command,plugin returned no valid velocity command,false,1,92,460,3.3965821335049404,0.16297004104096866,4.599999999999946,4.599999999999946,1.5220837249032935,0.1059126258167806,0.015569597537634415,0.028953424,true,true,true,true
173,holdout__holdout_20__teb__tau_y_500,holdout,holdout_20,teb,tau_y_500,f1c8fd861651f70500a8a3341a4fd79820a6f66c02609af9d8137fd2b70d947b,true,true,external_tolerance,external_tolerance,false,0,311,1551,0.07985756351048699,0.06917182351340995,15.509999999999714,15.509999999999714,5.488286355735784,0.10340553837170842,0.010078826884244368,0.031318237,true,true,true,true
174,holdout__holdout_14__teb__delay_100,holdout,holdout_14,teb,delay_100,f1c8fd861651f70500a8a3341a4fd79820a6f66c02609af9d8137fd2b70d947b,true,true,external_tolerance,external_tolerance,false,0,348,1739,0.02253140381359363,0.0974628801103138,17.38999999999992,17.38999999999992,6.5501640798483916,0.09146964155923154,0.011195463580459766,0.031985035,true,true,true,true
175,discovery__discovery_15__dwa__tau_y_300,discovery,discovery_15,dwa,tau_y_300,f1c8fd861651f70500a8a3341a4fd79820a6f66c02609af9d8137fd2b70d947b,true,false,logical_timeout,duration,false,0,600,3000,4.290023482143806,1.0594736342232967,30.00000000000189,30.00000000000189,1.4422623884777928,0.5229383814125255,0.002766301184999999,0.015432703,true,true,true,true
176,discovery__discovery_02__dwa__tau_w_300,discovery,discovery_02,dwa,tau_w_300,f1c8fd861651f70500a8a3341a4fd79820a6f66c02609af9d8137fd2b70d947b,true,false,logical_timeout,duration,false,0,600,3000,3.349602688662264,0.8296873149338033,30.00000000000189,30.00000000000189,1.6260421068833646,0.4227986964683418,0.0021849909433333324,0.01643898,true,true,true,true
177,discovery__discovery_20__teb__tau_w_300,discovery,discovery_20,teb,tau_w_300,f1c8fd861651f70500a8a3341a4fd79820a6f66c02609af9d8137fd2b70d947b,true,false,plugin returned no valid velocity command,plugin returned no valid velocity command,false,1,166,830,3.0819842470828083,0.18879100124528173,8.299999999999867,8.299999999999867,2.206598571637553,0.10712181086603945,0.013263816598802389,0.030339172,true,true,true,true
178,holdout__holdout_01__teb__tau_y_500,holdout,holdout_01,teb,tau_y_500,f1c8fd861651f70500a8a3341a4fd79820a6f66c02609af9d8137fd2b70d947b,true,false,plugin returned no valid velocity command,plugin returned no valid velocity command,false,1,197,985,2.3737746518400935,0.02481915727104882,9.849999999999834,9.849999999999834,3.0105932692046258,0.014943163351453403,0.013976723116161625,0.030892557,true,true,true,true
179,discovery__discovery_20__teb__tau_x_300,discovery,discovery_20,teb,tau_x_300,f1c8fd861651f70500a8a3341a4fd79820a6f66c02609af9d8137fd2b70d947b,true,false,plugin returned no valid velocity command,plugin returned no valid velocity command,false,1,120,600,3.1259332499763057,0.2125390290142418,5.9999999999999165,5.9999999999999165,2.150794147343978,0.15322799582510083,0.014031136966942147,0.032679485,true,true,true,true
180,holdout__holdout_07__teb__delay_100,holdout,holdout_07,teb,delay_100,f1c8fd861651f70500a8a3341a4fd79820a6f66c02609af9d8137fd2b70d947b,true,false,plugin returned no valid velocity command,plugin returned no valid velocity command,false,1,122,610,2.809206012800841,0.3274836997044497,6.099999999999914,6.099999999999914,2.4653936640239817,0.1170558467647318,0.015056201243902431,0.033115675,true,true,true,true
181,holdout__holdout_08__teb__delay_100,holdout,holdout_08,teb,delay_100,f1c8fd861651f70500a8a3341a4fd79820a6f66c02609af9d8137fd2b70d947b,true,true,external_tolerance,external_tolerance,false,0,296,1479,0.07751996277195691,0.07707825168075784,14.78999999999973,14.78999999999973,5.9569719970784885,0.1312285523092687,0.01052505322972974,0.029485874,true,true,true,true
182,discovery__discovery_06__dwa__delay_200,discovery,discovery_06,dwa,delay_200,f1c8fd861651f70500a8a3341a4fd79820a6f66c02609af9d8137fd2b70d947b,true,false,logical_timeout,duration,false,0,600,3000,4.798693959698342,0.10914475896004373,30.00000000000189,30.00000000000189,0.11073616392538553,0.6694408612036901,0.0014962865166666679,0.006250735,true,true,true,true
183,discovery__discovery_09__dwa__e0,discovery,discovery_09,dwa,e0,f1c8fd861651f70500a8a3341a4fd79820a6f66c02609af9d8137fd2b70d947b,true,false,logical_timeout,duration,false,0,600,3000,4.800342967782957,0.05052643037205333,30.00000000000189,30.00000000000189,0.08043681154258775,0.4777349416811121,0.0011182439783333337,0.004459332,true,true,true,true
184,holdout__holdout_19__dwa__e0,holdout,holdout_19,dwa,e0,f1c8fd861651f70500a8a3341a4fd79820a6f66c02609af9d8137fd2b70d947b,true,false,logical_timeout,duration,false,0,600,3000,4.459308348430912,0.7596711085043353,30.00000000000189,30.00000000000189,1.0640103891719273,0.39991802599475534,0.0022829170816666675,0.016602372,true,true,true,true
185,discovery__discovery_19__teb__delay_200,discovery,discovery_19,teb,delay_200,f1c8fd861651f70500a8a3341a4fd79820a6f66c02609af9d8137fd2b70d947b,true,true,external_tolerance,external_tolerance,false,0,464,2320,0.0775108173630502,0.06950069316372909,23.200000000000827,23.200000000000827,6.804388515532295,0.06247506619323639,0.01182450353017241,0.035375168,true,true,true,true
186,discovery__discovery_15__dwa__tau_y_150,discovery,discovery_15,dwa,tau_y_150,f1c8fd861651f70500a8a3341a4fd79820a6f66c02609af9d8137fd2b70d947b,true,false,logical_timeout,duration,false,0,600,3000,4.3413672328913835,0.7626310753378597,30.00000000000189,30.00000000000189,1.1805475536606191,0.5281486368120529,0.0020354961249999994,0.015445723,true,true,true,true
187,discovery__discovery_05__dwa__tau_x_300,discovery,discovery_05,dwa,tau_x_300,f1c8fd861651f70500a8a3341a4fd79820a6f66c02609af9d8137fd2b70d947b,true,false,logical_timeout,duration,false,0,600,3000,4.7987983755832255,0.06059223231982813,30.00000000000189,30.00000000000189,0.08880162185125437,0.720552607547274,0.0011385620483333329,0.002181958,true,true,true,true
188,discovery__discovery_11__dwa__delay_200,discovery,discovery_11,dwa,delay_200,f1c8fd861651f70500a8a3341a4fd79820a6f66c02609af9d8137fd2b70d947b,true,false,logical_timeout,duration,false,0,600,3000,4.800337210610185,0.07875011147637677,30.00000000000189,30.00000000000189,0.16842252434971516,0.6185,0.0014074633633333333,0.008736956,true,true,true,true
189,discovery__discovery_19__teb__tau_x_100,discovery,discovery_19,teb,tau_x_100,f1c8fd861651f70500a8a3341a4fd79820a6f66c02609af9d8137fd2b70d947b,true,true,external_tolerance,external_tolerance,false,0,307,1535,0.07619009645994095,0.009794127491809924,15.349999999999717,15.349999999999717,6.586505992188788,0.13868250374323118,0.010950955654723118,0.034794745,true,true,true,true
190,holdout__holdout_06__teb__tau_x_300,holdout,holdout_06,teb,tau_x_300,f1c8fd861651f70500a8a3341a4fd79820a6f66c02609af9d8137fd2b70d947b,true,true,external_tolerance,external_tolerance,false,0,286,1430,0.0489390389724531,0.09955897285096181,14.29999999999974,14.29999999999974,5.935745588353412,0.14586325366679234,0.011974446213286707,0.037426732,true,true,true,true
191,holdout__holdout_03__teb__tau_w_100,holdout,holdout_03,teb,tau_w_100,f1c8fd861651f70500a8a3341a4fd79820a6f66c02609af9d8137fd2b70d947b,true,true,external_tolerance,external_tolerance,false,0,271,1353,0.05805824149863421,0.09573557467072624,13.529999999999756,13.529999999999756,5.3356559542837045,0.1660627976071701,0.008925216819188186,0.031664053,true,true,true,true
192,discovery__discovery_10__dwa__tau_y_150,discovery,discovery_10,dwa,tau_y_150,f1c8fd861651f70500a8a3341a4fd79820a6f66c02609af9d8137fd2b70d947b,true,false,logical_timeout,duration,false,0,600,3000,4.80090004381641,0.6864471718901585,30.00000000000189,30.00000000000189,0.4114496888617774,0.7947405481796124,0.0016949965249999988,0.008396378,true,true,true,true
193,holdout__holdout_11__dwa__tau_y_500,holdout,holdout_11,dwa,tau_y_500,f1c8fd861651f70500a8a3341a4fd79820a6f66c02609af9d8137fd2b70d947b,true,false,logical_timeout,duration,false,0,600,3000,2.401482585304721,0.7466436213016686,30.00000000000189,30.00000000000189,2.9228906181124015,0.12324101344144962,0.002827881495000001,0.020199507,true,true,true,true
194,discovery__discovery_18__teb__delay_200,discovery,discovery_18,teb,delay_200,f1c8fd861651f70500a8a3341a4fd79820a6f66c02609af9d8137fd2b70d947b,true,true,external_tolerance,external_tolerance,false,0,498,2489,0.06865793908018371,0.09977121959163052,24.89000000000109,24.89000000000109,6.281286344915535,0.17372512015225317,0.009174513405622487,0.028298852,true,true,true,true
195,holdout__holdout_06__dwa__tau_y_300,holdout,holdout_06,dwa,tau_y_300,f1c8fd861651f70500a8a3341a4fd79820a6f66c02609af9d8137fd2b70d947b,true,false,logical_timeout,duration,false,0,600,3000,3.1090003864513642,0.9078945438551503,30.00000000000189,30.00000000000189,2.2646863720095656,0.31776315870183935,0.002440095175000002,0.017613426,true,true,true,true
196,holdout__holdout_10__teb__tau_y_500,holdout,holdout_10,teb,tau_y_500,f1c8fd861651f70500a8a3341a4fd79820a6f66c02609af9d8137fd2b70d947b,true,true,external_tolerance,external_tolerance,false,0,377,1881,0.07958690093732196,0.032822169299815594,18.81000000000014,18.81000000000014,5.585190820083978,0.06737477375454239,0.008521543312997346,0.026722441,true,true,true,true
197,holdout__holdout_07__teb__delay_050,holdout,holdout_07,teb,delay_050,f1c8fd861651f70500a8a3341a4fd79820a6f66c02609af9d8137fd2b70d947b,true,false,plugin returned no valid velocity command,plugin returned no valid velocity command,false,1,115,575,2.799239260994375,0.3118126106106872,5.749999999999922,5.749999999999922,2.4930522671567656,0.09875559512118848,0.01610029821551724,0.032079367,true,true,true,true
198,holdout__holdout_15__teb__tau_y_500,holdout,holdout_15,teb,tau_y_500,f1c8fd861651f70500a8a3341a4fd79820a6f66c02609af9d8137fd2b70d947b,true,true,external_tolerance,external_tolerance,false,0,261,1302,0.0793406881974234,0.05474304368280081,13.019999999999767,13.019999999999767,5.034968392745869,0.1788290466998838,0.008821130111111101,0.031532421,true,true,true,true
199,holdout__holdout_16__teb__tau_x_300,holdout,holdout_16,teb,tau_x_300,f1c8fd861651f70500a8a3341a4fd79820a6f66c02609af9d8137fd2b70d947b,true,true,external_tolerance,external_tolerance,false,0,246,1226,0.053534047492544104,0.09682936283924615,12.259999999999783,12.259999999999783,5.043759930241792,0.1769329687130887,0.010143164052845518,0.031148494,true,true,true,true
200,holdout__holdout_16__dwa__tau_x_300,holdout,holdout_16,dwa,tau_x_300,f1c8fd861651f70500a8a3341a4fd79820a6f66c02609af9d8137fd2b70d947b,true,false,logical_timeout,duration,false,0,600,3000,4.7987688891493585,0.06828936295412627,30.00000000000189,30.00000000000189,0.05226722964506285,0.6329514994841314,0.0014695881633333332,0.007090823,true,true,true,true
201,discovery__discovery_06__dwa__delay_050,discovery,discovery_06,dwa,delay_050,f1c8fd861651f70500a8a3341a4fd79820a6f66c02609af9d8137fd2b70d947b,true,false,logical_timeout,duration,false,0,600,3000,4.800409713394666,0.05368432774527802,30.00000000000189,30.00000000000189,0.10330025774373841,0.6671015547648299,0.0011818181183333336,0.004617699,true,true,true,true
202,holdout__holdout_13__teb__e0,holdout,holdout_13,teb,e0,f1c8fd861651f70500a8a3341a4fd79820a6f66c02609af9d8137fd2b70d947b,true,true,external_tolerance,external_tolerance,false,0,225,1121,0.0795521739316048,0.09000172525594004,11.209999999999805,11.209999999999805,5.115591993804226,0.150275305530295,0.010455276697777778,0.0280795,true,true,true,true
203,holdout__holdout_06__teb__tau_w_100,holdout,holdout_06,teb,tau_w_100,f1c8fd861651f70500a8a3341a4fd79820a6f66c02609af9d8137fd2b70d947b,true,true,external_tolerance,external_tolerance,false,0,277,1381,0.053296805468430825,0.09358555244404411,13.80999999999975,13.80999999999975,5.929366208366477,0.12380620649345156,0.011025886555956675,0.036835382,true,true,true,true
204,holdout__holdout_20__teb__delay_050,holdout,holdout_20,teb,delay_050,f1c8fd861651f70500a8a3341a4fd79820a6f66c02609af9d8137fd2b70d947b,true,true,external_tolerance,external_tolerance,false,0,251,1254,0.06016375279975453,0.09286108731035866,12.539999999999777,12.539999999999777,5.399341358394802,0.1517324631626651,0.010659692896414337,0.030396774,true,true,true,true
205,discovery__discovery_12__teb__tau_w_100,discovery,discovery_12,teb,tau_w_100,f1c8fd861651f70500a8a3341a4fd79820a6f66c02609af9d8137fd2b70d947b,true,true,external_tolerance,external_tolerance,false,0,274,1367,0.057099711666110664,0.09994498959565554,13.669999999999753,13.669999999999753,5.094072878538158,0.16543168957918447,0.009948799722627738,0.030007984,true,true,true,true
206,holdout__holdout_12__dwa__e0,holdout,holdout_12,dwa,e0,f1c8fd861651f70500a8a3341a4fd79820a6f66c02609af9d8137fd2b70d947b,true,false,logical_timeout,duration,false,0,600,3000,4.800342967782957,0.05052643037205333,30.00000000000189,30.00000000000189,0.08043681154258775,0.4894754709442799,0.001234941895000001,0.003792359,true,true,true,true
207,holdout__holdout_11__dwa__tau_x_300,holdout,holdout_11,dwa,tau_x_300,f1c8fd861651f70500a8a3341a4fd79820a6f66c02609af9d8137fd2b70d947b,true,false,logical_timeout,duration,false,0,600,3000,4.7987688891493585,0.06828936295412627,30.00000000000189,30.00000000000189,0.05226722964506285,0.5234999999999999,0.0013689563816666672,0.005590209,true,true,true,true
208,discovery__discovery_07__dwa__tau_y_150,discovery,discovery_07,dwa,tau_y_150,f1c8fd861651f70500a8a3341a4fd79820a6f66c02609af9d8137fd2b70d947b,true,false,logical_timeout,duration,false,0,600,3000,2.233317600849198,0.7833556140657859,30.00000000000189,30.00000000000189,2.974403535679563,0.029869495662891415,0.0023421415133333323,0.019182069,true,true,true,true
209,discovery__discovery_08__teb__delay_100,discovery,discovery_08,teb,delay_100,f1c8fd861651f70500a8a3341a4fd79820a6f66c02609af9d8137fd2b70d947b,true,true,external_tolerance,external_tolerance,false,0,255,1275,0.07936920123578653,0.01598214823068301,12.749999999999773,12.749999999999773,5.2257243551729715,0.19022253758459667,0.008640282552941175,0.027910836,true,true,true,true
210,discovery__discovery_12__teb__delay_050,discovery,discovery_12,teb,delay_050,f1c8fd861651f70500a8a3341a4fd79820a6f66c02609af9d8137fd2b70d947b,true,true,external_tolerance,external_tolerance,false,0,255,1274,0.06401269266890476,0.09701262857379814,12.739999999999773,12.739999999999773,5.106105034838982,0.16374820691802797,0.01055519372156863,0.02936196,true,true,true,true
211,discovery__discovery_07__teb__tau_y_500,discovery,discovery_07,teb,tau_y_500,f1c8fd861651f70500a8a3341a4fd79820a6f66c02609af9d8137fd2b70d947b,true,true,external_tolerance,external_tolerance,false,0,399,1994,0.03294284179997323,0.09847101446986357,19.940000000000317,19.940000000000317,6.026882115035409,0.09034129117455274,0.0102545287368421,0.031101566,true,true,true,true
212,discovery__discovery_20__dwa__tau_x_100,discovery,discovery_20,dwa,tau_x_100,f1c8fd861651f70500a8a3341a4fd79820a6f66c02609af9d8137fd2b70d947b,true,false,logical_timeout,duration,false,0,600,3000,4.751622632976504,0.051908026079318347,30.00000000000189,30.00000000000189,0.12779152653451933,0.631947523341957,0.001648943759999999,0.005627959,true,true,true,true
213,discovery__discovery_09__dwa__tau_y_300,discovery,discovery_09,dwa,tau_y_300,f1c8fd861651f70500a8a3341a4fd79820a6f66c02609af9d8137fd2b70d947b,true,false,logical_timeout,duration,false,0,600,3000,4.799915338987383,0.05526327701212631,30.00000000000189,30.00000000000189,0.1320295164372248,0.45693029464674034,0.0012287348183333347,0.004893848,true,true,true,true
214,holdout__holdout_06__dwa__tau_x_100,holdout,holdout_06,dwa,tau_x_100,f1c8fd861651f70500a8a3341a4fd79820a6f66c02609af9d8137fd2b70d947b,true,false,logical_timeout,duration,false,0,600,3000,4.751622632976504,0.051908026079318347,30.00000000000189,30.00000000000189,0.12779152653451933,0.7454999999999998,0.0014167736966666678,0.004623058,true,true,true,true
215,holdout__holdout_20__teb__tau_w_300,holdout,holdout_20,teb,tau_w_300,f1c8fd861651f70500a8a3341a4fd79820a6f66c02609af9d8137fd2b70d947b,true,true,external_tolerance,external_tolerance,false,0,345,1722,0.045616571219830745,0.09585412582568073,17.219999999999892,17.219999999999892,5.347550783593825,0.1512648690821731,0.009076530617391314,0.036865335,true,true,true,true
216,discovery__discovery_16__dwa__tau_x_100,discovery,discovery_16,dwa,tau_x_100,f1c8fd861651f70500a8a3341a4fd79820a6f66c02609af9d8137fd2b70d947b,true,true,external_tolerance,external_tolerance,false,0,340,1699,0.07269676873468393,0.09968824628953367,16.989999999999856,16.989999999999856,6.020405359568637,0.09830488733253633,0.005087460361764705,0.01822437,true,true,true,true
217,holdout__holdout_12__teb__tau_w_100,holdout,holdout_12,teb,tau_w_100,f1c8fd861651f70500a8a3341a4fd79820a6f66c02609af9d8137fd2b70d947b,true,true,external_tolerance,external_tolerance,false,0,236,1176,0.039587738739651976,0.09837006339429606,11.759999999999794,11.759999999999794,5.142804186793485,0.10132476016882726,0.009515397775423734,0.031394402,true,true,true,true
218,holdout__holdout_01__teb__delay_100,holdout,holdout_01,teb,delay_100,f1c8fd861651f70500a8a3341a4fd79820a6f66c02609af9d8137fd2b70d947b,true,true,external_tolerance,external_tolerance,false,0,289,1442,0.07832924448390695,0.03446255076063204,14.419999999999737,14.419999999999737,5.555382509704802,0.016049115024586922,0.010238892294117658,0.034306039,true,true,true,true
219,holdout__holdout_04__teb__delay_100,holdout,holdout_04,teb,delay_100,f1c8fd861651f70500a8a3341a4fd79820a6f66c02609af9d8137fd2b70d947b,true,true,external_tolerance,external_tolerance,false,0,353,1765,0.02025942011925439,0.09386865464542178,17.64999999999996,17.64999999999996,5.773701528732678,0.20774863196328439,0.010336608705382437,0.029918316,true,true,true,true
220,discovery__discovery_07__dwa__e0,discovery,discovery_07,dwa,e0,f1c8fd861651f70500a8a3341a4fd79820a6f66c02609af9d8137fd2b70d947b,true,false,logical_timeout,duration,false,0,600,3000,4.750728787406146,0.002960665189466522,30.00000000000189,30.00000000000189,0.29686420154556653,0.5532121583953385,0.0014696501816666692,0.005822179,true,true,true,true
221,holdout__holdout_01__teb__e0,holdout,holdout_01,teb,e0,f1c8fd861651f70500a8a3341a4fd79820a6f66c02609af9d8137fd2b70d947b,true,true,external_tolerance,external_tolerance,false,0,240,1196,0.0787493453824806,0.05709600298752813,11.95999999999979,11.95999999999979,5.398479087058974,0.053275207916061044,0.01016873967916666,0.030436712,true,true,true,true
222,discovery__discovery_12__teb__e0,discovery,discovery_12,teb,e0,f1c8fd861651f70500a8a3341a4fd79820a6f66c02609af9d8137fd2b70d947b,true,true,external_tolerance,external_tolerance,false,0,230,1147,0.054469215409993596,0.09789706580895915,11.4699999999998,11.4699999999998,5.116202825056417,0.17677016380274382,0.010551011599999998,0.031517759,true,true,true,true
223,holdout__holdout_18__teb__tau_x_300,holdout,holdout_18,teb,tau_x_300,f1c8fd861651f70500a8a3341a4fd79820a6f66c02609af9d8137fd2b70d947b,true,true,external_tolerance,external_tolerance,false,0,245,1224,0.057772937504596965,0.09832079863663093,12.239999999999783,12.239999999999783,5.033004214545989,0.1420911836331486,0.012952682281632637,0.036798593,true,true,true,true
224,discovery__discovery_03__teb__tau_y_150,discovery,discovery_03,teb,tau_y_150,f1c8fd861651f70500a8a3341a4fd79820a6f66c02609af9d8137fd2b70d947b,true,true,external_tolerance,external_tolerance,false,0,308,1538,0.021278794969096747,0.09748875033086163,15.379999999999717,15.379999999999717,6.036412639755873,0.09776303762658042,0.009613082808441557,0.028852522,true,true,true,true
225,discovery__discovery_13__dwa__tau_x_300,discovery,discovery_13,dwa,tau_x_300,f1c8fd861651f70500a8a3341a4fd79820a6f66c02609af9d8137fd2b70d947b,true,false,logical_timeout,duration,false,0,600,3000,4.847191900628959,0.5782872798386965,30.00000000000189,30.00000000000189,0.3837988799553691,0.4249726698996225,0.0016771277216666687,0.010023588,true,true,true,true
226,holdout__holdout_02__dwa__tau_w_300,holdout,holdout_02,dwa,tau_w_300,f1c8fd861651f70500a8a3341a4fd79820a6f66c02609af9d8137fd2b70d947b,true,false,logical_timeout,duration,false,0,600,3000,3.9340832290536865,0.6327413702094018,30.00000000000189,30.00000000000189,1.5428040321375478,0.40235762380957873,0.002209071648333334,0.009090181,true,true,true,true
227,holdout__holdout_03__dwa__tau_w_100,holdout,holdout_03,dwa,tau_w_100,f1c8fd861651f70500a8a3341a4fd79820a6f66c02609af9d8137fd2b70d947b,true,false,logical_timeout,duration,false,0,600,3000,2.8348544577920394,0.2986304814088202,30.00000000000189,30.00000000000189,2.8737582197838676,0.042579036771993824,0.0033538851433333305,0.017206257,true,true,true,true
228,discovery__discovery_10__teb__tau_y_500,discovery,discovery_10,teb,tau_y_500,f1c8fd861651f70500a8a3341a4fd79820a6f66c02609af9d8137fd2b70d947b,true,true,external_tolerance,external_tolerance,false,0,456,2277,0.07952903498265507,0.038029662264726705,22.77000000000076,22.77000000000076,6.526666693731273,0.1116276311349695,0.008864758991228074,0.031236571,true,true,true,true
229,discovery__discovery_16__dwa__tau_y_300,discovery,discovery_16,dwa,tau_y_300,f1c8fd861651f70500a8a3341a4fd79820a6f66c02609af9d8137fd2b70d947b,true,true,external_tolerance,external_tolerance,false,0,356,1778,0.0784840825575634,0.09936477595984287,17.77999999999998,17.77999999999998,6.0460133410071615,0.15984802590139643,0.004876290376404493,0.019059171,true,true,true,true
230,holdout__holdout_11__teb__e0,holdout,holdout_11,teb,e0,f1c8fd861651f70500a8a3341a4fd79820a6f66c02609af9d8137fd2b70d947b,true,true,external_tolerance,external_tolerance,false,0,236,1180,0.04087835176996578,0.095620970253961,11.799999999999793,11.799999999999793,5.2642276808548685,0.16772211294684586,0.009819902860169486,0.030776596,true,true,true,true
231,holdout__holdout_13__dwa__e0,holdout,holdout_13,dwa,e0,f1c8fd861651f70500a8a3341a4fd79820a6f66c02609af9d8137fd2b70d947b,true,false,logical_timeout,duration,false,0,600,3000,4.750728787406146,0.002960665189466522,30.00000000000189,30.00000000000189,0.29686420154556653,0.6547618197316738,0.00157029509,0.005744048,true,true,true,true
232,discovery__discovery_20__dwa__delay_050,discovery,discovery_20,dwa,delay_050,f1c8fd861651f70500a8a3341a4fd79820a6f66c02609af9d8137fd2b70d947b,true,false,plugin returned no valid velocity command,plugin returned no valid velocity command,false,1,32,160,4.789388221964771,0.03296052641235291,1.6000000000000012,1.6000000000000012,0.060793762754946544,0.6402903399032303,0.0012860772424242422,0.002231529,true,true,true,true
233,discovery__discovery_06__teb__tau_w_100,discovery,discovery_06,teb,tau_w_100,f1c8fd861651f70500a8a3341a4fd79820a6f66c02609af9d8137fd2b70d947b,true,true,external_tolerance,external_tolerance,false,0,340,1696,0.016275046765051843,0.09749110451592623,16.95999999999985,16.95999999999985,6.558699086993707,0.1674167455346167,0.01187124259705882,0.033468879,true,true,true,true
234,discovery__discovery_11__dwa__tau_w_100,discovery,discovery_11,dwa,tau_w_100,f1c8fd861651f70500a8a3341a4fd79820a6f66c02609af9d8137fd2b70d947b,true,false,logical_timeout,duration,false,0,600,3000,3.168065680450634,0.23154333731552013,30.00000000000189,30.00000000000189,2.4165447401971005,0.23430568239502936,0.002474673601666666,0.015863719,true,true,true,true
235,holdout__holdout_12__teb__tau_w_300,holdout,holdout_12,teb,tau_w_300,f1c8fd861651f70500a8a3341a4fd79820a6f66c02609af9d8137fd2b70d947b,true,true,external_tolerance,external_tolerance,false,0,260,1296,0.04421419454333021,0.09870030888166785,12.959999999999768,12.959999999999768,5.093235226647072,0.14597673231772812,0.008821728215384609,0.032757223,true,true,true,true
236,holdout__holdout_10__dwa__tau_y_300,holdout,holdout_10,dwa,tau_y_300,f1c8fd861651f70500a8a3341a4fd79820a6f66c02609af9d8137fd2b70d947b,true,false,logical_timeout,duration,false,0,600,3000,4.799915338987383,0.05526327701212631,30.00000000000189,30.00000000000189,0.1320295164372248,0.7791242094480707,0.0012174428366666676,0.009212216,true,true,true,true
237,discovery__discovery_02__dwa__e0,discovery,discovery_02,dwa,e0,f1c8fd861651f70500a8a3341a4fd79820a6f66c02609af9d8137fd2b70d947b,true,false,logical_timeout,duration,false,0,600,3000,4.750728787406146,0.002960665189466522,30.00000000000189,30.00000000000189,0.29686420154556653,0.4329949468215036,0.0012564114016666668,0.005398967,true,true,true,true
238,discovery__discovery_01__teb__tau_x_100,discovery,discovery_01,teb,tau_x_100,f1c8fd861651f70500a8a3341a4fd79820a6f66c02609af9d8137fd2b70d947b,true,true,external_tolerance,external_tolerance,false,0,258,1289,0.047453224219184936,0.09761613266185099,12.88999999999977,12.88999999999977,5.5342210468045865,0.08229699343465399,0.009007831926356605,0.026286647,true,true,true,true
239,holdout__holdout_09__teb__tau_y_150,holdout,holdout_09,teb,tau_y_150,f1c8fd861651f70500a8a3341a4fd79820a6f66c02609af9d8137fd2b70d947b,true,true,external_tolerance,external_tolerance,false,0,248,1236,0.07931569768265341,0.017330117461094356,12.359999999999781,12.359999999999781,5.11174246398979,0.07200706677503192,0.010423260653225814,0.034058847,true,true,true,true
240,holdout__holdout_14__dwa__tau_w_300,holdout,holdout_14,dwa,tau_w_300,f1c8fd861651f70500a8a3341a4fd79820a6f66c02609af9d8137fd2b70d947b,true,false,logical_timeout,duration,false,0,600,3000,3.2345036882859564,0.8699606752914947,30.00000000000189,30.00000000000189,3.2125412494956502,0.16120360219538354,0.003135533613333333,0.016125882,true,true,true,true
241,holdout__holdout_09__teb__tau_y_300,holdout,holdout_09,teb,tau_y_300,f1c8fd861651f70500a8a3341a4fd79820a6f66c02609af9d8137fd2b70d947b,true,false,plugin returned no valid velocity command,plugin returned no valid velocity command,false,1,121,605,2.7952413477150224,0.10451548177003163,6.0499999999999154,6.0499999999999154,2.2631121953716526,0.003296044214179403,0.014931787836065573,0.029404913,true,true,true,true
242,discovery__discovery_07__dwa__tau_y_500,discovery,discovery_07,dwa,tau_y_500,f1c8fd861651f70500a8a3341a4fd79820a6f66c02609af9d8137fd2b70d947b,true,false,logical_timeout,duration,false,0,600,3000,2.189414143661713,0.9210352348163527,30.00000000000189,30.00000000000189,3.221469939073557,0.14867793386723183,0.0031596565233333322,0.023226127,true,true,true,true
243,holdout__holdout_14__dwa__delay_100,holdout,holdout_14,dwa,delay_100,f1c8fd861651f70500a8a3341a4fd79820a6f66c02609af9d8137fd2b70d947b,true,false,logical_timeout,duration,false,0,600,3000,4.799886964378005,0.05644748660638437,30.00000000000189,30.00000000000189,0.10753009517542378,0.692189754527417,0.0015655176466666664,0.004610028,true,true,true,true
244,holdout__holdout_09__teb__tau_x_100,holdout,holdout_09,teb,tau_x_100,f1c8fd861651f70500a8a3341a4fd79820a6f66c02609af9d8137fd2b70d947b,true,true,external_tolerance,external_tolerance,false,0,226,1127,0.07896276761292234,0.02860659474578698,11.269999999999804,11.269999999999804,4.981252304712004,0.1323332691760634,0.010301807814159293,0.033475185,true,true,true,true
245,holdout__holdout_18__dwa__tau_x_100,holdout,holdout_18,dwa,tau_x_100,f1c8fd861651f70500a8a3341a4fd79820a6f66c02609af9d8137fd2b70d947b,true,false,logical_timeout,duration,false,0,600,3000,4.751622632976504,0.051908026079318347,30.00000000000189,30.00000000000189,0.12779152653451933,0.43015005518926014,0.0013047484400000003,0.005295995,true,true,true,true
246,holdout__holdout_01__dwa__delay_100,holdout,holdout_01,dwa,delay_100,f1c8fd861651f70500a8a3341a4fd79820a6f66c02609af9d8137fd2b70d947b,true,false,logical_timeout,duration,false,0,600,3000,4.799886964378005,0.05644748660638437,30.00000000000189,30.00000000000189,0.10753009517542378,0.5970311968398299,0.0012091567933333333,0.004732427,true,true,true,true
247,holdout__holdout_05__teb__e0,holdout,holdout_05,teb,e0,f1c8fd861651f70500a8a3341a4fd79820a6f66c02609af9d8137fd2b70d947b,true,true,external_tolerance,external_tolerance,false,0,225,1124,0.07578411610534366,0.06096031044766412,11.239999999999805,11.239999999999805,5.140065204165502,0.1578111907592472,0.009470808737777784,0.028306593,true,true,true,true
248,discovery__discovery_05__dwa__tau_y_150,discovery,discovery_05,dwa,tau_y_150,f1c8fd861651f70500a8a3341a4fd79820a6f66c02609af9d8137fd2b70d947b,true,false,logical_timeout,duration,false,0,600,3000,2.9473752500449213,0.7152642306871704,30.00000000000189,30.00000000000189,2.4736775832168156,0.16553260376233503,0.0023396339233333306,0.018368552,true,true,true,true
249,discovery__discovery_08__teb__tau_w_300,discovery,discovery_08,teb,tau_w_300,f1c8fd861651f70500a8a3341a4fd79820a6f66c02609af9d8137fd2b70d947b,true,true,external_tolerance,external_tolerance,false,0,311,1555,0.07688294820698502,0.08306058941396736,15.549999999999713,15.549999999999713,5.113311884968986,0.18151858207213337,0.00832915297427652,0.028313827,true,true,true,true
250,holdout__holdout_02__dwa__tau_y_300,holdout,holdout_02,dwa,tau_y_300,f1c8fd861651f70500a8a3341a4fd79820a6f66c02609af9d8137fd2b70d947b,true,false,logical_timeout,duration,false,0,600,3000,4.799915338987383,0.05526327701212631,30.00000000000189,30.00000000000189,0.1320295164372248,1.3974524357318103,0.00142601358,0.005084794,true,true,true,true
251,discovery__discovery_17__dwa__e0,discovery,discovery_17,dwa,e0,f1c8fd861651f70500a8a3341a4fd79820a6f66c02609af9d8137fd2b70d947b,true,false,logical_timeout,duration,false,0,600,3000,4.800342967782957,0.05052643037205333,30.00000000000189,30.00000000000189,0.08043681154258775,1.47510436969883,0.0010524323783333322,0.003527945,true,true,true,true
252,discovery__discovery_07__teb__delay_100,discovery,discovery_07,teb,delay_100,f1c8fd861651f70500a8a3341a4fd79820a6f66c02609af9d8137fd2b70d947b,true,true,external_tolerance,external_tolerance,false,0,319,1594,0.028908847876960405,0.09417631212065644,15.939999999999705,15.939999999999705,5.983127069499791,0.16936157751354086,0.009974605789968657,0.029904774,true,true,true,true
253,discovery__discovery_10__dwa__tau_w_300,discovery,discovery_10,dwa,tau_w_300,f1c8fd861651f70500a8a3341a4fd79820a6f66c02609af9d8137fd2b70d947b,true,false,logical_timeout,duration,false,0,600,3000,4.75626160717355,0.5400483657760493,30.00000000000189,30.00000000000189,0.6169101383469078,0.804564807753719,0.0014942145933333328,0.007732789,true,true,true,true
254,holdout__holdout_02__teb__tau_w_100,holdout,holdout_02,teb,tau_w_100,f1c8fd861651f70500a8a3341a4fd79820a6f66c02609af9d8137fd2b70d947b,true,true,external_tolerance,external_tolerance,false,0,290,1446,0.06821720622074497,0.09607187326732464,14.459999999999736,14.459999999999736,5.753303096531296,0.13541027422190038,0.01101742056206897,0.030873967,true,true,true,true
255,holdout__holdout_03__teb__tau_w_300,holdout,holdout_03,teb,tau_w_300,f1c8fd861651f70500a8a3341a4fd79820a6f66c02609af9d8137fd2b70d947b,true,true,external_tolerance,external_tolerance,false,0,397,1982,0.04718629421013164,0.09815451662648682,19.8200000000003,19.8200000000003,5.317531397720781,0.17946982785368817,0.008317678513853908,0.02679703,true,true,true,true
256,holdout__holdout_01__dwa__tau_y_500,holdout,holdout_01,dwa,tau_y_500,f1c8fd861651f70500a8a3341a4fd79820a6f66c02609af9d8137fd2b70d947b,true,false,logical_timeout,duration,false,0,600,3000,4.797485535329291,0.16342103560456253,30.00000000000189,30.00000000000189,0.14694983650681062,0.5970311968398299,0.0014251988900000003,0.006783491,true,true,true,true
257,discovery__discovery_18__teb__e0,discovery,discovery_18,teb,e0,f1c8fd861651f70500a8a3341a4fd79820a6f66c02609af9d8137fd2b70d947b,true,true,external_tolerance,external_tolerance,false,0,276,1379,0.019714560679748028,0.09548117234082726,13.78999999999975,13.78999999999975,5.9593540241783955,0.2121098359547276,0.00898101491666667,0.028295097,true,true,true,true
258,holdout__holdout_06__teb__tau_y_300,holdout,holdout_06,teb,tau_y_300,f1c8fd861651f70500a8a3341a4fd79820a6f66c02609af9d8137fd2b70d947b,true,true,external_tolerance,external_tolerance,false,0,328,1636,0.07930317659174538,0.07494994024932523,16.359999999999758,16.359999999999758,6.043850066163741,0.06998403397506683,0.011333687292682929,0.032324073,true,true,true,true
259,holdout__holdout_09__dwa__delay_200,holdout,holdout_09,dwa,delay_200,f1c8fd861651f70500a8a3341a4fd79820a6f66c02609af9d8137fd2b70d947b,true,false,logical_timeout,duration,false,0,600,3000,4.798693959698342,0.10914475896004373,30.00000000000189,30.00000000000189,0.11073616392538553,0.8035557500980427,0.0011549259550000014,0.004103196,true,true,true,true
260,discovery__discovery_17__dwa__delay_100,discovery,discovery_17,dwa,delay_100,f1c8fd861651f70500a8a3341a4fd79820a6f66c02609af9d8137fd2b70d947b,true,false,logical_timeout,duration,false,0,600,3000,4.799886964378005,0.05644748660638437,30.00000000000189,30.00000000000189,0.10753009517542378,1.4706897545274167,0.0013980905916666667,0.005800757,true,true,true,true
261,holdout__holdout_14__teb__tau_x_100,holdout,holdout_14,teb,tau_x_100,f1c8fd861651f70500a8a3341a4fd79820a6f66c02609af9d8137fd2b70d947b,true,true,external_tolerance,external_tolerance,false,0,306,1530,0.053996963715836316,0.09873871769088136,15.299999999999718,15.299999999999718,6.515997757788982,0.10701563122149706,0.010625915931372546,0.033291899,true,true,true,true
262,holdout__holdout_16__teb__delay_100,holdout,holdout_16,teb,delay_100,f1c8fd861651f70500a8a3341a4fd79820a6f66c02609af9d8137fd2b70d947b,true,true,external_tolerance,external_tolerance,false,0,259,1293,0.05494289053994565,0.09774341592218623,12.929999999999769,12.929999999999769,5.0925418591206935,0.15552483402162576,0.009647496984555986,0.029007225,true,true,true,true
263,holdout__holdout_03__dwa__tau_y_300,holdout,holdout_03,dwa,tau_y_300,f1c8fd861651f70500a8a3341a4fd79820a6f66c02609af9d8137fd2b70d947b,true,false,logical_timeout,duration,false,0,600,3000,2.7933513213193955,0.5368424955689008,30.00000000000189,30.00000000000189,2.401738727055693,0.04780488332968112,0.0023044346300000016,0.017597609,true,true,true,true
264,holdout__holdout_13__teb__tau_w_100,holdout,holdout_13,teb,tau_w_100,f1c8fd861651f70500a8a3341a4fd79820a6f66c02609af9d8137fd2b70d947b,true,true,external_tolerance,external_tolerance,false,0,248,1237,0.05991956620917042,0.09691805046428054,12.36999999999978,12.36999999999978,5.1162777298239765,0.18173315071085977,0.010448869423387101,0.029311498,true,true,true,true
265,holdout__holdout_01__dwa__e0,holdout,holdout_01,dwa,e0,f1c8fd861651f70500a8a3341a4fd79820a6f66c02609af9d8137fd2b70d947b,true,false,logical_timeout,duration,false,0,600,3000,4.800342967782957,0.05052643037205333,30.00000000000189,30.00000000000189,0.08043681154258775,0.5970311968398299,0.0010864084083333325,0.003447975,true,true,true,true
266,discovery__discovery_12__dwa__tau_y_150,discovery,discovery_12,dwa,tau_y_150,f1c8fd861651f70500a8a3341a4fd79820a6f66c02609af9d8137fd2b70d947b,true,true,external_tolerance,external_tolerance,false,0,295,1473,0.07923353990852365,0.09959822349257415,14.72999999999973,14.72999999999973,5.021335010928331,0.027522629133952585,0.005538897603389828,0.019967619,true,true,true,true
267,holdout__holdout_14__dwa__tau_y_300,holdout,holdout_14,dwa,tau_y_300,f1c8fd861651f70500a8a3341a4fd79820a6f66c02609af9d8137fd2b70d947b,true,false,logical_timeout,duration,false,0,600,3000,4.799915338987383,0.05526327701212631,30.00000000000189,30.00000000000189,0.1320295164372248,0.686931445143472,0.0015230127316666652,0.003939421,true,true,true,true
268,discovery__discovery_09__teb__tau_w_100,discovery,discovery_09,teb,tau_w_100,f1c8fd861651f70500a8a3341a4fd79820a6f66c02609af9d8137fd2b70d947b,true,true,external_tolerance,external_tolerance,false,0,271,1351,0.06676408575475486,0.09338993667817842,13.509999999999756,13.509999999999756,5.6060304189202235,0.17020483057216282,0.009149026597785982,0.028104947,true,true,true,true
269,discovery__discovery_01__dwa__delay_050,discovery,discovery_01,dwa,delay_050,f1c8fd861651f70500a8a3341a4fd79820a6f66c02609af9d8137fd2b70d947b,true,false,logical_timeout,duration,false,0,600,3000,4.800409713394666,0.05368432774527802,30.00000000000189,30.00000000000189,0.10330025774373841,0.5444237779524329,0.001397054138333334,0.004594886,true,true,true,true
270,discovery__discovery_10__teb__e0,discovery,discovery_10,teb,e0,f1c8fd861651f70500a8a3341a4fd79820a6f66c02609af9d8137fd2b70d947b,true,true,external_tolerance,external_tolerance,false,0,275,1375,0.07901955010855422,0.01232458990269936,13.749999999999751,13.749999999999751,6.098237394994855,0.10298002091205657,0.009640478152727281,0.032058465,true,true,true,true
271,holdout__holdout_03__teb__delay_100,holdout,holdout_03,teb,delay_100,f1c8fd861651f70500a8a3341a4fd79820a6f66c02609af9d8137fd2b70d947b,true,true,external_tolerance,external_tolerance,false,0,306,1527,0.07658507078400384,0.09982085384014894,15.269999999999719,15.269999999999719,5.532051620280602,0.13975516951395123,0.009596457810457521,0.027166704,true,true,true,true
272,discovery__discovery_17__teb__e0,discovery,discovery_17,teb,e0,f1c8fd861651f70500a8a3341a4fd79820a6f66c02609af9d8137fd2b70d947b,true,false,plugin returned no valid velocity command,plugin returned no valid velocity command,false,1,121,605,2.7229211459080207,0.2829803803339627,6.0499999999999154,6.0499999999999154,2.698985993866058,0.09103150125994164,0.014544048483606555,0.030370455,true,true,true,true
273,discovery__discovery_08__dwa__tau_y_500,discovery,discovery_08,dwa,tau_y_500,f1c8fd861651f70500a8a3341a4fd79820a6f66c02609af9d8137fd2b70d947b,true,false,logical_timeout,duration,false,0,600,3000,4.797485535329291,0.16342103560456253,30.00000000000189,30.00000000000189,0.14694983650681062,0.7166682090769483,0.001148013798333333,0.004616468,true,true,true,true
274,holdout__holdout_17__teb__tau_y_150,holdout,holdout_17,teb,tau_y_150,f1c8fd861651f70500a8a3341a4fd79820a6f66c02609af9d8137fd2b70d947b,true,false,plugin returned no valid velocity command,plugin returned no valid velocity command,false,1,73,365,3.28866191978194,0.22507010721605653,3.649999999999966,3.649999999999966,1.5926534323264268,0.10425276287816539,0.016370880256756756,0.030168421,true,true,true,true
275,discovery__discovery_11__teb__tau_w_100,discovery,discovery_11,teb,tau_w_100,f1c8fd861651f70500a8a3341a4fd79820a6f66c02609af9d8137fd2b70d947b,true,true,external_tolerance,external_tolerance,false,0,323,1612,0.02003719068435294,0.09519535809464305,16.11999999999972,16.11999999999972,5.897348073275363,0.06424858960712101,0.011090047736842093,0.032600708,true,true,true,true
276,holdout__holdout_19__dwa__tau_y_500,holdout,holdout_19,dwa,tau_y_500,f1c8fd861651f70500a8a3341a4fd79820a6f66c02609af9d8137fd2b70d947b,true,false,logical_timeout,duration,false,0,600,3000,4.786073864726401,0.8169072770097197,30.00000000000189,30.00000000000189,0.39181516405931216,0.4343446039128532,0.0018651874150000013,0.014839349,true,true,true,true
277,discovery__discovery_19__teb__tau_x_300,discovery,discovery_19,teb,tau_x_300,f1c8fd861651f70500a8a3341a4fd79820a6f66c02609af9d8137fd2b70d947b,true,false,plugin returned no valid velocity command,plugin returned no valid velocity command,false,1,107,535,4.54075654515212,0.6023057331859276,5.34999999999993,5.34999999999993,1.4307976657180164,0.06422880151381775,0.013977569407407407,0.037597022,true,true,true,true
278,holdout__holdout_07__teb__tau_w_100,holdout,holdout_07,teb,tau_w_100,f1c8fd861651f70500a8a3341a4fd79820a6f66c02609af9d8137fd2b70d947b,true,false,plugin returned no valid velocity command,plugin returned no valid velocity command,false,1,111,555,2.771997873420488,0.30536795986714454,5.549999999999926,5.549999999999926,2.5036474682343988,0.06573738883538116,0.015174174892857148,0.030815553,true,true,true,true
279,holdout__holdout_14__dwa__delay_050,holdout,holdout_14,dwa,delay_050,f1c8fd861651f70500a8a3341a4fd79820a6f66c02609af9d8137fd2b70d947b,true,false,logical_timeout,duration,false,0,600,3000,4.800409713394666,0.05368432774527802,30.00000000000189,30.00000000000189,0.10330025774373841,0.6931828856569324,0.001114161553333332,0.005879167,true,true,true,true
280,holdout__holdout_15__dwa__tau_y_300,holdout,holdout_15,dwa,tau_y_300,f1c8fd861651f70500a8a3341a4fd79820a6f66c02609af9d8137fd2b70d947b,true,false,logical_timeout,duration,false,0,600,3000,4.799915338987383,0.05526327701212631,30.00000000000189,30.00000000000189,0.1320295164372248,0.6985278643892375,0.0009948852116666669,0.008311697,true,true,true,true
281,holdout__holdout_16__teb__tau_w_300,holdout,holdout_16,teb,tau_w_300,f1c8fd861651f70500a8a3341a4fd79820a6f66c02609af9d8137fd2b70d947b,true,true,external_tolerance,external_tolerance,false,0,299,1495,0.05226411508241241,0.09529663108057214,14.949999999999726,14.949999999999726,5.003818067576697,0.17673322968985203,0.009389538050167227,0.030081418,true,true,true,true
282,holdout__holdout_15__dwa__tau_y_150,holdout,holdout_15,dwa,tau_y_150,f1c8fd861651f70500a8a3341a4fd79820a6f66c02609af9d8137fd2b70d947b,true,true,external_tolerance,external_tolerance,false,0,315,1575,0.07784733247712879,0.09950388848918594,15.749999999999709,15.749999999999709,4.982642018717109,0.24426805013955372,0.0046883100761904726,0.017735343,true,true,true,true
283,holdout__holdout_19__teb__tau_y_150,holdout,holdout_19,teb,tau_y_150,f1c8fd861651f70500a8a3341a4fd79820a6f66c02609af9d8137fd2b70d947b,true,true,external_tolerance,external_tolerance,false,0,263,1313,0.07745074971144478,0.09869399031016791,13.129999999999765,13.129999999999765,5.8420541084595135,0.19433516665343828,0.009744637977186318,0.028870216,true,true,true,true
284,discovery__discovery_15__dwa__tau_x_100,discovery,discovery_15,dwa,tau_x_100,f1c8fd861651f70500a8a3341a4fd79820a6f66c02609af9d8137fd2b70d947b,true,false,logical_timeout,duration,false,0,600,3000,4.2998850337288355,0.7406248736393474,30.00000000000189,30.00000000000189,1.5410941128490383,0.29930164435650863,0.0025283010450000004,0.01704966,true,true,true,true
285,holdout__holdout_06__teb__delay_050,holdout,holdout_06,teb,delay_050,f1c8fd861651f70500a8a3341a4fd79820a6f66c02609af9d8137fd2b70d947b,true,true,external_tolerance,external_tolerance,false,0,282,1408,0.0660856206988658,0.09761954223137476,14.079999999999744,14.079999999999744,5.938261322932475,0.11952435667382932,0.01111879859219858,0.032279116,true,true,true,true
286,holdout__holdout_06__teb__delay_100,holdout,holdout_06,teb,delay_100,f1c8fd861651f70500a8a3341a4fd79820a6f66c02609af9d8137fd2b70d947b,true,true,external_tolerance,external_tolerance,false,0,300,1499,0.06754062393069254,0.09571247366867044,14.989999999999725,14.989999999999725,5.992200817417307,0.06122740184353237,0.011683185720000003,0.035405474,true,true,true,true
287,discovery__discovery_11__teb__delay_050,discovery,discovery_11,teb,delay_050,f1c8fd861651f70500a8a3341a4fd79820a6f66c02609af9d8137fd2b70d947b,true,true,external_tolerance,external_tolerance,false,0,294,1468,0.012925149494660445,0.09572188809517754,14.679999999999731,14.679999999999731,5.950315935540737,0.06489118954011211,0.010794405391156461,0.034901456,true,true,true,true
288,holdout__holdout_02__teb__delay_100,holdout,holdout_02,teb,delay_100,f1c8fd861651f70500a8a3341a4fd79820a6f66c02609af9d8137fd2b70d947b,true,true,external_tolerance,external_tolerance,false,0,298,1490,0.0797078335580378,0.05859137464743107,14.899999999999727,14.899999999999727,5.797833817791221,0.04527285428222194,0.01018655145302013,0.029631541,true,true,true,true
289,discovery__discovery_16__dwa__tau_y_150,discovery,discovery_16,dwa,tau_y_150,f1c8fd861651f70500a8a3341a4fd79820a6f66c02609af9d8137fd2b70d947b,true,true,external_tolerance,external_tolerance,false,0,353,1764,0.07785471921439534,0.09949212188466312,17.639999999999958,17.639999999999958,6.038047111279737,0.16571858258255118,0.00489146866855524,0.017039052,true,true,true,true
290,holdout__holdout_17__dwa__tau_x_100,holdout,holdout_17,dwa,tau_x_100,f1c8fd861651f70500a8a3341a4fd79820a6f66c02609af9d8137fd2b70d947b,true,false,logical_timeout,duration,false,0,600,3000,4.797483142941365,0.17249995505462704,30.00000000000189,30.00000000000189,0.08024138001756845,0.3849277883611997,0.0012469929883333329,0.004308337,true,true,true,true
291,holdout__holdout_18__dwa__tau_y_150,holdout,holdout_18,dwa,tau_y_150,f1c8fd861651f70500a8a3341a4fd79820a6f66c02609af9d8137fd2b70d947b,true,false,logical_timeout,duration,false,0,600,3000,2.782750905023758,0.8899342088188196,30.00000000000189,30.00000000000189,2.2790982775427557,0.13512063404812186,0.0023711862866666643,0.017756957,true,true,true,true
292,discovery__discovery_18__teb__delay_100,discovery,discovery_18,teb,delay_100,f1c8fd861651f70500a8a3341a4fd79820a6f66c02609af9d8137fd2b70d947b,true,true,external_tolerance,external_tolerance,false,0,378,1888,0.01585876774616549,0.09878670252771306,18.88000000000015,18.88000000000015,6.041464461738863,0.2033100427655972,0.00951599543121694,0.028730927,true,true,true,true
293,holdout__holdout_05__teb__delay_100,holdout,holdout_05,teb,delay_100,f1c8fd861651f70500a8a3341a4fd79820a6f66c02609af9d8137fd2b70d947b,true,true,external_tolerance,external_tolerance,false,0,275,1371,0.07965215996427119,0.0661068508365099,13.709999999999752,13.709999999999752,5.371138354879542,0.11521238054952065,0.00908021382909091,0.031841173,true,true,true,true
294,discovery__discovery_09__teb__tau_y_150,discovery,discovery_09,teb,tau_y_150,f1c8fd861651f70500a8a3341a4fd79820a6f66c02609af9d8137fd2b70d947b,true,true,external_tolerance,external_tolerance,false,0,265,1324,0.07842628694937541,0.07144467716071533,13.239999999999762,13.239999999999762,5.664209372379023,0.1425325502720106,0.009445063407547168,0.027289863,true,true,true,true
295,discovery__discovery_02__teb__tau_y_300,discovery,discovery_02,teb,tau_y_300,f1c8fd861651f70500a8a3341a4fd79820a6f66c02609af9d8137fd2b70d947b,true,true,external_tolerance,external_tolerance,false,0,320,1596,0.0730663486114408,0.09830586139234831,15.959999999999704,15.959999999999704,5.433334358019817,0.05710873583176923,0.010247704684375,0.030312784,true,true,true,true
296,discovery__discovery_18__dwa__delay_100,discovery,discovery_18,dwa,delay_100,f1c8fd861651f70500a8a3341a4fd79820a6f66c02609af9d8137fd2b70d947b,true,false,plugin returned no valid velocity command,plugin returned no valid velocity command,false,1,43,215,4.782126715165411,0.2623026281595221,2.149999999999998,2.149999999999998,0.022803454559040807,0.6778807585728704,0.0028272753181818188,0.006097205,true,true,true,true
297,holdout__holdout_19__dwa__tau_x_300,holdout,holdout_19,dwa,tau_x_300,f1c8fd861651f70500a8a3341a4fd79820a6f66c02609af9d8137fd2b70d947b,true,false,logical_timeout,duration,false,0,600,3000,4.847191900628959,0.5782872798386965,30.00000000000189,30.00000000000189,0.3837988799553691,0.4082947249189979,0.0019935425500000005,0.017936703,true,true,true,true
298,holdout__holdout_04__teb__tau_x_100,holdout,holdout_04,teb,tau_x_100,f1c8fd861651f70500a8a3341a4fd79820a6f66c02609af9d8137fd2b70d947b,true,true,external_tolerance,external_tolerance,false,0,279,1394,0.04760231462100254,0.09974400376515095,13.939999999999747,13.939999999999747,5.791602689921834,0.2098164384021547,0.010066915878136209,0.031724346,true,true,true,true
299,discovery__discovery_15__teb__delay_100,discovery,discovery_15,teb,delay_100,f1c8fd861651f70500a8a3341a4fd79820a6f66c02609af9d8137fd2b70d947b,true,true,external_tolerance,external_tolerance,false,0,332,1660,0.0775608084570135,0.05378387282840358,16.599999999999795,16.599999999999795,6.282479051524943,0.0784839679095725,0.01079503690060241,0.033906208,true,true,true,true
300,holdout__holdout_19__dwa__tau_x_100,holdout,holdout_19,dwa,tau_x_100,f1c8fd861651f70500a8a3341a4fd79820a6f66c02609af9d8137fd2b70d947b,true,false,logical_timeout,duration,false,0,600,3000,4.83973905106104,0.7973685989377347,30.00000000000189,30.00000000000189,0.1542350907733699,0.39928354133883015,0.0019101687499999986,0.021903302,true,true,true,true
301,holdout__holdout_05__teb__delay_200,holdout,holdout_05,teb,delay_200,f1c8fd861651f70500a8a3341a4fd79820a6f66c02609af9d8137fd2b70d947b,true,true,external_tolerance,external_tolerance,false,0,325,1624,0.0767013233299602,0.04872748515495372,16.23999999999974,16.23999999999974,5.43160130249468,0.12984080318820299,0.009510076443076918,0.031767615,true,true,true,true
302,discovery__discovery_12__teb__tau_y_500,discovery,discovery_12,teb,tau_y_500,f1c8fd861651f70500a8a3341a4fd79820a6f66c02609af9d8137fd2b70d947b,true,true,external_tolerance,external_tolerance,false,0,307,1531,0.0795386892348654,0.038049623452303616,15.309999999999718,15.309999999999718,5.284012038452312,0.1224192813635932,0.009421588671009779,0.029359761,true,true,true,true
303,holdout__holdout_02__teb__delay_200,holdout,holdout_02,teb,delay_200,f1c8fd861651f70500a8a3341a4fd79820a6f66c02609af9d8137fd2b70d947b,true,true,external_tolerance,external_tolerance,false,0,399,1995,0.07963936351413874,0.007703589900663125,19.95000000000032,19.95000000000032,5.970349147472173,0.03751279313842982,0.010940595185463661,0.036528278,true,true,true,true
304,holdout__holdout_12__teb__tau_x_300,holdout,holdout_12,teb,tau_x_300,f1c8fd861651f70500a8a3341a4fd79820a6f66c02609af9d8137fd2b70d947b,true,true,external_tolerance,external_tolerance,false,0,248,1237,0.054602839227958194,0.09739561845635003,12.36999999999978,12.36999999999978,5.123561171923066,0.12631709685618023,0.010645662447580645,0.036900706,true,true,true,true
305,holdout__holdout_04__dwa__tau_y_300,holdout,holdout_04,dwa,tau_y_300,f1c8fd861651f70500a8a3341a4fd79820a6f66c02609af9d8137fd2b70d947b,true,false,logical_timeout,duration,false,0,600,3000,3.3845098902445834,0.7636183350206381,30.00000000000189,30.00000000000189,2.2249428529966973,0.09440490301672272,0.0027071590066666653,0.017119672,true,true,true,true
306,holdout__holdout_07__dwa__tau_x_100,holdout,holdout_07,dwa,tau_x_100,f1c8fd861651f70500a8a3341a4fd79820a6f66c02609af9d8137fd2b70d947b,true,false,logical_timeout,duration,false,0,600,3000,4.751622632976504,0.051908026079318347,30.00000000000189,30.00000000000189,0.12779152653451933,0.3516101145199447,0.0014392377916666653,0.004174868,true,true,true,true
307,holdout__holdout_04__dwa__tau_x_300,holdout,holdout_04,dwa,tau_x_300,f1c8fd861651f70500a8a3341a4fd79820a6f66c02609af9d8137fd2b70d947b,true,false,logical_timeout,duration,false,0,600,3000,4.7987688891493585,0.06828936295412627,30.00000000000189,30.00000000000189,0.05226722964506285,0.5190331063502436,0.001443657538333333,0.003774602,true,true,true,true
308,discovery__discovery_07__teb__tau_w_300,discovery,discovery_07,teb,tau_w_300,f1c8fd861651f70500a8a3341a4fd79820a6f66c02609af9d8137fd2b70d947b,true,true,external_tolerance,external_tolerance,false,0,376,1876,0.01965102468007752,0.09531303232260513,18.760000000000133,18.760000000000133,5.8144108971073765,0.17083643815740857,0.009577460082446808,0.029676955,true,true,true,true
309,discovery__discovery_20__teb__e0,discovery,discovery_20,teb,e0,f1c8fd861651f70500a8a3341a4fd79820a6f66c02609af9d8137fd2b70d947b,true,false,plugin returned no valid velocity command,plugin returned no valid velocity command,false,1,102,510,3.092774529204049,0.18543681874885315,5.099999999999936,5.099999999999936,2.20443048428666,0.11784517074462597,0.013442867427184464,0.0295789,true,true,true,true
310,discovery__discovery_18__dwa__tau_x_100,discovery,discovery_18,dwa,tau_x_100,f1c8fd861651f70500a8a3341a4fd79820a6f66c02609af9d8137fd2b70d947b,true,false,logical_timeout,duration,false,0,600,3000,4.83973905106104,0.7973685989377347,30.00000000000189,30.00000000000189,0.1542350907733699,0.5883536683716011,0.0018049074950000014,0.021258581,true,true,true,true
311,discovery__discovery_05__dwa__delay_100,discovery,discovery_05,dwa,delay_100,f1c8fd861651f70500a8a3341a4fd79820a6f66c02609af9d8137fd2b70d947b,true,false,logical_timeout,duration,false,0,600,3000,4.799886964378005,0.05644748660638437,30.00000000000189,30.00000000000189,0.10753009517542378,0.7040026506876254,0.0013774012850000003,0.004236335,true,true,true,true
312,holdout__holdout_20__dwa__e0,holdout,holdout_20,dwa,e0,f1c8fd861651f70500a8a3341a4fd79820a6f66c02609af9d8137fd2b70d947b,true,false,logical_timeout,duration,false,0,600,3000,4.750728787406146,0.002960665189466522,30.00000000000189,30.00000000000189,0.29686420154556653,0.6549420647886863,0.00120933808,0.006390715,true,true,true,true
313,holdout__holdout_15__teb__delay_050,holdout,holdout_15,teb,delay_050,f1c8fd861651f70500a8a3341a4fd79820a6f66c02609af9d8137fd2b70d947b,true,true,external_tolerance,external_tolerance,false,0,242,1207,0.07320074653686381,0.09472507433464462,12.069999999999787,12.069999999999787,4.9783903752119025,0.22334737950489317,0.010422695053719006,0.02708703,true,true,true,true
314,holdout__holdout_08__dwa__delay_200,holdout,holdout_08,dwa,delay_200,f1c8fd861651f70500a8a3341a4fd79820a6f66c02609af9d8137fd2b70d947b,true,false,logical_timeout,duration,false,0,600,3000,4.798693959698342,0.10914475896004373,30.00000000000189,30.00000000000189,0.11073616392538553,0.507377325410184,0.001543712553333333,0.0085029,true,true,true,true
315,holdout__holdout_01__dwa__tau_y_300,holdout,holdout_01,dwa,tau_y_300,f1c8fd861651f70500a8a3341a4fd79820a6f66c02609af9d8137fd2b70d947b,true,false,logical_timeout,duration,false,0,600,3000,4.799915338987383,0.05526327701212631,30.00000000000189,30.00000000000189,0.1320295164372248,0.5970311968398299,0.0012985011433333331,0.00883234,true,true,true,true
316,discovery__discovery_15__teb__tau_y_300,discovery,discovery_15,teb,tau_y_300,f1c8fd861651f70500a8a3341a4fd79820a6f66c02609af9d8137fd2b70d947b,true,true,external_tolerance,external_tolerance,false,0,412,2060,0.07948879651750822,0.055963876877688744,20.60000000000042,20.60000000000042,6.46970918489634,0.04939986327371976,0.00997144827912622,0.029929498,true,true,true,true
317,holdout__holdout_10__dwa__delay_050,holdout,holdout_10,dwa,delay_050,f1c8fd861651f70500a8a3341a4fd79820a6f66c02609af9d8137fd2b70d947b,true,false,logical_timeout,duration,false,0,600,3000,4.800409713394666,0.05368432774527802,30.00000000000189,30.00000000000189,0.10330025774373841,0.7794218829669509,0.001092494543333333,0.004569446,true,true,true,true
318,discovery__discovery_10__teb__tau_w_300,discovery,discovery_10,teb,tau_w_300,f1c8fd861651f70500a8a3341a4fd79820a6f66c02609af9d8137fd2b70d947b,true,true,external_tolerance,external_tolerance,false,0,429,2145,0.07869158621094223,0.023815392602614716,21.450000000000554,21.450000000000554,6.078921840512161,0.11951229520969672,0.01047873539860139,0.029787584,true,true,true,true
319,holdout__holdout_20__dwa__tau_x_100,holdout,holdout_20,dwa,tau_x_100,f1c8fd861651f70500a8a3341a4fd79820a6f66c02609af9d8137fd2b70d947b,true,false,logical_timeout,duration,false,0,600,3000,4.751622632976504,0.051908026079318347,30.00000000000189,30.00000000000189,0.12779152653451933,0.6549420647886863,0.0013522222433333339,0.006993211,true,true,true,true
320,holdout__holdout_09__teb__tau_w_100,holdout,holdout_09,teb,tau_w_100,f1c8fd861651f70500a8a3341a4fd79820a6f66c02609af9d8137fd2b70d947b,true,true,external_tolerance,external_tolerance,false,0,227,1133,0.07656462606935811,0.0015237465737350723,11.329999999999803,11.329999999999803,5.035068843703476,0.07916805264386144,0.010376766669603523,0.031082061,true,true,true,true
321,holdout__holdout_18__dwa__tau_y_500,holdout,holdout_18,dwa,tau_y_500,f1c8fd861651f70500a8a3341a4fd79820a6f66c02609af9d8137fd2b70d947b,true,false,logical_timeout,duration,false,0,600,3000,2.7266314958921187,0.8999992686576411,30.00000000000189,30.00000000000189,2.4583310260448226,0.15557168861257614,0.0024944345166666663,0.019010076,true,true,true,true
322,holdout__holdout_07__dwa__tau_w_300,holdout,holdout_07,dwa,tau_w_300,f1c8fd861651f70500a8a3341a4fd79820a6f66c02609af9d8137fd2b70d947b,true,false,logical_timeout,duration,false,0,600,3000,3.847896006192771,0.6046919286374416,30.00000000000189,30.00000000000189,1.553867609045186,0.2653324003722361,0.0024548213050000008,0.015533116,true,true,true,true
323,discovery__discovery_18__teb__delay_050,discovery,discovery_18,teb,delay_050,f1c8fd861651f70500a8a3341a4fd79820a6f66c02609af9d8137fd2b70d947b,true,true,external_tolerance,external_tolerance,false,0,302,1508,0.03451401536387673,0.0986807945457342,15.079999999999723,15.079999999999723,5.952531030553993,0.21137131706117984,0.00922405712913908,0.030480546,true,true,true,true
324,holdout__holdout_08__dwa__delay_050,holdout,holdout_08,dwa,delay_050,f1c8fd861651f70500a8a3341a4fd79820a6f66c02609af9d8137fd2b70d947b,true,false,logical_timeout,duration,false,0,600,3000,4.800409713394666,0.05368432774527802,30.00000000000189,30.00000000000189,0.10330025774373841,0.50996991935106,0.0011768705233333343,0.004768951,true,true,true,true
325,holdout__holdout_13__dwa__tau_y_500,holdout,holdout_13,dwa,tau_y_500,f1c8fd861651f70500a8a3341a4fd79820a6f66c02609af9d8137fd2b70d947b,true,false,logical_timeout,duration,false,0,600,3000,2.749888071653823,0.565063003766766,30.00000000000189,30.00000000000189,2.3812672346170545,0.39481221578185005,0.0030235892616666676,0.023780361,true,true,true,true
326,discovery__discovery_11__dwa__tau_y_150,discovery,discovery_11,dwa,tau_y_150,f1c8fd861651f70500a8a3341a4fd79820a6f66c02609af9d8137fd2b70d947b,true,false,logical_timeout,duration,false,0,600,3000,4.615589298673842,0.5409867910434484,30.00000000000189,30.00000000000189,0.817245706080055,0.5318616190783475,0.001980763868333335,0.019703418,true,true,true,true
327,discovery__discovery_17__teb__tau_y_150,discovery,discovery_17,teb,tau_y_150,f1c8fd861651f70500a8a3341a4fd79820a6f66c02609af9d8137fd2b70d947b,true,false,plugin returned no valid velocity command,plugin returned no valid velocity command,false,1,122,610,2.729836633042914,0.3121222154825356,6.099999999999914,6.099999999999914,2.696405330338277,0.11312871301302874,0.014209001861788615,0.030950166,true,true,true,true
328,holdout__holdout_01__dwa__delay_200,holdout,holdout_01,dwa,delay_200,f1c8fd861651f70500a8a3341a4fd79820a6f66c02609af9d8137fd2b70d947b,true,false,logical_timeout,duration,false,0,600,3000,4.798693959698342,0.10914475896004373,30.00000000000189,30.00000000000189,0.11073616392538553,0.5970311968398299,0.0009959244933333338,0.005963187,true,true,true,true
329,discovery__discovery_12__dwa__delay_100,discovery,discovery_12,dwa,delay_100,f1c8fd861651f70500a8a3341a4fd79820a6f66c02609af9d8137fd2b70d947b,true,false,logical_timeout,duration,false,0,600,3000,4.799886964378005,0.05644748660638437,30.00000000000189,30.00000000000189,0.10753009517542378,0.7703271399529189,0.0012533521333333356,0.008331718,true,true,true,true
330,holdout__holdout_16__dwa__tau_w_300,holdout,holdout_16,dwa,tau_w_300,f1c8fd861651f70500a8a3341a4fd79820a6f66c02609af9d8137fd2b70d947b,true,false,plugin returned no valid velocity command,plugin returned no valid velocity command,false,1,175,875,2.8984532862701364,0.6011935456110212,8.749999999999858,8.749999999999858,2.078506918459029,0.006626239858530158,0.004032029477272725,0.017948132,true,true,true,true
331,holdout__holdout_04__dwa__tau_w_100,holdout,holdout_04,dwa,tau_w_100,f1c8fd861651f70500a8a3341a4fd79820a6f66c02609af9d8137fd2b70d947b,true,false,logical_timeout,duration,false,0,600,3000,3.4184049520683186,0.8379429171829174,30.00000000000189,30.00000000000189,1.9004865622035476,0.05189230676207727,0.002285266893333333,0.016153029,true,true,true,true
332,discovery__discovery_20__teb__delay_100,discovery,discovery_20,teb,delay_100,f1c8fd861651f70500a8a3341a4fd79820a6f66c02609af9d8137fd2b70d947b,true,false,plugin returned no valid velocity command,plugin returned no valid velocity command,false,1,116,580,3.0682435294758688,0.13493541328731207,5.799999999999921,5.799999999999921,2.2271297368836884,0.09951060611009142,0.013705532452991451,0.033596891,true,true,true,true
333,discovery__discovery_05__dwa__tau_y_500,discovery,discovery_05,dwa,tau_y_500,f1c8fd861651f70500a8a3341a4fd79820a6f66c02609af9d8137fd2b70d947b,true,false,logical_timeout,duration,false,0,600,3000,4.797485535329291,0.16342103560456253,30.00000000000189,30.00000000000189,0.14694983650681062,0.7045637586345174,0.0012535352999999984,0.01188667,true,true,true,true
334,discovery__discovery_19__dwa__delay_050,discovery,discovery_19,dwa,delay_050,f1c8fd861651f70500a8a3341a4fd79820a6f66c02609af9d8137fd2b70d947b,true,false,plugin returned no valid velocity command,plugin returned no valid velocity command,false,1,245,1225,3.324673260168778,0.8268348512610388,12.249999999999783,12.249999999999783,2.897337484099001,0.09172845675011035,0.004535512235772358,0.018571553,true,true,true,true
335,discovery__discovery_10__dwa__tau_y_300,discovery,discovery_10,dwa,tau_y_300,f1c8fd861651f70500a8a3341a4fd79820a6f66c02609af9d8137fd2b70d947b,true,false,logical_timeout,duration,false,0,600,3000,4.7570092306604055,0.7766450077184828,30.00000000000189,30.00000000000189,0.780887704446978,0.7935570260531355,0.0021215627333333333,0.018940229,true,true,true,true
336,holdout__holdout_16__dwa__tau_y_500,holdout,holdout_16,dwa,tau_y_500,f1c8fd861651f70500a8a3341a4fd79820a6f66c02609af9d8137fd2b70d947b,true,false,logical_timeout,duration,false,0,600,3000,3.6462614646023908,0.7620392285147763,30.00000000000189,30.00000000000189,1.7013833911965632,0.22336988011945927,0.002655506846666664,0.017012504,true,true,true,true
337,holdout__holdout_02__dwa__e0,holdout,holdout_02,dwa,e0,f1c8fd861651f70500a8a3341a4fd79820a6f66c02609af9d8137fd2b70d947b,true,false,logical_timeout,duration,false,0,600,3000,4.800342967782957,0.05052643037205333,30.00000000000189,30.00000000000189,0.08043681154258775,1.3983885873927713,0.0010809664049999993,0.004824504,true,true,true,true
338,discovery__discovery_06__dwa__tau_x_300,discovery,discovery_06,dwa,tau_x_300,f1c8fd861651f70500a8a3341a4fd79820a6f66c02609af9d8137fd2b70d947b,true,false,logical_timeout,duration,false,0,600,3000,4.7987983755832255,0.06059223231982813,30.00000000000189,30.00000000000189,0.08880162185125437,0.681080212339259,0.0011688068283333324,0.006352552,true,true,true,true
339,discovery__discovery_18__dwa__tau_y_500,discovery,discovery_18,dwa,tau_y_500,f1c8fd861651f70500a8a3341a4fd79820a6f66c02609af9d8137fd2b70d947b,true,false,logical_timeout,duration,false,0,600,3000,4.786073864726401,0.8169072770097197,30.00000000000189,30.00000000000189,0.39181516405931216,0.6263446039128532,0.002180678619999999,0.017064402,true,true,true,true
340,discovery__discovery_17__dwa__delay_200,discovery,discovery_17,dwa,delay_200,f1c8fd861651f70500a8a3341a4fd79820a6f66c02609af9d8137fd2b70d947b,true,false,logical_timeout,duration,false,0,600,3000,4.798693959698342,0.10914475896004373,30.00000000000189,30.00000000000189,0.11073616392538553,1.4686857704011862,0.0014860125549999987,0.002534252,true,true,true,true
341,discovery__discovery_10__dwa__tau_w_100,discovery,discovery_10,dwa,tau_w_100,f1c8fd861651f70500a8a3341a4fd79820a6f66c02609af9d8137fd2b70d947b,true,false,logical_timeout,duration,false,0,600,3000,4.802281356825087,0.6364837566096664,30.00000000000189,30.00000000000189,0.4786106807067937,0.804564807753719,0.0016490467649999993,0.017153014,true,true,true,true
342,holdout__holdout_01__teb__delay_050,holdout,holdout_01,teb,delay_050,f1c8fd861651f70500a8a3341a4fd79820a6f66c02609af9d8137fd2b70d947b,true,true,external_tolerance,external_tolerance,false,0,260,1298,0.0775448255468566,0.028761405871633165,12.979999999999768,12.979999999999768,5.514762290316825,0.03998882026550492,0.010491677069230767,0.042370463,true,true,true,true
343,holdout__holdout_20__dwa__delay_100,holdout,holdout_20,dwa,delay_100,f1c8fd861651f70500a8a3341a4fd79820a6f66c02609af9d8137fd2b70d947b,true,false,plugin returned no valid velocity command,plugin returned no valid velocity command,false,1,363,1815,3.176989950025349,0.8362498729723196,18.150000000000038,18.150000000000038,1.6926277647443257,0.05369899813555394,0.0021915227060439577,0.012254499,true,true,true,true
344,discovery__discovery_15__teb__tau_w_300,discovery,discovery_15,teb,tau_w_300,f1c8fd861651f70500a8a3341a4fd79820a6f66c02609af9d8137fd2b70d947b,true,true,external_tolerance,external_tolerance,false,0,550,2746,0.03798115937644796,0.09844378360768727,27.460000000001493,27.460000000001493,6.122035911789338,0.08501803636376841,0.011446354125454528,0.036097105,true,true,true,true
345,discovery__discovery_20__teb__delay_050,discovery,discovery_20,teb,delay_050,f1c8fd861651f70500a8a3341a4fd79820a6f66c02609af9d8137fd2b70d947b,true,false,plugin returned no valid velocity command,plugin returned no valid velocity command,false,1,107,535,3.0819638529804214,0.16811212025200364,5.34999999999993,5.34999999999993,2.2138342248562353,0.10477216941063315,0.01447301675,0.031526956,true,true,true,true
346,discovery__discovery_05__dwa__tau_w_300,discovery,discovery_05,dwa,tau_w_300,f1c8fd861651f70500a8a3341a4fd79820a6f66c02609af9d8137fd2b70d947b,true,false,logical_timeout,duration,false,0,600,3000,2.9476942049391557,0.7812557664096478,30.00000000000189,30.00000000000189,2.911913271471555,0.16253691445135887,0.0029676388766666662,0.017923042,true,true,true,true
347,discovery__discovery_16__dwa__tau_w_300,discovery,discovery_16,dwa,tau_w_300,f1c8fd861651f70500a8a3341a4fd79820a6f66c02609af9d8137fd2b70d947b,true,true,external_tolerance,external_tolerance,false,0,388,1940,0.07821751782041561,0.09906529449204866,19.400000000000233,19.400000000000233,5.996880800896759,0.10354198565308813,0.0050476421984536075,0.018884042,true,true,true,true
348,discovery__discovery_05__teb__delay_200,discovery,discovery_05,teb,delay_200,f1c8fd861651f70500a8a3341a4fd79820a6f66c02609af9d8137fd2b70d947b,true,true,external_tolerance,external_tolerance,false,0,425,2124,0.05628170039872951,0.09829561193146907,21.24000000000052,21.24000000000052,6.404189649468048,0.16491481288556523,0.01043596188941177,0.031247352,true,true,true,true
349,holdout__holdout_06__dwa__delay_200,holdout,holdout_06,dwa,delay_200,f1c8fd861651f70500a8a3341a4fd79820a6f66c02609af9d8137fd2b70d947b,true,false,plugin returned no valid velocity command,plugin returned no valid velocity command,false,1,488,2440,2.742169005585133,1.1664473649741158,24.400000000001015,24.400000000001015,2.310834195295598,0.2877150455267065,0.0024141996584867084,0.017355529,true,true,true,true
350,discovery__discovery_15__dwa__tau_y_500,discovery,discovery_15,dwa,tau_y_500,f1c8fd861651f70500a8a3341a4fd79820a6f66c02609af9d8137fd2b70d947b,true,false,logical_timeout,duration,false,0,600,3000,4.713803668789121,0.9872366303773947,30.00000000000189,30.00000000000189,0.6027625976139978,0.8818178748130895,0.0019183561816666654,0.019578347,true,true,true,true
351,discovery__discovery_17__dwa__tau_w_100,discovery,discovery_17,dwa,tau_w_100,f1c8fd861651f70500a8a3341a4fd79820a6f66c02609af9d8137fd2b70d947b,true,false,logical_timeout,duration,false,0,600,3000,4.79937960160367,0.1284129193457563,30.00000000000189,30.00000000000189,0.10350131892526561,1.4773985424777225,0.0012089048133333328,0.003565802,true,true,true,true
352,discovery__discovery_03__dwa__tau_y_500,discovery,discovery_03,dwa,tau_y_500,f1c8fd861651f70500a8a3341a4fd79820a6f66c02609af9d8137fd2b70d947b,true,false,logical_timeout,duration,false,0,600,3000,4.797485535329291,0.16342103560456253,30.00000000000189,30.00000000000189,0.14694983650681062,0.5767083318281437,0.0014361547966666663,0.005093104,true,true,true,true
353,discovery__discovery_11__teb__delay_200,discovery,discovery_11,teb,delay_200,f1c8fd861651f70500a8a3341a4fd79820a6f66c02609af9d8137fd2b70d947b,true,false,plugin returned no valid velocity command,plugin returned no valid velocity command,false,1,322,1610,1.496029750561485,0.6496081103549651,16.099999999999717,16.099999999999717,4.351011285034102,0.01507066886141908,0.013445627136222906,0.03666917,true,true,true,true
354,discovery__discovery_14__dwa__tau_x_100,discovery,discovery_14,dwa,tau_x_100,f1c8fd861651f70500a8a3341a4fd79820a6f66c02609af9d8137fd2b70d947b,true,false,logical_timeout,duration,false,0,600,3000,4.751622632976504,0.051908026079318347,30.00000000000189,30.00000000000189,0.12779152653451933,0.9398867547192299,0.0018013409633333337,0.007010742,true,true,true,true
355,holdout__holdout_15__teb__delay_200,holdout,holdout_15,teb,delay_200,f1c8fd861651f70500a8a3341a4fd79820a6f66c02609af9d8137fd2b70d947b,true,true,external_tolerance,external_tolerance,false,0,332,1657,0.07924167958571214,0.04783909937127883,16.56999999999979,16.56999999999979,5.114012306205071,0.1929205191694283,0.010277606117469877,0.034196008,true,true,true,true
356,holdout__holdout_19__dwa__delay_200,holdout,holdout_19,dwa,delay_200,f1c8fd861651f70500a8a3341a4fd79820a6f66c02609af9d8137fd2b70d947b,true,false,plugin returned no valid velocity command,plugin returned no valid velocity command,false,1,57,285,4.7586053591429724,0.23013156675733332,2.849999999999983,2.849999999999983,0.06160157427554287,0.4798632083370386,0.0015096223448275866,0.004150717,true,true,true,true
357,discovery__discovery_17__dwa__tau_y_500,discovery,discovery_17,dwa,tau_y_500,f1c8fd861651f70500a8a3341a4fd79820a6f66c02609af9d8137fd2b70d947b,true,false,logical_timeout,duration,false,0,600,3000,4.797485535329291,0.16342103560456253,30.00000000000189,30.00000000000189,0.14694983650681062,1.460993943270171,0.0011460820349999993,0.004623036,true,true,true,true
358,holdout__holdout_05__dwa__tau_x_300,holdout,holdout_05,dwa,tau_x_300,f1c8fd861651f70500a8a3341a4fd79820a6f66c02609af9d8137fd2b70d947b,true,false,logical_timeout,duration,false,0,600,3000,4.7987983755832255,0.06059223231982813,30.00000000000189,30.00000000000189,0.08880162185125437,0.9210500412375878,0.0016282587050000005,0.004480969,true,true,true,true
359,holdout__holdout_15__dwa__tau_x_300,holdout,holdout_15,dwa,tau_x_300,f1c8fd861651f70500a8a3341a4fd79820a6f66c02609af9d8137fd2b70d947b,true,false,logical_timeout,duration,false,0,600,3000,4.7987983755832255,0.06059223231982813,30.00000000000189,30.00000000000189,0.08880162185125437,0.7105421236154116,0.0011120107583333335,0.002108311,true,true,true,true
360,holdout__holdout_02__dwa__delay_100,holdout,holdout_02,dwa,delay_100,f1c8fd861651f70500a8a3341a4fd79820a6f66c02609af9d8137fd2b70d947b,true,false,logical_timeout,duration,false,0,600,3000,4.799886964378005,0.05644748660638437,30.00000000000189,30.00000000000189,0.10753009517542378,1.3967347853335215,0.0012454076383333352,0.004907328,true,true,true,true
361,holdout__holdout_07__dwa__tau_x_300,holdout,holdout_07,dwa,tau_x_300,f1c8fd861651f70500a8a3341a4fd79820a6f66c02609af9d8137fd2b70d947b,true,false,logical_timeout,duration,false,0,600,3000,4.7987688891493585,0.06828936295412627,30.00000000000189,30.00000000000189,0.05226722964506285,0.38229631582135304,0.0014603577100000004,0.00707287,true,true,true,true
362,discovery__discovery_14__teb__tau_w_300,discovery,discovery_14,teb,tau_w_300,f1c8fd861651f70500a8a3341a4fd79820a6f66c02609af9d8137fd2b70d947b,true,true,external_tolerance,external_tolerance,false,0,312,1559,0.0781607391462508,0.04919077000576687,15.589999999999712,15.589999999999712,5.172201603648281,0.024193718581711755,0.008071286371794877,0.027999429,true,true,true,true
363,discovery__discovery_14__dwa__tau_y_300,discovery,discovery_14,dwa,tau_y_300,f1c8fd861651f70500a8a3341a4fd79820a6f66c02609af9d8137fd2b70d947b,true,false,logical_timeout,duration,false,0,600,3000,1.8606643730351213,0.8516455233655585,30.00000000000189,30.00000000000189,3.7177561416871256,0.0726329881254938,0.003081056183333336,0.02291554,true,true,true,true
364,discovery__discovery_09__dwa__delay_200,discovery,discovery_09,dwa,delay_200,f1c8fd861651f70500a8a3341a4fd79820a6f66c02609af9d8137fd2b70d947b,true,false,logical_timeout,duration,false,0,600,3000,4.798693959698342,0.10914475896004373,30.00000000000189,30.00000000000189,0.11073616392538553,0.45773258277510803,0.0009247893416666666,0.002246039,true,true,true,true
365,discovery__discovery_18__dwa__delay_050,discovery,discovery_18,dwa,delay_050,f1c8fd861651f70500a8a3341a4fd79820a6f66c02609af9d8137fd2b70d947b,true,false,footprint_collision,footprint_collision,true,0,588,2938,3.8391887228740145,1.0063810057752063,29.380000000001793,29.380000000001793,1.8884238431003566,0.0,0.002904607086734694,0.018188323,true,true,true,true
366,discovery__discovery_03__teb__tau_w_300,discovery,discovery_03,teb,tau_w_300,f1c8fd861651f70500a8a3341a4fd79820a6f66c02609af9d8137fd2b70d947b,true,true,external_tolerance,external_tolerance,false,0,391,1953,0.027166130502681515,0.0982968362524313,19.530000000000253,19.530000000000253,5.82084360117422,0.12096275498491424,0.009577452687979536,0.029082322,true,true,true,true
367,discovery__discovery_01__dwa__delay_200,discovery,discovery_01,dwa,delay_200,f1c8fd861651f70500a8a3341a4fd79820a6f66c02609af9d8137fd2b70d947b,true,false,logical_timeout,duration,false,0,600,3000,4.798693959698342,0.10914475896004373,30.00000000000189,30.00000000000189,0.11073616392538553,0.5444237779524329,0.0014891154716666674,0.007121203,true,true,true,true
368,holdout__holdout_14__dwa__tau_x_300,holdout,holdout_14,dwa,tau_x_300,f1c8fd861651f70500a8a3341a4fd79820a6f66c02609af9d8137fd2b70d947b,true,false,logical_timeout,duration,false,0,600,3000,4.7987983755832255,0.06059223231982813,30.00000000000189,30.00000000000189,0.08880162185125437,0.6948698919597506,0.001105122438333334,0.003862677,true,true,true,true
369,holdout__holdout_16__dwa__tau_x_100,holdout,holdout_16,dwa,tau_x_100,f1c8fd861651f70500a8a3341a4fd79820a6f66c02609af9d8137fd2b70d947b,true,false,logical_timeout,duration,false,0,600,3000,4.751622632976504,0.051908026079318347,30.00000000000189,30.00000000000189,0.12779152653451933,0.6358145075445691,0.0012116638199999995,0.007170539,true,true,true,true
370,holdout__holdout_03__dwa__tau_y_150,holdout,holdout_03,dwa,tau_y_150,f1c8fd861651f70500a8a3341a4fd79820a6f66c02609af9d8137fd2b70d947b,true,false,logical_timeout,duration,false,0,600,3000,2.7280824623756494,0.8370411332696847,30.00000000000189,30.00000000000189,2.6067503038469404,0.06300127661674418,0.0030375668850000006,0.016739559,true,true,true,true
371,holdout__holdout_06__teb__e0,holdout,holdout_06,teb,e0,f1c8fd861651f70500a8a3341a4fd79820a6f66c02609af9d8137fd2b70d947b,true,true,external_tolerance,external_tolerance,false,0,261,1303,0.05338798982062338,0.0964371433473049,13.029999999999767,13.029999999999767,5.891112605754112,0.10575615960631721,0.01194298244827586,0.036214087,true,true,true,true
372,holdout__holdout_12__dwa__tau_w_300,holdout,holdout_12,dwa,tau_w_300,f1c8fd861651f70500a8a3341a4fd79820a6f66c02609af9d8137fd2b70d947b,true,false,logical_timeout,duration,false,0,600,3000,3.4663302449874647,0.8358290940513617,30.00000000000189,30.00000000000189,1.930011750605917,0.38534669058661625,0.002488599401666663,0.01771214,true,true,true,true
373,holdout__holdout_14__teb__delay_050,holdout,holdout_14,teb,delay_050,f1c8fd861651f70500a8a3341a4fd79820a6f66c02609af9d8137fd2b70d947b,true,true,external_tolerance,external_tolerance,false,0,309,1542,0.015353870457404273,0.09716794512103039,15.419999999999716,15.419999999999716,6.473794737847201,0.09940661962614893,0.011106238275080907,0.031041384,true,true,true,true
374,holdout__holdout_18__teb__delay_050,holdout,holdout_18,teb,delay_050,f1c8fd861651f70500a8a3341a4fd79820a6f66c02609af9d8137fd2b70d947b,true,true,external_tolerance,external_tolerance,false,0,234,1168,0.07505762033191722,0.09946655283652503,11.679999999999795,11.679999999999795,5.062939590451895,0.09629596183635702,0.011721196606837606,0.033498212,true,true,true,true
375,discovery__discovery_04__teb__delay_200,discovery,discovery_04,teb,delay_200,f1c8fd861651f70500a8a3341a4fd79820a6f66c02609af9d8137fd2b70d947b,true,true,external_tolerance,external_tolerance,false,0,401,2004,0.01433789773874557,0.09497228621685436,20.040000000000333,20.040000000000333,5.859212836826906,0.03994154500072944,0.009223276079800502,0.030658943,true,true,true,true
376,discovery__discovery_11__dwa__delay_100,discovery,discovery_11,dwa,delay_100,f1c8fd861651f70500a8a3341a4fd79820a6f66c02609af9d8137fd2b70d947b,true,false,logical_timeout,duration,false,0,600,3000,4.801677528406165,0.05407906348793235,30.00000000000189,30.00000000000189,0.15223332564838277,0.6185,0.001211897678333333,0.004774665,true,true,true,true
377,holdout__holdout_10__dwa__tau_w_300,holdout,holdout_10,dwa,tau_w_300,f1c8fd861651f70500a8a3341a4fd79820a6f66c02609af9d8137fd2b70d947b,true,false,logical_timeout,duration,false,0,600,3000,3.7219456347376236,0.6158334245260458,30.00000000000189,30.00000000000189,1.6493006136207358,0.4366570702031709,0.0025745770150000023,0.017470281,true,true,true,true
378,holdout__holdout_19__dwa__tau_w_300,holdout,holdout_19,dwa,tau_w_300,f1c8fd861651f70500a8a3341a4fd79820a6f66c02609af9d8137fd2b70d947b,true,false,logical_timeout,duration,false,0,600,3000,4.402955831908456,0.8316321380327243,30.00000000000189,30.00000000000189,1.1085916975823706,0.5095880349580886,0.002126053914999999,0.017132579,true,true,true,true
379,holdout__holdout_17__teb__tau_x_100,holdout,holdout_17,teb,tau_x_100,f1c8fd861651f70500a8a3341a4fd79820a6f66c02609af9d8137fd2b70d947b,true,false,plugin returned no valid velocity command,plugin returned no valid velocity command,false,1,74,370,3.419203182246743,0.1429655114513627,3.699999999999965,3.699999999999965,1.4846201943165773,0.1618445627570048,0.01629119932,0.032232649,true,true,true,true
380,holdout__holdout_14__dwa__tau_y_500,holdout,holdout_14,dwa,tau_y_500,f1c8fd861651f70500a8a3341a4fd79820a6f66c02609af9d8137fd2b70d947b,true,false,logical_timeout,duration,false,0,600,3000,4.797485535329291,0.16342103560456253,30.00000000000189,30.00000000000189,0.14694983650681062,0.6788414814060523,0.0013556348116666665,0.00571248,true,true,true,true
381,holdout__holdout_02__dwa__tau_y_500,holdout,holdout_02,dwa,tau_y_500,f1c8fd861651f70500a8a3341a4fd79820a6f66c02609af9d8137fd2b70d947b,true,false,logical_timeout,duration,false,0,600,3000,4.797485535329291,0.16342103560456253,30.00000000000189,30.00000000000189,0.14694983650681062,1.3814459027030732,0.0014964963016666668,0.005269763,true,true,true,true
382,holdout__holdout_20__teb__e0,holdout,holdout_20,teb,e0,f1c8fd861651f70500a8a3341a4fd79820a6f66c02609af9d8137fd2b70d947b,true,true,external_tolerance,external_tolerance,false,0,240,1198,0.05511002537640963,0.09667281141496711,11.979999999999789,11.979999999999789,5.345319770794278,0.14140222363279475,0.010520449541666666,0.031069793,true,true,true,true
383,discovery__discovery_16__teb__tau_x_100,discovery,discovery_16,teb,tau_x_100,f1c8fd861651f70500a8a3341a4fd79820a6f66c02609af9d8137fd2b70d947b,true,true,external_tolerance,external_tolerance,false,0,287,1431,0.022128606700939874,0.09520221280130572,14.30999999999974,14.30999999999974,6.12511075466929,0.11212420190767242,0.01152405787804877,0.030910106,true,true,true,true
384,discovery__discovery_19__dwa__tau_x_100,discovery,discovery_19,dwa,tau_x_100,f1c8fd861651f70500a8a3341a4fd79820a6f66c02609af9d8137fd2b70d947b,true,false,logical_timeout,duration,false,0,600,3000,3.461339266722038,0.7398411443383257,30.00000000000189,30.00000000000189,3.5559909250830226,0.13249079214410667,0.00361896045,0.027096583,true,true,true,true
385,holdout__holdout_19__teb__tau_w_100,holdout,holdout_19,teb,tau_w_100,f1c8fd861651f70500a8a3341a4fd79820a6f66c02609af9d8137fd2b70d947b,true,true,external_tolerance,external_tolerance,false,0,277,1384,0.048504529898732086,0.0940830427927462,13.83999999999975,13.83999999999975,5.8444272192196,0.18761658692820526,0.010372124559566777,0.033209571,true,true,true,true
386,holdout__holdout_08__teb__tau_y_500,holdout,holdout_08,teb,tau_y_500,f1c8fd861651f70500a8a3341a4fd79820a6f66c02609af9d8137fd2b70d947b,true,true,external_tolerance,external_tolerance,false,0,354,1769,0.07883524498096647,0.05301686764856903,17.689999999999966,17.689999999999966,6.075951718090231,0.14815863053595765,0.01029397418926554,0.031281186,true,true,true,true
387,discovery__discovery_16__teb__tau_y_500,discovery,discovery_16,teb,tau_y_500,f1c8fd861651f70500a8a3341a4fd79820a6f66c02609af9d8137fd2b70d947b,true,true,external_tolerance,external_tolerance,false,0,375,1873,0.07871248059768138,0.01769981579192197,18.73000000000013,18.73000000000013,6.156856040043838,0.07270465961916622,0.011551813527999994,0.033032341,true,true,true,true
388,holdout__holdout_20__dwa__tau_y_150,holdout,holdout_20,dwa,tau_y_150,f1c8fd861651f70500a8a3341a4fd79820a6f66c02609af9d8137fd2b70d947b,true,false,logical_timeout,duration,false,0,600,3000,3.1972954601578327,0.7754607486124491,30.00000000000189,30.00000000000189,1.892107478591879,0.024059408297117724,0.0027308652133333344,0.020177762,true,true,true,true
389,holdout__holdout_07__dwa__tau_y_150,holdout,holdout_07,dwa,tau_y_150,f1c8fd861651f70500a8a3341a4fd79820a6f66c02609af9d8137fd2b70d947b,true,false,logical_timeout,duration,false,0,600,3000,3.8233085044587596,0.8637467719008992,30.00000000000189,30.00000000000189,1.8140978055138877,0.15907883170458387,0.0026267039233333314,0.01788343,true,true,true,true
390,holdout__holdout_01__dwa__tau_w_100,holdout,holdout_01,dwa,tau_w_100,f1c8fd861651f70500a8a3341a4fd79820a6f66c02609af9d8137fd2b70d947b,true,false,logical_timeout,duration,false,0,600,3000,4.79937960160367,0.1284129193457563,30.00000000000189,30.00000000000189,0.10350131892526561,0.5970311968398299,0.0011705350199999994,0.005718175,true,true,true,true
391,holdout__holdout_08__teb__tau_y_300,holdout,holdout_08,teb,tau_y_300,f1c8fd861651f70500a8a3341a4fd79820a6f66c02609af9d8137fd2b70d947b,true,true,external_tolerance,external_tolerance,false,0,308,1539,0.07911591849038266,0.06879687879590927,15.389999999999716,15.389999999999716,6.022392908012504,0.15664339828172666,0.01069052564935065,0.030281649,true,true,true,true
392,discovery__discovery_16__dwa__delay_100,discovery,discovery_16,dwa,delay_100,f1c8fd861651f70500a8a3341a4fd79820a6f66c02609af9d8137fd2b70d947b,true,false,plugin returned no valid velocity command,plugin returned no valid velocity command,false,1,18,90,4.80218548367512,0.018355259625241184,0.9000000000000006,0.9000000000000006,0.10202583828040537,0.4567355660014023,0.0030465322631578946,0.011173154,true,true,true,true
393,discovery__discovery_18__dwa__tau_x_300,discovery,discovery_18,dwa,tau_x_300,f1c8fd861651f70500a8a3341a4fd79820a6f66c02609af9d8137fd2b70d947b,true,false,logical_timeout,duration,false,0,600,3000,4.847191900628959,0.5782872798386965,30.00000000000189,30.00000000000189,0.3837988799553691,0.5967723673036515,0.0019997928800000006,0.012677951,true,true,true,true
394,holdout__holdout_05__teb__tau_y_300,holdout,holdout_05,teb,tau_y_300,f1c8fd861651f70500a8a3341a4fd79820a6f66c02609af9d8137fd2b70d947b,true,true,external_tolerance,external_tolerance,false,0,342,1710,0.07805733779557801,0.03706263402617061,17.099999999999874,17.099999999999874,5.4813934029611495,0.1223076163859143,0.008719144330409353,0.030019863,true,true,true,true
395,discovery__discovery_08__teb__tau_y_150,discovery,discovery_08,teb,tau_y_150,f1c8fd861651f70500a8a3341a4fd79820a6f66c02609af9d8137fd2b70d947b,true,true,external_tolerance,external_tolerance,false,0,249,1241,0.07907950766571745,0.03437495957050847,12.40999999999978,12.40999999999978,5.213104421827094,0.18602100332092508,0.008971495172690773,0.030923136,true,true,true,true
396,discovery__discovery_02__dwa__tau_y_300,discovery,discovery_02,dwa,tau_y_300,f1c8fd861651f70500a8a3341a4fd79820a6f66c02609af9d8137fd2b70d947b,true,false,logical_timeout,duration,false,0,600,3000,3.211158159196017,0.9171719559561278,30.00000000000189,30.00000000000189,2.2491775133463277,0.33908177067205564,0.00299419096,0.020223643,true,true,true,true
397,discovery__discovery_03__dwa__delay_100,discovery,discovery_03,dwa,delay_100,f1c8fd861651f70500a8a3341a4fd79820a6f66c02609af9d8137fd2b70d947b,true,false,logical_timeout,duration,false,0,600,3000,4.799886964378005,0.05644748660638437,30.00000000000189,30.00000000000189,0.10753009517542378,0.5767083318281437,0.0012183882183333336,0.005292193,true,true,true,true
398,discovery__discovery_15__teb__tau_x_100,discovery,discovery_15,teb,tau_x_100,f1c8fd861651f70500a8a3341a4fd79820a6f66c02609af9d8137fd2b70d947b,true,true,external_tolerance,external_tolerance,false,0,279,1394,0.07535178417090338,0.07118646210661199,13.939999999999747,13.939999999999747,6.161797655493622,0.152927266078373,0.012238265870967739,0.034688595,true,true,true,true
399,holdout__holdout_12__teb__tau_y_500,holdout,holdout_12,teb,tau_y_500,f1c8fd861651f70500a8a3341a4fd79820a6f66c02609af9d8137fd2b70d947b,true,true,external_tolerance,external_tolerance,false,0,346,1728,0.06709936189308321,0.09981759064188368,17.2799999999999,17.2799999999999,5.298010432853809,0.0535494512728146,0.010315705890173403,0.032826657,true,true,true,true
400,discovery__discovery_11__dwa__tau_w_300,discovery,discovery_11,dwa,tau_w_300,f1c8fd861651f70500a8a3341a4fd79820a6f66c02609af9d8137fd2b70d947b,true,false,logical_timeout,duration,false,0,600,3000,2.054185203028747,0.22549138240228542,30.00000000000189,30.00000000000189,3.8858827384940837,0.18878599847871394,0.003431135623333333,0.01869459,true,true,true,true
401,holdout__holdout_10__teb__delay_200,holdout,holdout_10,teb,delay_200,f1c8fd861651f70500a8a3341a4fd79820a6f66c02609af9d8137fd2b70d947b,true,true,external_tolerance,external_tolerance,false,0,422,2106,0.07990950052776576,0.01770843577175287,21.060000000000493,21.060000000000493,5.918305602493159,0.10753374946979682,0.009053150862559246,0.029394841,true,true,true,true
402,holdout__holdout_06__dwa__tau_x_300,holdout,holdout_06,dwa,tau_x_300,f1c8fd861651f70500a8a3341a4fd79820a6f66c02609af9d8137fd2b70d947b,true,false,logical_timeout,duration,false,0,600,3000,4.7987688891493585,0.06828936295412627,30.00000000000189,30.00000000000189,0.05226722964506285,0.7454999999999998,0.0013691521399999984,0.004640831,true,true,true,true
403,discovery__discovery_20__dwa__delay_200,discovery,discovery_20,dwa,delay_200,f1c8fd861651f70500a8a3341a4fd79820a6f66c02609af9d8137fd2b70d947b,true,false,plugin returned no valid velocity command,plugin returned no valid velocity command,false,1,427,2135,3.75224107644339,0.802302628033921,21.350000000000538,21.350000000000538,1.3894101480482155,0.6266030426359963,0.002356186091121495,0.015395089,true,true,true,true
404,discovery__discovery_10__teb__delay_200,discovery,discovery_10,teb,delay_200,f1c8fd861651f70500a8a3341a4fd79820a6f66c02609af9d8137fd2b70d947b,true,true,external_tolerance,external_tolerance,false,0,413,2064,0.07920009706196206,0.051128095345305116,20.640000000000427,20.640000000000427,6.433641236076818,0.1384071905577452,0.01046544630508474,0.029347847,true,true,true,true
405,discovery__discovery_12__teb__tau_x_100,discovery,discovery_12,teb,tau_x_100,f1c8fd861651f70500a8a3341a4fd79820a6f66c02609af9d8137fd2b70d947b,true,true,external_tolerance,external_tolerance,false,0,235,1175,0.07485134818720171,0.09692147683038962,11.749999999999794,11.749999999999794,5.118655285252274,0.17035471343722014,0.010751343365957445,0.029776242,true,true,true,true
406,holdout__holdout_17__teb__e0,holdout,holdout_17,teb,e0,f1c8fd861651f70500a8a3341a4fd79820a6f66c02609af9d8137fd2b70d947b,true,false,plugin returned no valid velocity command,plugin returned no valid velocity command,false,1,72,360,3.3086687798132424,0.2299001580962357,3.5999999999999672,3.5999999999999672,1.5909170230419571,0.07511033449097373,0.01612539931506849,0.031458506,true,true,true,true
407,discovery__discovery_17__dwa__tau_y_150,discovery,discovery_17,dwa,tau_y_150,f1c8fd861651f70500a8a3341a4fd79820a6f66c02609af9d8137fd2b70d947b,true,false,logical_timeout,duration,false,0,600,3000,3.4855283265434687,0.6799337886285661,30.00000000000189,30.00000000000189,2.872491110651523,0.4143692385594871,0.0029870629966666676,0.0180794,true,true,true,true
408,discovery__discovery_15__dwa__e0,discovery,discovery_15,dwa,e0,f1c8fd861651f70500a8a3341a4fd79820a6f66c02609af9d8137fd2b70d947b,true,false,logical_timeout,duration,false,0,600,3000,4.332740373100962,0.8453284452188817,30.00000000000189,30.00000000000189,1.470449940799143,0.4850296003875325,0.0024368181066666654,0.017312135,true,true,true,true
409,holdout__holdout_15__teb__delay_100,holdout,holdout_15,teb,delay_100,f1c8fd861651f70500a8a3341a4fd79820a6f66c02609af9d8137fd2b70d947b,true,true,external_tolerance,external_tolerance,false,0,295,1474,0.07540478701257636,0.09927211250570847,14.73999999999973,14.73999999999973,5.093131679353561,0.17861287956242192,0.010733335393220344,0.032579135,true,true,true,true
410,discovery__discovery_02__dwa__tau_w_100,discovery,discovery_02,dwa,tau_w_100,f1c8fd861651f70500a8a3341a4fd79820a6f66c02609af9d8137fd2b70d947b,true,false,logical_timeout,duration,false,0,600,3000,4.750198638426072,0.016104288848908594,30.00000000000189,30.00000000000189,0.37930497239196737,0.4384403807821566,0.0017629256133333312,0.006925717,true,true,true,true
411,discovery__discovery_11__teb__tau_y_300,discovery,discovery_11,teb,tau_y_300,f1c8fd861651f70500a8a3341a4fd79820a6f66c02609af9d8137fd2b70d947b,true,false,plugin returned no valid velocity command,plugin returned no valid velocity command,false,1,202,1010,1.6203771230929742,0.4999950115714566,10.09999999999983,10.09999999999983,4.132374563101858,0.004115228016152908,0.014329907448275862,0.032779633,true,true,true,true
412,discovery__discovery_08__dwa__delay_100,discovery,discovery_08,dwa,delay_100,f1c8fd861651f70500a8a3341a4fd79820a6f66c02609af9d8137fd2b70d947b,true,false,logical_timeout,duration,false,0,600,3000,4.799886964378005,0.05644748660638437,30.00000000000189,30.00000000000189,0.10753009517542378,0.7169458490326739,0.0010727157783333322,0.005242738,true,true,true,true
413,holdout__holdout_15__teb__tau_x_100,holdout,holdout_15,teb,tau_x_100,f1c8fd861651f70500a8a3341a4fd79820a6f66c02609af9d8137fd2b70d947b,true,true,external_tolerance,external_tolerance,false,0,227,1133,0.06773944758518573,0.09723672779671338,11.329999999999803,11.329999999999803,4.985536509500282,0.2294254759043837,0.010945651616740087,0.031986134,true,true,true,true
414,holdout__holdout_07__dwa__tau_y_300,holdout,holdout_07,dwa,tau_y_300,f1c8fd861651f70500a8a3341a4fd79820a6f66c02609af9d8137fd2b70d947b,true,false,logical_timeout,duration,false,0,600,3000,3.838610679773752,0.8070387757476245,30.00000000000189,30.00000000000189,1.7866361777255981,0.20803722849310113,0.0024398322700000022,0.021326259,true,true,true,true
415,discovery__discovery_18__teb__tau_w_100,discovery,discovery_18,teb,tau_w_100,f1c8fd861651f70500a8a3341a4fd79820a6f66c02609af9d8137fd2b70d947b,true,true,external_tolerance,external_tolerance,false,0,325,1625,0.03617127663800467,0.09848384157707188,16.24999999999974,16.24999999999974,5.927068823199648,0.21218167130738125,0.009497423889230765,0.027406587,true,true,true,true
416,holdout__holdout_04__teb__tau_x_300,holdout,holdout_04,teb,tau_x_300,f1c8fd861651f70500a8a3341a4fd79820a6f66c02609af9d8137fd2b70d947b,true,true,external_tolerance,external_tolerance,false,0,349,1742,0.07718245376414258,0.052311088500914496,17.419999999999924,17.419999999999924,6.151390133133114,0.21040129291260343,0.009459282366762179,0.029206483,true,true,true,true
417,discovery__discovery_01__dwa__tau_y_150,discovery,discovery_01,dwa,tau_y_150,f1c8fd861651f70500a8a3341a4fd79820a6f66c02609af9d8137fd2b70d947b,true,true,external_tolerance,external_tolerance,false,0,327,1632,0.07721790305570979,0.09936128498036473,16.31999999999975,16.31999999999975,5.481848155004556,0.1637192641289678,0.0047870408287461735,0.017486267,true,true,true,true
418,holdout__holdout_05__dwa__tau_y_300,holdout,holdout_05,dwa,tau_y_300,f1c8fd861651f70500a8a3341a4fd79820a6f66c02609af9d8137fd2b70d947b,true,false,logical_timeout,duration,false,0,600,3000,4.799915338987383,0.05526327701212631,30.00000000000189,30.00000000000189,0.1320295164372248,0.9210500412375878,0.0011721309983333326,0.003893038,true,true,true,true
419,holdout__holdout_01__teb__delay_200,holdout,holdout_01,teb,delay_200,f1c8fd861651f70500a8a3341a4fd79820a6f66c02609af9d8137fd2b70d947b,true,false,plugin returned no valid velocity command,plugin returned no valid velocity command,false,1,158,790,2.6130874893576492,0.13678615307804656,7.899999999999876,7.899999999999876,2.695683767739372,0.025048191323431182,0.014599270169811317,0.032368209,true,true,true,true
420,discovery__discovery_11__teb__e0,discovery,discovery_11,teb,e0,f1c8fd861651f70500a8a3341a4fd79820a6f66c02609af9d8137fd2b70d947b,true,true,external_tolerance,external_tolerance,false,0,275,1371,0.01984575871902401,0.098595385265498,13.709999999999752,13.709999999999752,5.9113143837111854,0.06461478465378703,0.010904169839999998,0.034026544,true,true,true,true
421,holdout__holdout_12__teb__tau_x_100,holdout,holdout_12,teb,tau_x_100,f1c8fd861651f70500a8a3341a4fd79820a6f66c02609af9d8137fd2b70d947b,true,true,external_tolerance,external_tolerance,false,0,229,1145,0.0735216222907198,0.09925454090746084,11.4499999999998,11.4499999999998,5.090946441603928,0.14319856779111043,0.010655434336244544,0.033022932,true,true,true,true
422,holdout__holdout_13__teb__tau_y_500,holdout,holdout_13,teb,tau_y_500,f1c8fd861651f70500a8a3341a4fd79820a6f66c02609af9d8137fd2b70d947b,true,false,plugin returned no valid velocity command,plugin returned no valid velocity command,false,1,175,875,1.5391648704712886,0.12441639721627211,8.749999999999858,8.749999999999858,3.561941323071922,0.025599090923854175,0.012914734994318182,0.030132062,true,true,true,true
423,discovery__discovery_17__teb__delay_050,discovery,discovery_17,teb,delay_050,f1c8fd861651f70500a8a3341a4fd79820a6f66c02609af9d8137fd2b70d947b,true,true,external_tolerance,external_tolerance,false,0,300,1499,0.01455423771337164,0.09686580267270099,14.989999999999725,14.989999999999725,6.323767844453736,0.1761865803076008,0.010945369836666661,0.029351729,true,true,true,true
424,holdout__holdout_13__teb__delay_100,holdout,holdout_13,teb,delay_100,f1c8fd861651f70500a8a3341a4fd79820a6f66c02609af9d8137fd2b70d947b,true,true,external_tolerance,external_tolerance,false,0,273,1362,0.049338848445731213,0.09601386399327004,13.619999999999754,13.619999999999754,5.176199505590167,0.1497844588062691,0.010500079289377282,0.031747046,true,true,true,true
425,discovery__discovery_18__dwa__tau_w_300,discovery,discovery_18,dwa,tau_w_300,f1c8fd861651f70500a8a3341a4fd79820a6f66c02609af9d8137fd2b70d947b,true,false,footprint_collision,footprint_collision,true,0,125,623,3.7970066278338788,0.7948931033976775,6.229999999999912,6.229999999999912,1.6794999820167336,0.0,0.004977883864,0.017072222,true,true,true,true
426,discovery__discovery_18__dwa__tau_w_100,discovery,discovery_18,dwa,tau_w_100,f1c8fd861651f70500a8a3341a4fd79820a6f66c02609af9d8137fd2b70d947b,true,false,logical_timeout,duration,false,0,600,3000,4.846350580980265,0.6869759746551225,30.00000000000189,30.00000000000189,0.42427196801886025,0.5887818187026576,0.0019201850716666661,0.010849879,true,true,true,true
427,discovery__discovery_11__teb__tau_y_150,discovery,discovery_11,teb,tau_y_150,f1c8fd861651f70500a8a3341a4fd79820a6f66c02609af9d8137fd2b70d947b,true,true,external_tolerance,external_tolerance,false,0,283,1413,0.01144958807560044,0.09636622865479616,14.129999999999743,14.129999999999743,5.944794762075666,0.03826710874523875,0.01149697794699647,0.039100124,true,true,true,true
428,holdout__holdout_17__teb__tau_y_300,holdout,holdout_17,teb,tau_y_300,f1c8fd861651f70500a8a3341a4fd79820a6f66c02609af9d8137fd2b70d947b,true,false,plugin returned no valid velocity command,plugin returned no valid velocity command,false,1,81,405,3.3698442560459383,0.14073755635035184,4.049999999999958,4.049999999999958,1.503354740174453,0.17838605637401217,0.017132026914634144,0.031968522,true,true,true,true
429,discovery__discovery_04__teb__e0,discovery,discovery_04,teb,e0,f1c8fd861651f70500a8a3341a4fd79820a6f66c02609af9d8137fd2b70d947b,true,true,external_tolerance,external_tolerance,false,0,271,1352,0.016797205220796408,0.09664024945509196,13.519999999999756,13.519999999999756,5.784164194056772,0.14370538311720982,0.010719040520295209,0.030148077,true,true,true,true
430,holdout__holdout_07__teb__tau_y_300,holdout,holdout_07,teb,tau_y_300,f1c8fd861651f70500a8a3341a4fd79820a6f66c02609af9d8137fd2b70d947b,true,false,plugin returned no valid velocity command,plugin returned no valid velocity command,false,1,146,730,2.7560658505283815,0.2971412287673254,7.299999999999889,7.299999999999889,2.5622252634177767,0.06928168574704596,0.01633003018367347,0.032379687,true,true,true,true
431,discovery__discovery_16__teb__e0,discovery,discovery_16,teb,e0,f1c8fd861651f70500a8a3341a4fd79820a6f66c02609af9d8137fd2b70d947b,true,true,external_tolerance,external_tolerance,false,0,280,1398,0.03075269133227265,0.09993594063336819,13.979999999999746,13.979999999999746,6.127768027960449,0.1139601782557379,0.010790463950000004,0.033544478,true,true,true,true
432,discovery__discovery_17__teb__delay_100,discovery,discovery_17,teb,delay_100,f1c8fd861651f70500a8a3341a4fd79820a6f66c02609af9d8137fd2b70d947b,true,true,external_tolerance,external_tolerance,false,0,332,1658,0.01632120042477061,0.09584876400990172,16.579999999999792,16.579999999999792,6.4184148720077765,0.13742890584870177,0.01106084466867469,0.033963196,true,true,true,true
433,holdout__holdout_09__teb__tau_y_500,holdout,holdout_09,teb,tau_y_500,f1c8fd861651f70500a8a3341a4fd79820a6f66c02609af9d8137fd2b70d947b,true,false,plugin returned no valid velocity command,plugin returned no valid velocity command,false,1,150,750,2.7392992155277356,0.14096992488240737,7.4999999999998845,7.4999999999998845,2.381285320581215,0.003924993319654908,0.014408214907284765,0.028104194,true,true,true,true
434,holdout__holdout_04__dwa__delay_200,holdout,holdout_04,dwa,delay_200,f1c8fd861651f70500a8a3341a4fd79820a6f66c02609af9d8137fd2b70d947b,true,false,plugin returned no valid velocity command,plugin returned no valid velocity command,false,1,433,2165,3.072469446024454,0.8755262839572439,21.650000000000585,21.650000000000585,2.071034810680967,0.04598310940488312,0.002505430792626727,0.021145311,true,true,true,true
435,holdout__holdout_18__teb__delay_100,holdout,holdout_18,teb,delay_100,f1c8fd861651f70500a8a3341a4fd79820a6f66c02609af9d8137fd2b70d947b,true,true,external_tolerance,external_tolerance,false,0,260,1298,0.07843997289784153,0.05851411151242795,12.979999999999768,12.979999999999768,5.167927640906973,0.10529456535010362,0.011586065857692302,0.03499105,true,true,true,true
436,discovery__discovery_09__teb__tau_w_300,discovery,discovery_09,teb,tau_w_300,f1c8fd861651f70500a8a3341a4fd79820a6f66c02609af9d8137fd2b70d947b,true,true,external_tolerance,external_tolerance,false,0,357,1781,0.05256601098952415,0.09739352412315895,17.809999999999985,17.809999999999985,5.5990680639709565,0.16867502226247055,0.009154614509803916,0.030593976,true,true,true,true
437,discovery__discovery_10__teb__delay_100,discovery,discovery_10,teb,delay_100,f1c8fd861651f70500a8a3341a4fd79820a6f66c02609af9d8137fd2b70d947b,true,true,external_tolerance,external_tolerance,false,0,325,1622,0.07884372765674086,0.04816212134107881,16.219999999999736,16.219999999999736,6.177770984784882,0.1300923760075452,0.00965732895076923,0.034736451,true,true,true,true
438,discovery__discovery_11__dwa__tau_x_300,discovery,discovery_11,dwa,tau_x_300,f1c8fd861651f70500a8a3341a4fd79820a6f66c02609af9d8137fd2b70d947b,true,false,logical_timeout,duration,false,0,600,3000,0.2575619487495918,1.5772305964262927,30.00000000000189,30.00000000000189,6.343890219649272,0.1570388371067788,0.003960342989999997,0.019744181,true,true,true,true
439,discovery__discovery_02__teb__tau_x_100,discovery,discovery_02,teb,tau_x_100,f1c8fd861651f70500a8a3341a4fd79820a6f66c02609af9d8137fd2b70d947b,true,true,external_tolerance,external_tolerance,false,0,234,1169,0.05456673884438266,0.09953588642428371,11.689999999999795,11.689999999999795,5.212063842713656,0.17387967428274828,0.010398545841880347,0.029708947,true,true,true,true
440,discovery__discovery_19__dwa__tau_w_100,discovery,discovery_19,dwa,tau_w_100,f1c8fd861651f70500a8a3341a4fd79820a6f66c02609af9d8137fd2b70d947b,true,false,logical_timeout,duration,false,0,600,3000,3.327000006929735,0.7510335957623749,30.00000000000189,30.00000000000189,3.464038782001218,0.03625250429512472,0.0022425530333333304,0.015315711,true,true,true,true
441,discovery__discovery_01__dwa__tau_y_300,discovery,discovery_01,dwa,tau_y_300,f1c8fd861651f70500a8a3341a4fd79820a6f66c02609af9d8137fd2b70d947b,true,false,logical_timeout,duration,false,0,600,3000,4.799915338987383,0.05526327701212631,30.00000000000189,30.00000000000189,0.1320295164372248,0.5442043905118665,0.0014224830183333322,0.004621045,true,true,true,true
442,holdout__holdout_09__dwa__delay_050,holdout,holdout_09,dwa,delay_050,f1c8fd861651f70500a8a3341a4fd79820a6f66c02609af9d8137fd2b70d947b,true,false,logical_timeout,duration,false,0,600,3000,4.800409713394666,0.05368432774527802,30.00000000000189,30.00000000000189,0.10330025774373841,0.8035557500980427,0.0014194701133333333,0.008161034,true,true,true,true
443,holdout__holdout_18__dwa__delay_050,holdout,holdout_18,dwa,delay_050,f1c8fd861651f70500a8a3341a4fd79820a6f66c02609af9d8137fd2b70d947b,true,false,plugin returned no valid velocity command,plugin returned no valid velocity command,false,1,32,160,4.789388221964771,0.03296052641235291,1.6000000000000012,1.6000000000000012,0.060793762754946544,0.45740437179750265,0.00291076606060606,0.007958483,true,true,true,true
444,discovery__discovery_15__dwa__delay_050,discovery,discovery_15,dwa,delay_050,f1c8fd861651f70500a8a3341a4fd79820a6f66c02609af9d8137fd2b70d947b,true,false,plugin returned no valid velocity command,plugin returned no valid velocity command,false,1,79,395,4.232208380527272,0.1494079327210712,3.9499999999999598,3.9499999999999598,1.0671043500435544,0.45503427115995065,0.0047021290375,0.015974138,true,true,true,true
445,holdout__holdout_19__dwa__delay_050,holdout,holdout_19,dwa,delay_050,f1c8fd861651f70500a8a3341a4fd79820a6f66c02609af9d8137fd2b70d947b,true,false,logical_timeout,duration,false,0,600,3000,4.39578059080506,0.8206574374670129,30.00000000000189,30.00000000000189,1.0843686792864422,0.4465512139602157,0.0024151210016666656,0.01534805,true,true,true,true
446,discovery__discovery_06__dwa__tau_y_500,discovery,discovery_06,dwa,tau_y_500,f1c8fd861651f70500a8a3341a4fd79820a6f66c02609af9d8137fd2b70d947b,true,false,logical_timeout,duration,false,0,600,3000,4.797485535329291,0.16342103560456253,30.00000000000189,30.00000000000189,0.14694983650681062,0.6677301682492381,0.0014664846100000007,0.004487808,true,true,true,true
447,discovery__discovery_14__dwa__delay_100,discovery,discovery_14,dwa,delay_100,f1c8fd861651f70500a8a3341a4fd79820a6f66c02609af9d8137fd2b70d947b,true,false,plugin returned no valid velocity command,plugin returned no valid velocity command,false,1,423,2115,1.8438067804690386,0.907302628387707,21.150000000000507,21.150000000000507,3.1367937376230164,0.04904482972089342,0.003240586195754715,0.020080435,true,true,true,true
448,discovery__discovery_04__teb__tau_w_300,discovery,discovery_04,teb,tau_w_300,f1c8fd861651f70500a8a3341a4fd79820a6f66c02609af9d8137fd2b70d947b,true,true,external_tolerance,external_tolerance,false,0,404,2020,0.014181248284851632,0.09369799656982976,20.200000000000358,20.200000000000358,5.790962949901157,0.1312399372111455,0.009361272853960398,0.031190366,true,true,true,true
449,discovery__discovery_10__dwa__tau_y_500,discovery,discovery_10,dwa,tau_y_500,f1c8fd861651f70500a8a3341a4fd79820a6f66c02609af9d8137fd2b70d947b,true,false,logical_timeout,duration,false,0,600,3000,4.80096935748661,0.7002632811199636,30.00000000000189,30.00000000000189,0.25111634048292025,0.787295055679499,0.002070775500000001,0.019239851,true,true,true,true
450,discovery__discovery_08__teb__tau_y_500,discovery,discovery_08,teb,tau_y_500,f1c8fd861651f70500a8a3341a4fd79820a6f66c02609af9d8137fd2b70d947b,true,true,external_tolerance,external_tolerance,false,0,300,1496,0.0777144178089312,0.09699862736243194,14.959999999999726,14.959999999999726,5.267082828809353,0.16722488375644695,0.009729582463333325,0.029428028,true,true,true,true
451,discovery__discovery_10__dwa__e0,discovery,discovery_10,dwa,e0,f1c8fd861651f70500a8a3341a4fd79820a6f66c02609af9d8137fd2b70d947b,true,false,logical_timeout,duration,false,0,600,3000,4.72029108206253,0.9412503115134312,30.00000000000189,30.00000000000189,0.8742636020750174,0.804564807753719,0.0022171039816666674,0.019415893,true,true,true,true
452,discovery__discovery_17__teb__delay_200,discovery,discovery_17,teb,delay_200,f1c8fd861651f70500a8a3341a4fd79820a6f66c02609af9d8137fd2b70d947b,true,false,plugin returned no valid velocity command,plugin returned no valid velocity command,false,1,142,710,2.7201233416751927,0.30965674297977636,7.099999999999893,7.099999999999893,2.6598668892595865,0.11100274322933056,0.013886653860139861,0.030210495,true,true,true,true
453,discovery__discovery_07__dwa__delay_200,discovery,discovery_07,dwa,delay_200,f1c8fd861651f70500a8a3341a4fd79820a6f66c02609af9d8137fd2b70d947b,true,false,plugin returned no valid velocity command,plugin returned no valid velocity command,false,1,503,2515,2.0308166951715263,0.22519743388620517,25.150000000001132,25.150000000001132,3.0841421289642112,0.14089774262352361,0.0030322323531746026,0.017645879,true,true,true,true
454,holdout__holdout_06__dwa__delay_100,holdout,holdout_06,dwa,delay_100,f1c8fd861651f70500a8a3341a4fd79820a6f66c02609af9d8137fd2b70d947b,true,false,logical_timeout,duration,false,0,600,3000,3.1153600829292967,0.7853288932704222,30.00000000000189,30.00000000000189,2.1442699453484484,0.31059543223805236,0.0022889824066666684,0.016523343,true,true,true,true
455,holdout__holdout_18__teb__tau_w_100,holdout,holdout_18,teb,tau_w_100,f1c8fd861651f70500a8a3341a4fd79820a6f66c02609af9d8137fd2b70d947b,true,true,external_tolerance,external_tolerance,false,0,226,1130,0.051020968183729795,0.09757147069893561,11.299999999999804,11.299999999999804,4.9824049830167505,0.12340370459565007,0.01031626957964601,0.025273334,true,true,true,true
456,holdout__holdout_05__teb__tau_w_100,holdout,holdout_05,teb,tau_w_100,f1c8fd861651f70500a8a3341a4fd79820a6f66c02609af9d8137fd2b70d947b,true,true,external_tolerance,external_tolerance,false,0,241,1203,0.07846974510618865,0.0636872174933684,12.029999999999788,12.029999999999788,5.142230440902659,0.12510772932456676,0.008975538651452286,0.026336145,true,true,true,true
457,holdout__holdout_08__teb__delay_050,holdout,holdout_08,teb,delay_050,f1c8fd861651f70500a8a3341a4fd79820a6f66c02609af9d8137fd2b70d947b,true,true,external_tolerance,external_tolerance,false,0,269,1342,0.07900627486810703,0.09679445575732051,13.419999999999758,13.419999999999758,5.871731977638163,0.05780921926479893,0.009572002702602228,0.02875403,true,true,true,true
458,holdout__holdout_19__teb__delay_100,holdout,holdout_19,teb,delay_100,f1c8fd861651f70500a8a3341a4fd79820a6f66c02609af9d8137fd2b70d947b,true,true,external_tolerance,external_tolerance,false,0,305,1524,0.04300675935288405,0.09705817187942979,15.23999999999972,15.23999999999972,5.912078891121984,0.17345673369505887,0.009429316616393443,0.026378084,true,true,true,true
459,holdout__holdout_17__dwa__delay_200,holdout,holdout_17,dwa,delay_200,f1c8fd861651f70500a8a3341a4fd79820a6f66c02609af9d8137fd2b70d947b,true,false,logical_timeout,duration,false,0,600,3000,4.798693959698342,0.10914475896004373,30.00000000000189,30.00000000000189,0.11073616392538553,0.36925852809483234,0.0008642139699999999,0.00680309,true,true,true,true
460,holdout__holdout_02__teb__tau_y_500,holdout,holdout_02,teb,tau_y_500,f1c8fd861651f70500a8a3341a4fd79820a6f66c02609af9d8137fd2b70d947b,true,true,external_tolerance,external_tolerance,false,0,358,1788,0.0795100201654976,0.04593428548707591,17.879999999999995,17.879999999999995,5.89899775971595,0.0675666430793267,0.008397418064245805,0.025717665,true,true,true,true
461,holdout__holdout_11__teb__tau_x_100,holdout,holdout_11,teb,tau_x_100,f1c8fd861651f70500a8a3341a4fd79820a6f66c02609af9d8137fd2b70d947b,true,true,external_tolerance,external_tolerance,false,0,245,1222,0.040566723789474506,0.09586517974899926,12.219999999999784,12.219999999999784,5.25768077379466,0.16600658787788544,0.009311840706122463,0.027341466,true,true,true,true
462,holdout__holdout_03__teb__e0,holdout,holdout_03,teb,e0,f1c8fd861651f70500a8a3341a4fd79820a6f66c02609af9d8137fd2b70d947b,true,true,external_tolerance,external_tolerance,false,0,239,1194,0.05889713558792859,0.09850697384794796,11.93999999999979,11.93999999999979,5.301244302998402,0.1571996517807476,0.008989698033472812,0.02309705,true,true,true,true
463,holdout__holdout_20__dwa__tau_w_300,holdout,holdout_20,dwa,tau_w_300,f1c8fd861651f70500a8a3341a4fd79820a6f66c02609af9d8137fd2b70d947b,true,false,logical_timeout,duration,false,0,600,3000,3.1964545961540325,0.7842000214898985,30.00000000000189,30.00000000000189,1.913980039487308,0.06657440720579723,0.0025866013649999994,0.017130788,true,true,true,true
464,holdout__holdout_15__dwa__e0,holdout,holdout_15,dwa,e0,f1c8fd861651f70500a8a3341a4fd79820a6f66c02609af9d8137fd2b70d947b,true,false,logical_timeout,duration,false,0,600,3000,4.800342967782957,0.05052643037205333,30.00000000000189,30.00000000000189,0.08043681154258775,0.7143539515836996,0.0013476185333333329,0.004613232,true,true,true,true
465,holdout__holdout_07__teb__tau_y_500,holdout,holdout_07,teb,tau_y_500,f1c8fd861651f70500a8a3341a4fd79820a6f66c02609af9d8137fd2b70d947b,true,false,plugin returned no valid velocity command,plugin returned no valid velocity command,false,1,181,905,2.863451205987202,0.33453156174636867,9.049999999999851,9.049999999999851,2.5403082224953,0.15445288188625828,0.016120972417582424,0.032254967,true,true,true,true
466,discovery__discovery_14__dwa__e0,discovery,discovery_14,dwa,e0,f1c8fd861651f70500a8a3341a4fd79820a6f66c02609af9d8137fd2b70d947b,true,false,logical_timeout,duration,false,0,600,3000,4.750728787406146,0.002960665189466522,30.00000000000189,30.00000000000189,0.29686420154556653,0.9417938847237654,0.0015189273500000016,0.005328895,true,true,true,true
467,holdout__holdout_09__dwa__tau_x_300,holdout,holdout_09,dwa,tau_x_300,f1c8fd861651f70500a8a3341a4fd79820a6f66c02609af9d8137fd2b70d947b,true,false,logical_timeout,duration,false,0,600,3000,4.7987983755832255,0.06059223231982813,30.00000000000189,30.00000000000189,0.08880162185125437,0.8035557500980427,0.0010345006883333335,0.004174862,true,true,true,true
468,discovery__discovery_14__dwa__delay_050,discovery,discovery_14,dwa,delay_050,f1c8fd861651f70500a8a3341a4fd79820a6f66c02609af9d8137fd2b70d947b,true,false,plugin returned no valid velocity command,plugin returned no valid velocity command,false,1,32,160,4.789388221964771,0.03296052641235291,1.6000000000000012,1.6000000000000012,0.060793762754946544,0.9945472000759373,0.0016110989090909091,0.003570847,true,true,true,true
469,holdout__holdout_04__dwa__delay_050,holdout,holdout_04,dwa,delay_050,f1c8fd861651f70500a8a3341a4fd79820a6f66c02609af9d8137fd2b70d947b,true,false,logical_timeout,duration,false,0,600,3000,3.363487542243192,0.9355263851908985,30.00000000000189,30.00000000000189,2.137299703281152,0.06261592834238702,0.0026044585249999992,0.019392908,true,true,true,true
470,discovery__discovery_04__dwa__e0,discovery,discovery_04,dwa,e0,f1c8fd861651f70500a8a3341a4fd79820a6f66c02609af9d8137fd2b70d947b,true,false,logical_timeout,duration,false,0,600,3000,4.750728787406146,0.002960665189466522,30.00000000000189,30.00000000000189,0.29686420154556653,0.4883988882964072,0.0013174726066666651,0.004451668,true,true,true,true
471,discovery__discovery_03__teb__delay_100,discovery,discovery_03,teb,delay_100,f1c8fd861651f70500a8a3341a4fd79820a6f66c02609af9d8137fd2b70d947b,true,true,external_tolerance,external_tolerance,false,0,329,1643,0.023297983697022764,0.09936797956927365,16.42999999999977,16.42999999999977,6.0615580532125,0.1219306647113285,0.01008715976291793,0.029870916,true,true,true,true
472,holdout__holdout_14__teb__e0,holdout,holdout_14,teb,e0,f1c8fd861651f70500a8a3341a4fd79820a6f66c02609af9d8137fd2b70d947b,true,true,external_tolerance,external_tolerance,false,0,294,1467,0.02322055637115195,0.09596221249310602,14.669999999999732,14.669999999999732,6.419905590320217,0.10466047807521063,0.011242235744897962,0.02968975,true,true,true,true
473,holdout__holdout_14__teb__tau_x_300,holdout,holdout_14,teb,tau_x_300,f1c8fd861651f70500a8a3341a4fd79820a6f66c02609af9d8137fd2b70d947b,true,true,external_tolerance,external_tolerance,false,0,383,1914,0.07923951991271465,0.044564345472766026,19.140000000000192,19.140000000000192,6.923689934809956,0.10507057214386302,0.010189123375979112,0.032735778,true,true,true,true
474,discovery__discovery_03__dwa__e0,discovery,discovery_03,dwa,e0,f1c8fd861651f70500a8a3341a4fd79820a6f66c02609af9d8137fd2b70d947b,true,false,logical_timeout,duration,false,0,600,3000,4.800342967782957,0.05052643037205333,30.00000000000189,30.00000000000189,0.08043681154258775,0.5767083318281437,0.0013240472749999992,0.009454046,true,true,true,true
475,holdout__holdout_09__dwa__e0,holdout,holdout_09,dwa,e0,f1c8fd861651f70500a8a3341a4fd79820a6f66c02609af9d8137fd2b70d947b,true,false,logical_timeout,duration,false,0,600,3000,4.800342967782957,0.05052643037205333,30.00000000000189,30.00000000000189,0.08043681154258775,0.8035557500980427,0.0015917102016666667,0.005721027,true,true,true,true
476,holdout__holdout_16__dwa__delay_050,holdout,holdout_16,dwa,delay_050,f1c8fd861651f70500a8a3341a4fd79820a6f66c02609af9d8137fd2b70d947b,true,false,plugin returned no valid velocity command,plugin returned no valid velocity command,false,1,32,160,4.789388221964771,0.03296052641235291,1.6000000000000012,1.6000000000000012,0.060793762754946544,0.6409474526706697,0.0013066419090909094,0.002230712,true,true,true,true
477,discovery__discovery_03__teb__tau_w_100,discovery,discovery_03,teb,tau_w_100,f1c8fd861651f70500a8a3341a4fd79820a6f66c02609af9d8137fd2b70d947b,true,true,external_tolerance,external_tolerance,false,0,292,1458,0.024716588913258373,0.09740647922116367,14.579999999999734,14.579999999999734,5.859571916026766,0.12355423682054881,0.009765076849315065,0.030311258,true,true,true,true
478,holdout__holdout_06__dwa__tau_w_100,holdout,holdout_06,dwa,tau_w_100,f1c8fd861651f70500a8a3341a4fd79820a6f66c02609af9d8137fd2b70d947b,true,false,logical_timeout,duration,false,0,600,3000,4.750198638426072,0.016104288848908594,30.00000000000189,30.00000000000189,0.37930497239196737,0.7454999999999998,0.0017816239883333336,0.005994488,true,true,true,true
479,discovery__discovery_17__teb__tau_x_100,discovery,discovery_17,teb,tau_x_100,f1c8fd861651f70500a8a3341a4fd79820a6f66c02609af9d8137fd2b70d947b,true,true,external_tolerance,external_tolerance,false,0,291,1451,0.060172661702020847,0.09755901428405253,14.509999999999735,14.509999999999735,6.352180558100537,0.1607432911119707,0.011537693879725084,0.028750992,true,true,true,true
480,holdout__holdout_12__teb__delay_050,holdout,holdout_12,teb,delay_050,f1c8fd861651f70500a8a3341a4fd79820a6f66c02609af9d8137fd2b70d947b,true,true,external_tolerance,external_tolerance,false,0,232,1157,0.07178131279722656,0.09702106110597221,11.569999999999798,11.569999999999798,5.160636705769249,0.12496234982949316,0.0103780142112069,0.030414964,true,true,true,true
481,discovery__discovery_17__teb__tau_y_500,discovery,discovery_17,teb,tau_y_500,f1c8fd861651f70500a8a3341a4fd79820a6f66c02609af9d8137fd2b70d947b,true,false,plugin returned no valid velocity command,plugin returned no valid velocity command,false,1,158,790,2.7813576564656017,0.29451997221842247,7.899999999999876,7.899999999999876,2.7368501227903095,0.13041973373338278,0.014697087150943401,0.029604359,true,true,true,true
482,discovery__discovery_13__teb__delay_050,discovery,discovery_13,teb,delay_050,f1c8fd861651f70500a8a3341a4fd79820a6f66c02609af9d8137fd2b70d947b,true,true,external_tolerance,external_tolerance,false,0,272,1359,0.05764090881201167,0.09605434602679706,13.589999999999755,13.589999999999755,5.550601639667658,0.21020662004995716,0.010439967169117634,0.029955029,true,true,true,true
483,discovery__discovery_03__dwa__delay_200,discovery,discovery_03,dwa,delay_200,f1c8fd861651f70500a8a3341a4fd79820a6f66c02609af9d8137fd2b70d947b,true,false,logical_timeout,duration,false,0,600,3000,4.798693959698342,0.10914475896004373,30.00000000000189,30.00000000000189,0.11073616392538553,0.5767083318281437,0.001414330604999999,0.006804424,true,true,true,true
484,discovery__discovery_04__teb__tau_y_150,discovery,discovery_04,teb,tau_y_150,f1c8fd861651f70500a8a3341a4fd79820a6f66c02609af9d8137fd2b70d947b,true,true,external_tolerance,external_tolerance,false,0,302,1509,0.017654176421963142,0.09974477883151961,15.089999999999723,15.089999999999723,5.991082100534019,0.12288540363362105,0.009831052264900676,0.0290564,true,true,true,true
485,discovery__discovery_01__teb__delay_050,discovery,discovery_01,teb,delay_050,f1c8fd861651f70500a8a3341a4fd79820a6f66c02609af9d8137fd2b70d947b,true,true,external_tolerance,external_tolerance,false,0,265,1323,0.022929009308082376,0.09732957720070892,13.229999999999762,13.229999999999762,5.526756795469208,0.0660565966385336,0.008584914698113203,0.026164644,true,true,true,true
486,holdout__holdout_04__dwa__tau_y_500,holdout,holdout_04,dwa,tau_y_500,f1c8fd861651f70500a8a3341a4fd79820a6f66c02609af9d8137fd2b70d947b,true,false,logical_timeout,duration,false,0,600,3000,3.3824391173894512,0.7465393580379536,30.00000000000189,30.00000000000189,2.1802654449066017,0.14774451273901093,0.00266758339,0.024891465,true,true,true,true
487,holdout__holdout_03__dwa__tau_y_500,holdout,holdout_03,dwa,tau_y_500,f1c8fd861651f70500a8a3341a4fd79820a6f66c02609af9d8137fd2b70d947b,true,false,logical_timeout,duration,false,0,600,3000,2.7166637149230732,0.25322270767535826,30.00000000000189,30.00000000000189,2.6743292827763603,0.0601028802296676,0.002932279614999999,0.016843216,true,true,true,true
488,holdout__holdout_08__teb__tau_y_150,holdout,holdout_08,teb,tau_y_150,f1c8fd861651f70500a8a3341a4fd79820a6f66c02609af9d8137fd2b70d947b,true,true,external_tolerance,external_tolerance,false,0,282,1408,0.07767377465534021,0.08675027665170777,14.079999999999744,14.079999999999744,5.993441266112932,0.16949697717394643,0.010980661258865251,0.030396973,true,true,true,true
489,discovery__discovery_10__teb__tau_y_300,discovery,discovery_10,teb,tau_y_300,f1c8fd861651f70500a8a3341a4fd79820a6f66c02609af9d8137fd2b70d947b,true,true,external_tolerance,external_tolerance,false,0,336,1680,0.07980101159307697,0.03915677700463414,16.799999999999827,16.799999999999827,6.2690886664884555,0.12840747201041727,0.009381366636904767,0.030652347,true,true,true,true
490,holdout__holdout_01__dwa__tau_x_300,holdout,holdout_01,dwa,tau_x_300,f1c8fd861651f70500a8a3341a4fd79820a6f66c02609af9d8137fd2b70d947b,true,false,logical_timeout,duration,false,0,600,3000,4.7987983755832255,0.06059223231982813,30.00000000000189,30.00000000000189,0.08880162185125437,0.5970311968398299,0.0013950722400000012,0.004441997,true,true,true,true
491,discovery__discovery_02__dwa__tau_x_300,discovery,discovery_02,dwa,tau_x_300,f1c8fd861651f70500a8a3341a4fd79820a6f66c02609af9d8137fd2b70d947b,true,false,logical_timeout,duration,false,0,600,3000,4.7987688891493585,0.06828936295412627,30.00000000000189,30.00000000000189,0.05226722964506285,0.464317043845097,0.0012541805916666659,0.007374769,true,true,true,true
492,discovery__discovery_14__teb__tau_w_100,discovery,discovery_14,teb,tau_w_100,f1c8fd861651f70500a8a3341a4fd79820a6f66c02609af9d8137fd2b70d947b,true,true,external_tolerance,external_tolerance,false,0,244,1219,0.07768573622995976,0.01024568239708184,12.189999999999785,12.189999999999785,5.173510995836696,0.06292132639306144,0.00875375485655738,0.027825473,true,true,true,true
493,holdout__holdout_20__teb__tau_w_100,holdout,holdout_20,teb,tau_w_100,f1c8fd861651f70500a8a3341a4fd79820a6f66c02609af9d8137fd2b70d947b,true,true,external_tolerance,external_tolerance,false,0,261,1303,0.032419533699125744,0.09813236712573191,13.029999999999767,13.029999999999767,5.372480209060342,0.16730191755450677,0.010395536701149425,0.031433921,true,true,true,true
494,discovery__discovery_19__dwa__tau_x_300,discovery,discovery_19,dwa,tau_x_300,f1c8fd861651f70500a8a3341a4fd79820a6f66c02609af9d8137fd2b70d947b,true,true,external_tolerance,external_tolerance,false,0,476,2376,0.027099572318038917,0.09912131872699047,23.760000000000915,23.760000000000915,7.506710065391809,0.1340459422518406,0.005646213697478992,0.023780955,true,true,true,true
495,discovery__discovery_13__dwa__tau_y_500,discovery,discovery_13,dwa,tau_y_500,f1c8fd861651f70500a8a3341a4fd79820a6f66c02609af9d8137fd2b70d947b,true,false,logical_timeout,duration,false,0,600,3000,4.786073864726401,0.8169072770097197,30.00000000000189,30.00000000000189,0.39181516405931216,0.38253308260531554,0.002158337148333334,0.00920251,true,true,true,true
496,discovery__discovery_05__teb__e0,discovery,discovery_05,teb,e0,f1c8fd861651f70500a8a3341a4fd79820a6f66c02609af9d8137fd2b70d947b,true,true,external_tolerance,external_tolerance,false,0,280,1400,0.01574340610640872,0.09455735520531655,13.999999999999746,13.999999999999746,6.266898623884694,0.181006985734597,0.011096656074999997,0.036102257,true,true,true,true
497,discovery__discovery_07__dwa__delay_050,discovery,discovery_07,dwa,delay_050,f1c8fd861651f70500a8a3341a4fd79820a6f66c02609af9d8137fd2b70d947b,true,false,plugin returned no valid velocity command,plugin returned no valid velocity command,false,1,32,160,4.789388221964771,0.03296052641235291,1.6000000000000012,1.6000000000000012,0.060793762754946544,0.5937903399032302,0.0020652162121212124,0.003570685,true,true,true,true
498,discovery__discovery_06__dwa__e0,discovery,discovery_06,dwa,e0,f1c8fd861651f70500a8a3341a4fd79820a6f66c02609af9d8137fd2b70d947b,true,false,logical_timeout,duration,false,0,600,3000,4.800342967782957,0.05052643037205333,30.00000000000189,30.00000000000189,0.08043681154258775,0.685646152655456,0.0012725519433333331,0.005739935,true,true,true,true
499,holdout__holdout_18__teb__delay_200,holdout,holdout_18,teb,delay_200,f1c8fd861651f70500a8a3341a4fd79820a6f66c02609af9d8137fd2b70d947b,true,true,external_tolerance,external_tolerance,false,0,301,1504,0.044697189143666036,0.0945994270889481,15.039999999999724,15.039999999999724,5.258132196595162,0.1130795950259349,0.012259302056478398,0.03500474,true,true,true,true
500,discovery__discovery_04__dwa__tau_w_100,discovery,discovery_04,dwa,tau_w_100,f1c8fd861651f70500a8a3341a4fd79820a6f66c02609af9d8137fd2b70d947b,true,false,logical_timeout,duration,false,0,600,3000,4.750198638426072,0.016104288848908594,30.00000000000189,30.00000000000189,0.37930497239196737,0.4903864189021048,0.001613848311666667,0.005488904,true,true,true,true
501,discovery__discovery_02__dwa__delay_200,discovery,discovery_02,dwa,delay_200,f1c8fd861651f70500a8a3341a4fd79820a6f66c02609af9d8137fd2b70d947b,true,false,logical_timeout,duration,false,0,600,3000,0.1541024636073344,0.015394452928666938,30.00000000000189,30.00000000000189,4.995972865286398,0.02002941865349565,0.003653089994999999,0.016955177,true,true,true,true
502,discovery__discovery_02__teb__e0,discovery,discovery_02,teb,e0,f1c8fd861651f70500a8a3341a4fd79820a6f66c02609af9d8137fd2b70d947b,true,true,external_tolerance,external_tolerance,false,0,227,1133,0.0652238029783286,0.0985481519139466,11.329999999999803,11.329999999999803,5.188801043789954,0.1694659512638086,0.010563681453744499,0.027996477,true,true,true,true
503,discovery__discovery_13__teb__tau_y_300,discovery,discovery_13,teb,tau_y_300,f1c8fd861651f70500a8a3341a4fd79820a6f66c02609af9d8137fd2b70d947b,true,true,external_tolerance,external_tolerance,false,0,302,1506,0.07909031140121894,0.008751170229434373,15.059999999999723,15.059999999999723,5.675454148415969,0.19487280109714436,0.010535502758278149,0.039385647,true,true,true,true
504,discovery__discovery_19__teb__tau_y_150,discovery,discovery_19,teb,tau_y_150,f1c8fd861651f70500a8a3341a4fd79820a6f66c02609af9d8137fd2b70d947b,true,true,external_tolerance,external_tolerance,false,0,311,1555,0.07674071613307717,0.010852011651299684,15.549999999999713,15.549999999999713,6.6230820289239265,0.14074172825845793,0.011689104668810287,0.035140242,true,true,true,true
505,discovery__discovery_15__teb__tau_y_150,discovery,discovery_15,teb,tau_y_150,f1c8fd861651f70500a8a3341a4fd79820a6f66c02609af9d8137fd2b70d947b,true,true,external_tolerance,external_tolerance,false,0,319,1593,0.0775138684279111,0.053250249794927415,15.929999999999705,15.929999999999705,6.337818560268209,0.07433829431252198,0.011271687862068966,0.030724779,true,true,true,true
506,discovery__discovery_04__teb__tau_y_500,discovery,discovery_04,teb,tau_y_500,f1c8fd861651f70500a8a3341a4fd79820a6f66c02609af9d8137fd2b70d947b,true,false,footprint_collision,footprint_collision,true,0,231,1152,1.9302806218291968,0.2195380183668812,11.519999999999799,11.519999999999799,3.8879028768538415,0.0,0.01265462098701298,0.02886096,true,true,true,true
507,holdout__holdout_02__teb__tau_y_150,holdout,holdout_02,teb,tau_y_150,f1c8fd861651f70500a8a3341a4fd79820a6f66c02609af9d8137fd2b70d947b,true,true,external_tolerance,external_tolerance,false,0,277,1384,0.07843983945989424,0.08478923728210883,13.83999999999975,13.83999999999975,5.775660291765764,0.05702190611360536,0.011347142209386294,0.031273416,true,true,true,true
508,discovery__discovery_12__teb__tau_w_300,discovery,discovery_12,teb,tau_w_300,f1c8fd861651f70500a8a3341a4fd79820a6f66c02609af9d8137fd2b70d947b,true,true,external_tolerance,external_tolerance,false,0,418,2089,0.03980668848634136,0.09791737892427184,20.890000000000466,20.890000000000466,5.063814026461841,0.1194928961283677,0.009846708236842094,0.029077229,true,true,true,true
509,holdout__holdout_11__dwa__delay_050,holdout,holdout_11,dwa,delay_050,f1c8fd861651f70500a8a3341a4fd79820a6f66c02609af9d8137fd2b70d947b,true,false,plugin returned no valid velocity command,plugin returned no valid velocity command,false,1,32,160,4.789388221964771,0.03296052641235291,1.6000000000000012,1.6000000000000012,0.060793762754946544,0.5234999999999999,0.0028111670909090904,0.004398543,true,true,true,true
510,holdout__holdout_18__dwa__delay_100,holdout,holdout_18,dwa,delay_100,f1c8fd861651f70500a8a3341a4fd79820a6f66c02609af9d8137fd2b70d947b,true,false,plugin returned no valid velocity command,plugin returned no valid velocity command,false,1,395,1975,2.550267237762588,0.8794735515723933,19.750000000000288,19.750000000000288,2.3744427296941493,0.13992784010790488,0.0032785180025252506,0.017188945,true,true,true,true
511,holdout__holdout_15__teb__tau_y_300,holdout,holdout_15,teb,tau_y_300,f1c8fd861651f70500a8a3341a4fd79820a6f66c02609af9d8137fd2b70d947b,true,true,external_tolerance,external_tolerance,false,0,252,1256,0.07989338363807003,0.06807767640824632,12.559999999999777,12.559999999999777,5.015884797903949,0.20746700139422994,0.00971705929761905,0.029832236,true,true,true,true
512,holdout__holdout_19__teb__delay_200,holdout,holdout_19,teb,delay_200,f1c8fd861651f70500a8a3341a4fd79820a6f66c02609af9d8137fd2b70d947b,true,true,external_tolerance,external_tolerance,false,0,410,2047,0.03836920932983548,0.09527754577537034,20.4700000000004,20.4700000000004,6.1326329609179595,0.07429877644090371,0.011069722651219497,0.033862079,true,true,true,true
513,discovery__discovery_12__teb__delay_200,discovery,discovery_12,teb,delay_200,f1c8fd861651f70500a8a3341a4fd79820a6f66c02609af9d8137fd2b70d947b,true,true,external_tolerance,external_tolerance,false,0,364,1820,0.07913813648863115,0.09669955847247734,18.200000000000045,18.200000000000045,5.1522477064937355,0.0654480942975345,0.010743650170329671,0.030467994,true,true,true,true
514,discovery__discovery_13__dwa__delay_200,discovery,discovery_13,dwa,delay_200,f1c8fd861651f70500a8a3341a4fd79820a6f66c02609af9d8137fd2b70d947b,true,false,plugin returned no valid velocity command,plugin returned no valid velocity command,false,1,57,285,4.7586053591429724,0.23013156675733332,2.849999999999983,2.849999999999983,0.06160157427554287,0.418144155709406,0.002236390448275862,0.009325897,true,true,true,true
515,discovery__discovery_05__dwa__tau_w_100,discovery,discovery_05,dwa,tau_w_100,f1c8fd861651f70500a8a3341a4fd79820a6f66c02609af9d8137fd2b70d947b,true,false,logical_timeout,duration,false,0,600,3000,4.79937960160367,0.1284129193457563,30.00000000000189,30.00000000000189,0.10350131892526561,0.708028875576841,0.0011752977866666646,0.004409681,true,true,true,true
516,holdout__holdout_08__dwa__tau_y_150,holdout,holdout_08,dwa,tau_y_150,f1c8fd861651f70500a8a3341a4fd79820a6f66c02609af9d8137fd2b70d947b,true,false,logical_timeout,duration,false,0,600,3000,3.7839920787225,0.6390785173978002,30.00000000000189,30.00000000000189,1.8076192584490676,0.2770859532283744,0.0026935433416666677,0.01959725,true,true,true,true
517,discovery__discovery_06__teb__tau_y_150,discovery,discovery_06,teb,tau_y_150,f1c8fd861651f70500a8a3341a4fd79820a6f66c02609af9d8137fd2b70d947b,true,true,external_tolerance,external_tolerance,false,0,325,1621,0.024954469678564992,0.09716881494479133,16.209999999999734,16.209999999999734,6.691670700353945,0.1852687143593994,0.012782630495384608,0.05143016,true,true,true,true
518,holdout__holdout_14__teb__tau_y_300,holdout,holdout_14,teb,tau_y_300,f1c8fd861651f70500a8a3341a4fd79820a6f66c02609af9d8137fd2b70d947b,true,true,external_tolerance,external_tolerance,false,0,420,2096,0.059430239684827045,0.09845571288786976,20.960000000000477,20.960000000000477,6.7083024722407245,0.07552836081119563,0.011563174550000015,0.030005675,true,true,true,true
519,discovery__discovery_04__dwa__tau_y_150,discovery,discovery_04,dwa,tau_y_150,f1c8fd861651f70500a8a3341a4fd79820a6f66c02609af9d8137fd2b70d947b,true,false,logical_timeout,duration,false,0,600,3000,3.421435653174133,0.8050654272794184,30.00000000000189,30.00000000000189,1.6758448707723541,0.1771587309830669,0.0023951178016666684,0.018782598,true,true,true,true
520,discovery__discovery_10__teb__tau_w_100,discovery,discovery_10,teb,tau_w_100,f1c8fd861651f70500a8a3341a4fd79820a6f66c02609af9d8137fd2b70d947b,true,true,external_tolerance,external_tolerance,false,0,302,1509,0.07844210621105294,0.0314774706480833,15.089999999999723,15.089999999999723,6.082385262431628,0.14237869098561395,0.010345766364238411,0.030290435,true,true,true,true
521,discovery__discovery_19__teb__tau_w_300,discovery,discovery_19,teb,tau_w_300,f1c8fd861651f70500a8a3341a4fd79820a6f66c02609af9d8137fd2b70d947b,true,true,external_tolerance,external_tolerance,false,0,518,2587,0.07698490080540828,0.020275592788635277,25.870000000001244,25.870000000001244,6.540789135386968,0.031371697355832125,0.011990249343629342,0.036117655,true,true,true,true
522,discovery__discovery_10__teb__tau_x_300,discovery,discovery_10,teb,tau_x_300,f1c8fd861651f70500a8a3341a4fd79820a6f66c02609af9d8137fd2b70d947b,true,true,external_tolerance,external_tolerance,false,0,292,1458,0.07708147421009814,0.014666684322885223,14.579999999999734,14.579999999999734,6.042721263455642,0.11502819567915439,0.00999073642123288,0.029802011,true,true,true,true
523,holdout__holdout_01__teb__tau_y_300,holdout,holdout_01,teb,tau_y_300,f1c8fd861651f70500a8a3341a4fd79820a6f66c02609af9d8137fd2b70d947b,true,false,plugin returned no valid velocity command,plugin returned no valid velocity command,false,1,163,815,2.6062583266037787,0.13095900582530326,8.14999999999987,8.14999999999987,2.8099197701605,0.02955229651442132,0.014296545182926836,0.02999581,true,true,true,true
524,holdout__holdout_10__teb__tau_y_150,holdout,holdout_10,teb,tau_y_150,f1c8fd861651f70500a8a3341a4fd79820a6f66c02609af9d8137fd2b70d947b,true,true,external_tolerance,external_tolerance,false,0,257,1282,0.07837074076379467,0.07653465656801214,12.819999999999771,12.819999999999771,5.423928469184687,0.11226799952497678,0.00939809490661479,0.027292479,true,true,true,true
525,discovery__discovery_13__teb__delay_200,discovery,discovery_13,teb,delay_200,f1c8fd861651f70500a8a3341a4fd79820a6f66c02609af9d8137fd2b70d947b,true,true,external_tolerance,external_tolerance,false,0,353,1762,0.07955672996835367,0.08218630072786869,17.619999999999955,17.619999999999955,5.699095595648316,0.0890997375949621,0.010845205362606223,0.029948895,true,true,true,true
526,discovery__discovery_19__teb__delay_100,discovery,discovery_19,teb,delay_100,f1c8fd861651f70500a8a3341a4fd79820a6f66c02609af9d8137fd2b70d947b,true,true,external_tolerance,external_tolerance,false,0,353,1762,0.07642586310204648,0.01007639306107786,17.619999999999955,17.619999999999955,6.647800394701747,0.16439826483860467,0.012729661677053828,0.034984988,true,true,true,true
527,discovery__discovery_09__dwa__tau_y_150,discovery,discovery_09,dwa,tau_y_150,f1c8fd861651f70500a8a3341a4fd79820a6f66c02609af9d8137fd2b70d947b,true,false,logical_timeout,duration,false,0,600,3000,3.216359637580112,0.7837497405915841,30.00000000000189,30.00000000000189,2.011966056480011,0.15041444935004147,0.0023554627649999987,0.016924378,true,true,true,true
528,discovery__discovery_05__dwa__tau_y_300,discovery,discovery_05,dwa,tau_y_300,f1c8fd861651f70500a8a3341a4fd79820a6f66c02609af9d8137fd2b70d947b,true,false,logical_timeout,duration,false,0,600,3000,4.799915338987383,0.05526327701212631,30.00000000000189,30.00000000000189,0.1320295164372248,0.7046497078128477,0.0015031706083333332,0.009273903,true,true,true,true
529,discovery__discovery_09__dwa__delay_050,discovery,discovery_09,dwa,delay_050,f1c8fd861651f70500a8a3341a4fd79820a6f66c02609af9d8137fd2b70d947b,true,false,logical_timeout,duration,false,0,600,3000,4.800409713394666,0.05368432774527802,30.00000000000189,30.00000000000189,0.10330025774373841,0.45748848255727803,0.001190932621666666,0.004907345,true,true,true,true
530,holdout__holdout_13__teb__delay_050,holdout,holdout_13,teb,delay_050,f1c8fd861651f70500a8a3341a4fd79820a6f66c02609af9d8137fd2b70d947b,true,true,external_tolerance,external_tolerance,false,0,245,1222,0.0725999695813941,0.09743878426473576,12.219999999999784,12.219999999999784,5.161252034342596,0.17799367996748433,0.010821304971428565,0.029502721,true,true,true,true
531,discovery__discovery_08__teb__delay_050,discovery,discovery_08,teb,delay_050,f1c8fd861651f70500a8a3341a4fd79820a6f66c02609af9d8137fd2b70d947b,true,true,external_tolerance,external_tolerance,false,0,239,1194,0.07761668223228073,0.06309834388547986,11.93999999999979,11.93999999999979,5.161714299573678,0.17552715406608957,0.009753309912133893,0.030101455,true,true,true,true
532,discovery__discovery_09__dwa__tau_x_100,discovery,discovery_09,dwa,tau_x_100,f1c8fd861651f70500a8a3341a4fd79820a6f66c02609af9d8137fd2b70d947b,true,false,logical_timeout,duration,false,0,600,3000,4.797483142941365,0.17249995505462704,30.00000000000189,30.00000000000189,0.08024138001756845,0.48024918009393147,0.001641059965000001,0.005245037,true,true,true,true
533,holdout__holdout_16__dwa__tau_y_300,holdout,holdout_16,dwa,tau_y_300,f1c8fd861651f70500a8a3341a4fd79820a6f66c02609af9d8137fd2b70d947b,true,false,logical_timeout,duration,false,0,600,3000,3.5948996793601675,0.8064467963017273,30.00000000000189,30.00000000000189,1.8049076770626533,0.14459324339863094,0.0023849336916666655,0.01657325,true,true,true,true
534,discovery__discovery_01__teb__delay_100,discovery,discovery_01,teb,delay_100,f1c8fd861651f70500a8a3341a4fd79820a6f66c02609af9d8137fd2b70d947b,true,true,external_tolerance,external_tolerance,false,0,287,1434,0.016138127363452288,0.0935079230195267,14.339999999999739,14.339999999999739,5.544822826167849,0.04815425830480047,0.008782185383275269,0.026559331,true,true,true,true
535,discovery__discovery_16__teb__tau_w_100,discovery,discovery_16,teb,tau_w_100,f1c8fd861651f70500a8a3341a4fd79820a6f66c02609af9d8137fd2b70d947b,true,true,external_tolerance,external_tolerance,false,0,312,1557,0.04922804475011432,0.09656422429255504,15.569999999999713,15.569999999999713,6.059451919486834,0.09720166893786099,0.012001496532051294,0.030654297,true,true,true,true
536,holdout__holdout_20__teb__tau_y_150,holdout,holdout_20,teb,tau_y_150,f1c8fd861651f70500a8a3341a4fd79820a6f66c02609af9d8137fd2b70d947b,true,true,external_tolerance,external_tolerance,false,0,250,1250,0.060311668482584034,0.09870450002288941,12.499999999999778,12.499999999999778,5.420897346647126,0.14746465703011535,0.011102728091999999,0.031445254,true,true,true,true
537,holdout__holdout_07__teb__delay_200,holdout,holdout_07,teb,delay_200,f1c8fd861651f70500a8a3341a4fd79820a6f66c02609af9d8137fd2b70d947b,true,false,plugin returned no valid velocity command,plugin returned no valid velocity command,false,1,157,785,2.8000923655284047,0.29946941428616347,7.849999999999877,7.849999999999877,2.553440329005384,0.11047343705594104,0.01657085767088608,0.032524708,true,true,true,true
538,holdout__holdout_03__dwa__delay_200,holdout,holdout_03,dwa,delay_200,f1c8fd861651f70500a8a3341a4fd79820a6f66c02609af9d8137fd2b70d947b,true,false,plugin returned no valid velocity command,plugin returned no valid velocity command,false,1,447,2235,2.538087537836867,0.6471710187347223,22.350000000000694,22.350000000000694,2.4926498480281185,0.06546917403130255,0.0029125875982142883,0.016784523,true,true,true,true
539,holdout__holdout_03__dwa__delay_050,holdout,holdout_03,dwa,delay_050,f1c8fd861651f70500a8a3341a4fd79820a6f66c02609af9d8137fd2b70d947b,true,false,logical_timeout,duration,false,0,600,3000,2.800876602127678,0.31124756198834097,30.00000000000189,30.00000000000189,2.7639358209125784,0.05279846917402481,0.003271970951666666,0.018212562,true,true,true,true
540,holdout__holdout_10__dwa__tau_y_150,holdout,holdout_10,dwa,tau_y_150,f1c8fd861651f70500a8a3341a4fd79820a6f66c02609af9d8137fd2b70d947b,true,false,logical_timeout,duration,false,0,600,3000,3.614425722679432,1.2252635309631965,30.00000000000189,30.00000000000189,1.9931931170554604,0.41934680797511664,0.002792552440000004,0.020338609,true,true,true,true
541,discovery__discovery_04__teb__delay_050,discovery,discovery_04,teb,delay_050,f1c8fd861651f70500a8a3341a4fd79820a6f66c02609af9d8137fd2b70d947b,true,true,external_tolerance,external_tolerance,false,0,299,1494,0.003866762466368159,0.09930851239315663,14.939999999999726,14.939999999999726,5.861569040657224,0.13684660563526085,0.010455003267558514,0.030522411,true,true,true,true
542,discovery__discovery_13__dwa__tau_y_300,discovery,discovery_13,dwa,tau_y_300,f1c8fd861651f70500a8a3341a4fd79820a6f66c02609af9d8137fd2b70d947b,true,false,logical_timeout,duration,false,0,600,3000,4.772319817493077,0.9128286002302314,30.00000000000189,30.00000000000189,0.19643775794537108,0.3799554680710816,0.0020952663666666685,0.020130266,true,true,true,true
543,discovery__discovery_02__dwa__delay_050,discovery,discovery_02,dwa,delay_050,f1c8fd861651f70500a8a3341a4fd79820a6f66c02609af9d8137fd2b70d947b,true,false,plugin returned no valid velocity command,plugin returned no valid velocity command,false,1,32,160,4.789388221964771,0.03296052641235291,1.6000000000000012,1.6000000000000012,0.060793762754946544,0.4739193770853988,0.001963000575757576,0.004590064,true,true,true,true
544,discovery__discovery_06__teb__delay_200,discovery,discovery_06,teb,delay_200,f1c8fd861651f70500a8a3341a4fd79820a6f66c02609af9d8137fd2b70d947b,true,true,external_tolerance,external_tolerance,false,0,433,2163,0.0773575882658966,0.09933904932534358,21.63000000000058,21.63000000000058,6.881723405033753,0.15337599420770248,0.012534456136258657,0.032107451,true,true,true,true
545,holdout__holdout_05__teb__tau_x_300,holdout,holdout_05,teb,tau_x_300,f1c8fd861651f70500a8a3341a4fd79820a6f66c02609af9d8137fd2b70d947b,true,true,external_tolerance,external_tolerance,false,0,244,1216,0.07640140799551058,0.0044780189490955255,12.159999999999785,12.159999999999785,5.149495492121218,0.1090752685150369,0.010973355901639352,0.032316197,true,true,true,true
546,holdout__holdout_11__dwa__e0,holdout,holdout_11,dwa,e0,f1c8fd861651f70500a8a3341a4fd79820a6f66c02609af9d8137fd2b70d947b,true,false,logical_timeout,duration,false,0,600,3000,4.750728787406146,0.002960665189466522,30.00000000000189,30.00000000000189,0.29686420154556653,0.5234999999999999,0.001320683570000001,0.005964902,true,true,true,true
547,discovery__discovery_06__dwa__tau_x_100,discovery,discovery_06,dwa,tau_x_100,f1c8fd861651f70500a8a3341a4fd79820a6f66c02609af9d8137fd2b70d947b,true,false,logical_timeout,duration,false,0,600,3000,4.797483142941365,0.17249995505462704,30.00000000000189,30.00000000000189,0.08024138001756845,0.6878650183424233,0.001267769405,0.003969997,true,true,true,true
548,discovery__discovery_08__teb__e0,discovery,discovery_08,teb,e0,f1c8fd861651f70500a8a3341a4fd79820a6f66c02609af9d8137fd2b70d947b,true,true,external_tolerance,external_tolerance,false,0,225,1124,0.07741089692694693,0.08422372482321266,11.239999999999805,11.239999999999805,5.182736287931109,0.18936140469515655,0.009535660888888879,0.031191186,true,true,true,true
549,holdout__holdout_02__teb__tau_x_300,holdout,holdout_02,teb,tau_x_300,f1c8fd861651f70500a8a3341a4fd79820a6f66c02609af9d8137fd2b70d947b,true,true,external_tolerance,external_tolerance,false,0,275,1371,0.0664227777280428,0.09810205283379755,13.709999999999752,13.709999999999752,5.728185832789229,0.09236556157152886,0.011953416487272727,0.036136128,true,true,true,true
550,holdout__holdout_16__teb__tau_y_300,holdout,holdout_16,teb,tau_y_300,f1c8fd861651f70500a8a3341a4fd79820a6f66c02609af9d8137fd2b70d947b,true,true,external_tolerance,external_tolerance,false,0,255,1272,0.06532579113599184,0.09641779829341289,12.719999999999773,12.719999999999773,5.08800801595742,0.14183587372039055,0.009667604937254904,0.030896932,true,true,true,true
551,holdout__holdout_17__dwa__tau_w_300,holdout,holdout_17,dwa,tau_w_300,f1c8fd861651f70500a8a3341a4fd79820a6f66c02609af9d8137fd2b70d947b,true,false,logical_timeout,duration,false,0,600,3000,2.6541973225044377,0.7739372183183185,30.00000000000189,30.00000000000189,2.9074102477200388,0.1874071441785701,0.003088063671666668,0.018074292,true,true,true,true
552,holdout__holdout_18__dwa__tau_y_300,holdout,holdout_18,dwa,tau_y_300,f1c8fd861651f70500a8a3341a4fd79820a6f66c02609af9d8137fd2b70d947b,true,false,plugin returned no valid velocity command,plugin returned no valid velocity command,false,1,212,1060,2.1796801002855815,1.7009201241517067,10.599999999999818,10.599999999999818,2.7547078795086506,0.08086497425648931,0.005822522427230049,0.020645216,true,true,true,true
553,holdout__holdout_02__teb__tau_w_300,holdout,holdout_02,teb,tau_w_300,f1c8fd861651f70500a8a3341a4fd79820a6f66c02609af9d8137fd2b70d947b,true,true,external_tolerance,external_tolerance,false,0,401,2005,0.056512755335511936,0.09574033151818162,20.050000000000335,20.050000000000335,5.733178186557535,0.1014335140708101,0.011604913423940152,0.03162146,true,true,true,true
554,holdout__holdout_04__teb__tau_y_300,holdout,holdout_04,teb,tau_y_300,f1c8fd861651f70500a8a3341a4fd79820a6f66c02609af9d8137fd2b70d947b,true,true,external_tolerance,external_tolerance,false,0,339,1691,0.07854231315253017,0.0987148904540105,16.909999999999844,16.909999999999844,5.969685236769744,0.1612945213679935,0.011042911289085546,0.029688526,true,true,true,true
555,holdout__holdout_06__dwa__tau_y_150,holdout,holdout_06,dwa,tau_y_150,f1c8fd861651f70500a8a3341a4fd79820a6f66c02609af9d8137fd2b70d947b,true,false,logical_timeout,duration,false,0,600,3000,3.151367489476429,0.7906578840430608,30.00000000000189,30.00000000000189,2.0871787711083902,0.32403889464792934,0.002541250893333333,0.018996044,true,true,true,true
556,discovery__discovery_15__dwa__tau_x_300,discovery,discovery_15,dwa,tau_x_300,f1c8fd861651f70500a8a3341a4fd79820a6f66c02609af9d8137fd2b70d947b,true,false,logical_timeout,duration,false,0,600,3000,4.327755226404838,0.8157378429755379,30.00000000000189,30.00000000000189,1.903519635415007,0.33744600272889996,0.003062232516666669,0.023111154,true,true,true,true
557,discovery__discovery_02__teb__tau_x_300,discovery,discovery_02,teb,tau_x_300,f1c8fd861651f70500a8a3341a4fd79820a6f66c02609af9d8137fd2b70d947b,true,true,external_tolerance,external_tolerance,false,0,249,1244,0.049072201222348844,0.09773198971623848,12.43999999999978,12.43999999999978,5.187410779205645,0.1691907794191754,0.011357748614457822,0.029323234,true,true,true,true
558,holdout__holdout_12__dwa__tau_x_300,holdout,holdout_12,dwa,tau_x_300,f1c8fd861651f70500a8a3341a4fd79820a6f66c02609af9d8137fd2b70d947b,true,false,logical_timeout,duration,false,0,600,3000,4.7987983755832255,0.06059223231982813,30.00000000000189,30.00000000000189,0.08880162185125437,0.48389261962244184,0.0014176046416666673,0.004235342,true,true,true,true
559,holdout__holdout_18__teb__tau_y_150,holdout,holdout_18,teb,tau_y_150,f1c8fd861651f70500a8a3341a4fd79820a6f66c02609af9d8137fd2b70d947b,true,true,external_tolerance,external_tolerance,false,0,251,1255,0.06631715988944986,0.0988875597950736,12.549999999999777,12.549999999999777,5.15633959602619,0.07954845617006767,0.011651830856573705,0.034169783,true,true,true,true
560,holdout__holdout_01__teb__tau_y_150,holdout,holdout_01,teb,tau_y_150,f1c8fd861651f70500a8a3341a4fd79820a6f66c02609af9d8137fd2b70d947b,true,true,external_tolerance,external_tolerance,false,0,271,1351,0.078971852936822,0.04566143010234881,13.509999999999756,13.509999999999756,5.6383986138447835,0.036748806976460234,0.011188823738007371,0.031564178,true,true,true,true
561,holdout__holdout_17__teb__tau_w_300,holdout,holdout_17,teb,tau_w_300,f1c8fd861651f70500a8a3341a4fd79820a6f66c02609af9d8137fd2b70d947b,true,false,plugin returned no valid velocity command,plugin returned no valid velocity command,false,1,68,340,3.412865257103738,0.2211265653336076,3.3999999999999715,3.3999999999999715,1.4745334156894057,0.15443479843321736,0.015798330463768117,0.03060942,true,true,true,true
562,holdout__holdout_01__teb__tau_x_100,holdout,holdout_01,teb,tau_x_100,f1c8fd861651f70500a8a3341a4fd79820a6f66c02609af9d8137fd2b70d947b,true,true,external_tolerance,external_tolerance,false,0,248,1238,0.07783929036443914,0.0351910159855629,12.37999999999978,12.37999999999978,5.43500573897764,0.059495228893379465,0.011311100524193549,0.030826702,true,true,true,true
563,holdout__holdout_05__dwa__tau_y_150,holdout,holdout_05,dwa,tau_y_150,f1c8fd861651f70500a8a3341a4fd79820a6f66c02609af9d8137fd2b70d947b,true,true,external_tolerance,external_tolerance,false,0,298,1490,0.07547519010306328,0.09940123174062526,14.899999999999727,14.899999999999727,5.072552586216585,0.04933252599375246,0.005046188791946307,0.017261222,true,true,true,true
564,holdout__holdout_04__teb__tau_y_500,holdout,holdout_04,teb,tau_y_500,f1c8fd861651f70500a8a3341a4fd79820a6f66c02609af9d8137fd2b70d947b,true,true,external_tolerance,external_tolerance,false,0,326,1629,0.017135244902898465,0.09597870859599344,16.289999999999747,16.289999999999747,5.761370195256148,0.14260326832680767,0.01069150667177914,0.030042467,true,true,true,true
565,discovery__discovery_18__dwa__tau_y_300,discovery,discovery_18,dwa,tau_y_300,f1c8fd861651f70500a8a3341a4fd79820a6f66c02609af9d8137fd2b70d947b,true,false,logical_timeout,duration,false,0,600,3000,4.772319817493077,0.9128286002302314,30.00000000000189,30.00000000000189,0.19643775794537108,0.620273319312272,0.0019053734966666673,0.023482204,true,true,true,true
566,holdout__holdout_08__dwa__tau_y_300,holdout,holdout_08,dwa,tau_y_300,f1c8fd861651f70500a8a3341a4fd79820a6f66c02609af9d8137fd2b70d947b,true,false,logical_timeout,duration,false,0,600,3000,4.799915338987383,0.05526327701212631,30.00000000000189,30.00000000000189,0.1320295164372248,0.5085418537115383,0.0013278386316666673,0.003869483,true,true,true,true
567,holdout__holdout_12__teb__e0,holdout,holdout_12,teb,e0,f1c8fd861651f70500a8a3341a4fd79820a6f66c02609af9d8137fd2b70d947b,true,true,external_tolerance,external_tolerance,false,0,223,1114,0.07685010083328776,0.0936475172032119,11.139999999999807,11.139999999999807,5.100398395927692,0.1687193674286074,0.01056633239910314,0.031510479,true,true,true,true
568,holdout__holdout_05__dwa__tau_w_300,holdout,holdout_05,dwa,tau_w_300,f1c8fd861651f70500a8a3341a4fd79820a6f66c02609af9d8137fd2b70d947b,true,true,external_tolerance,external_tolerance,false,0,530,2649,0.07729414459753153,0.09990665917940374,26.49000000000134,26.49000000000134,5.199003236333173,0.04429747111982713,0.0036236145735849073,0.017662439,true,true,true,true
569,discovery__discovery_09__teb__tau_y_300,discovery,discovery_09,teb,tau_y_300,f1c8fd861651f70500a8a3341a4fd79820a6f66c02609af9d8137fd2b70d947b,true,true,external_tolerance,external_tolerance,false,0,291,1454,0.07818890105562672,0.058707085987878015,14.539999999999734,14.539999999999734,5.690270087273735,0.12048062901594929,0.00948972191408935,0.030711088,true,true,true,true
570,discovery__discovery_01__dwa__tau_x_300,discovery,discovery_01,dwa,tau_x_300,f1c8fd861651f70500a8a3341a4fd79820a6f66c02609af9d8137fd2b70d947b,true,false,logical_timeout,duration,false,0,600,3000,4.7987983755832255,0.06059223231982813,30.00000000000189,30.00000000000189,0.08880162185125437,0.5444237779524329,0.001310671726666666,0.008155586,true,true,true,true
571,discovery__discovery_20__teb__tau_w_100,discovery,discovery_20,teb,tau_w_100,f1c8fd861651f70500a8a3341a4fd79820a6f66c02609af9d8137fd2b70d947b,true,false,plugin returned no valid velocity command,plugin returned no valid velocity command,false,1,112,560,3.0801108227348215,0.173815700212552,5.599999999999925,5.599999999999925,2.2233173285209458,0.10228596042684535,0.014341762256637166,0.029207364,true,true,true,true
572,holdout__holdout_10__dwa__tau_x_300,holdout,holdout_10,dwa,tau_x_300,f1c8fd861651f70500a8a3341a4fd79820a6f66c02609af9d8137fd2b70d947b,true,false,logical_timeout,duration,false,0,600,3000,4.7987983755832255,0.06059223231982813,30.00000000000189,30.00000000000189,0.08880162185125437,0.7941198300741082,0.0011707123383333342,0.005328908,true,true,true,true
573,discovery__discovery_08__dwa__e0,discovery,discovery_08,dwa,e0,f1c8fd861651f70500a8a3341a4fd79820a6f66c02609af9d8137fd2b70d947b,true,false,logical_timeout,duration,false,0,600,3000,4.800342967782957,0.05052643037205333,30.00000000000189,30.00000000000189,0.08043681154258775,0.738948443309302,0.001455255835,0.003905721,true,true,true,true
574,holdout__holdout_12__dwa__tau_w_100,holdout,holdout_12,dwa,tau_w_100,f1c8fd861651f70500a8a3341a4fd79820a6f66c02609af9d8137fd2b70d947b,true,false,logical_timeout,duration,false,0,600,3000,4.79937960160367,0.1284129193457563,30.00000000000189,30.00000000000189,0.10350131892526561,0.47193091437191725,0.0013442659300000003,0.004110191,true,true,true,true
575,holdout__holdout_10__teb__tau_y_300,holdout,holdout_10,teb,tau_y_300,f1c8fd861651f70500a8a3341a4fd79820a6f66c02609af9d8137fd2b70d947b,true,true,external_tolerance,external_tolerance,false,0,291,1451,0.07856510430777569,0.07375603389114767,14.509999999999735,14.509999999999735,5.458337299410219,0.0995773289429599,0.009667975051546382,0.027724784,true,true,true,true
576,holdout__holdout_09__teb__tau_w_300,holdout,holdout_09,teb,tau_w_300,f1c8fd861651f70500a8a3341a4fd79820a6f66c02609af9d8137fd2b70d947b,true,true,external_tolerance,external_tolerance,false,0,255,1275,0.07714952656399834,0.0052052167965253695,12.749999999999773,12.749999999999773,4.978102116804249,0.12438364787871037,0.011034510113725495,0.034001686,true,true,true,true
577,discovery__discovery_12__dwa__tau_y_500,discovery,discovery_12,dwa,tau_y_500,f1c8fd861651f70500a8a3341a4fd79820a6f66c02609af9d8137fd2b70d947b,true,false,logical_timeout,duration,false,0,600,3000,4.797485535329291,0.16342103560456253,30.00000000000189,30.00000000000189,0.14694983650681062,0.7664129783802295,0.0015910517033333339,0.004436303,true,true,true,true
578,holdout__holdout_02__dwa__delay_200,holdout,holdout_02,dwa,delay_200,f1c8fd861651f70500a8a3341a4fd79820a6f66c02609af9d8137fd2b70d947b,true,false,logical_timeout,duration,false,0,600,3000,4.798693959698342,0.10914475896004373,30.00000000000189,30.00000000000189,0.11073616392538553,1.3886206275341793,0.0016017157899999993,0.006593925,true,true,true,true
579,discovery__discovery_18__teb__tau_y_150,discovery,discovery_18,teb,tau_y_150,f1c8fd861651f70500a8a3341a4fd79820a6f66c02609af9d8137fd2b70d947b,true,true,external_tolerance,external_tolerance,false,0,281,1403,0.057910735548244587,0.0975130115993178,14.029999999999745,14.029999999999745,5.9184736443679595,0.18803244646765985,0.009667566935943067,0.02860285,true,true,true,true
580,discovery__discovery_07__teb__tau_x_100,discovery,discovery_07,teb,tau_x_100,f1c8fd861651f70500a8a3341a4fd79820a6f66c02609af9d8137fd2b70d947b,true,true,external_tolerance,external_tolerance,false,0,273,1364,0.04552389160827555,0.09934620866967608,13.639999999999754,13.639999999999754,5.877373842228635,0.17714363369673558,0.010948412912087922,0.029890467,true,true,true,true
581,discovery__discovery_10__dwa__tau_x_100,discovery,discovery_10,dwa,tau_x_100,f1c8fd861651f70500a8a3341a4fd79820a6f66c02609af9d8137fd2b70d947b,true,false,logical_timeout,duration,false,0,600,3000,4.787966334873421,0.8644746396028361,30.00000000000189,30.00000000000189,0.7192958938910345,0.7705369563794715,0.002422478456666669,0.018447451,true,true,true,true
582,discovery__discovery_07__dwa__tau_x_100,discovery,discovery_07,dwa,tau_x_100,f1c8fd861651f70500a8a3341a4fd79820a6f66c02609af9d8137fd2b70d947b,true,false,logical_timeout,duration,false,0,600,3000,4.751622632976504,0.051908026079318347,30.00000000000189,30.00000000000189,0.12779152653451933,0.5738101510179078,0.001327340793333334,0.003780407,true,true,true,true
583,holdout__holdout_09__dwa__delay_100,holdout,holdout_09,dwa,delay_100,f1c8fd861651f70500a8a3341a4fd79820a6f66c02609af9d8137fd2b70d947b,true,false,logical_timeout,duration,false,0,600,3000,4.799886964378005,0.05644748660638437,30.00000000000189,30.00000000000189,0.10753009517542378,0.8035557500980427,0.0013013191683333338,0.005416244,true,true,true,true
584,discovery__discovery_11__teb__delay_100,discovery,discovery_11,teb,delay_100,f1c8fd861651f70500a8a3341a4fd79820a6f66c02609af9d8137fd2b70d947b,true,true,external_tolerance,external_tolerance,false,0,322,1610,0.013052819943652344,0.09635271326590417,16.099999999999717,16.099999999999717,5.93031966636361,0.027904427054153687,0.011561188074534158,0.033810427,true,true,true,true
585,discovery__discovery_04__teb__tau_y_300,discovery,discovery_04,teb,tau_y_300,f1c8fd861651f70500a8a3341a4fd79820a6f66c02609af9d8137fd2b70d947b,true,true,external_tolerance,external_tolerance,false,0,356,1776,0.07941716956023229,0.0023083750493007693,17.759999999999977,17.759999999999977,5.9871508393676365,0.09567204987281994,0.009527245952247196,0.030505053,true,true,true,true
586,discovery__discovery_17__dwa__tau_w_300,discovery,discovery_17,dwa,tau_w_300,f1c8fd861651f70500a8a3341a4fd79820a6f66c02609af9d8137fd2b70d947b,true,false,logical_timeout,duration,false,0,600,3000,3.3946391689420423,0.8062206985603146,30.00000000000189,30.00000000000189,2.8559727461291984,0.37991966610695227,0.002826964435,0.017689372,true,true,true,true
587,holdout__holdout_07__teb__e0,holdout,holdout_07,teb,e0,f1c8fd861651f70500a8a3341a4fd79820a6f66c02609af9d8137fd2b70d947b,true,false,plugin returned no valid velocity command,plugin returned no valid velocity command,false,1,110,550,2.777452250781547,0.3051526287625265,5.499999999999927,5.499999999999927,2.4942392146524313,0.07287780098044429,0.01605270443243243,0.030222298,true,true,true,true
588,holdout__holdout_08__dwa__delay_100,holdout,holdout_08,dwa,delay_100,f1c8fd861651f70500a8a3341a4fd79820a6f66c02609af9d8137fd2b70d947b,true,false,logical_timeout,duration,false,0,600,3000,4.799886964378005,0.05644748660638437,30.00000000000189,30.00000000000189,0.10753009517542378,0.5084458490326738,0.001216050836666666,0.004720783,true,true,true,true
589,discovery__discovery_03__dwa__tau_x_300,discovery,discovery_03,dwa,tau_x_300,f1c8fd861651f70500a8a3341a4fd79820a6f66c02609af9d8137fd2b70d947b,true,false,logical_timeout,duration,false,0,600,3000,4.7987983755832255,0.06059223231982813,30.00000000000189,30.00000000000189,0.08880162185125437,0.5767083318281437,0.0013861831716666668,0.003907005,true,true,true,true
590,discovery__discovery_08__dwa__tau_w_100,discovery,discovery_08,dwa,tau_w_100,f1c8fd861651f70500a8a3341a4fd79820a6f66c02609af9d8137fd2b70d947b,true,false,logical_timeout,duration,false,0,600,3000,4.79937960160367,0.1284129193457563,30.00000000000189,30.00000000000189,0.10350131892526561,0.7209084132018339,0.0012773528766666677,0.004917152,true,true,true,true
591,holdout__holdout_08__teb__delay_200,holdout,holdout_08,teb,delay_200,f1c8fd861651f70500a8a3341a4fd79820a6f66c02609af9d8137fd2b70d947b,true,true,external_tolerance,external_tolerance,false,0,359,1793,0.07957031125311789,0.07137593216947458,17.930000000000003,17.930000000000003,5.987198641014414,0.12285082509423176,0.011153603740947073,0.029432332,true,true,true,true
592,discovery__discovery_14__teb__tau_y_150,discovery,discovery_14,teb,tau_y_150,f1c8fd861651f70500a8a3341a4fd79820a6f66c02609af9d8137fd2b70d947b,true,true,external_tolerance,external_tolerance,false,0,264,1318,0.07894984624389709,0.05116681834613926,13.179999999999763,13.179999999999763,5.2802568078547445,0.009016929455384152,0.009350514386363643,0.028074311,true,true,true,true
593,holdout__holdout_11__dwa__tau_y_300,holdout,holdout_11,dwa,tau_y_300,f1c8fd861651f70500a8a3341a4fd79820a6f66c02609af9d8137fd2b70d947b,true,false,logical_timeout,duration,false,0,600,3000,2.3220152448312246,0.9086846435163022,30.00000000000189,30.00000000000189,3.1051068646844127,0.06059855052315611,0.0031439063083333343,0.018911129,true,true,true,true
594,discovery__discovery_20__teb__tau_y_300,discovery,discovery_20,teb,tau_y_300,f1c8fd861651f70500a8a3341a4fd79820a6f66c02609af9d8137fd2b70d947b,true,false,plugin returned no valid velocity command,plugin returned no valid velocity command,false,1,115,575,3.0470201322480013,0.16176959667993046,5.749999999999922,5.749999999999922,2.281573184184018,0.07849898791740362,0.015054912560344833,0.032203652,true,true,true,true
595,discovery__discovery_18__teb__tau_y_500,discovery,discovery_18,teb,tau_y_500,f1c8fd861651f70500a8a3341a4fd79820a6f66c02609af9d8137fd2b70d947b,true,true,external_tolerance,external_tolerance,false,0,343,1714,0.050040067359625,0.09695525785282869,17.13999999999988,17.13999999999988,6.186833357335338,0.1481142516298169,0.009754461775510202,0.028399071,true,true,true,true
596,discovery__discovery_05__dwa__delay_050,discovery,discovery_05,dwa,delay_050,f1c8fd861651f70500a8a3341a4fd79820a6f66c02609af9d8137fd2b70d947b,true,false,logical_timeout,duration,false,0,600,3000,4.800409713394666,0.05368432774527802,30.00000000000189,30.00000000000189,0.10330025774373841,0.7055056752444058,0.0012369563300000008,0.003764285,true,true,true,true
597,holdout__holdout_07__teb__tau_y_150,holdout,holdout_07,teb,tau_y_150,f1c8fd861651f70500a8a3341a4fd79820a6f66c02609af9d8137fd2b70d947b,true,false,plugin returned no valid velocity command,plugin returned no valid velocity command,false,1,120,600,2.787562222146551,0.29947890179695863,5.9999999999999165,5.9999999999999165,2.533882495027165,0.07924570279752041,0.015940724272727268,0.032013496,true,true,true,true
598,holdout__holdout_20__dwa__tau_w_100,holdout,holdout_20,dwa,tau_w_100,f1c8fd861651f70500a8a3341a4fd79820a6f66c02609af9d8137fd2b70d947b,true,false,logical_timeout,duration,false,0,600,3000,4.750198638426072,0.016104288848908594,30.00000000000189,30.00000000000189,0.37930497239196737,0.6549420647886863,0.0014256132466666672,0.006477062,true,true,true,true
599,discovery__discovery_04__teb__tau_x_300,discovery,discovery_04,teb,tau_x_300,f1c8fd861651f70500a8a3341a4fd79820a6f66c02609af9d8137fd2b70d947b,true,true,external_tolerance,external_tolerance,false,0,327,1634,0.07865934463194306,0.019279983534888617,16.339999999999755,16.339999999999755,6.082688231880107,0.10070344226319324,0.009873666828746177,0.03088376,true,true,true,true
600,discovery__discovery_16__teb__tau_w_300,discovery,discovery_16,teb,tau_w_300,f1c8fd861651f70500a8a3341a4fd79820a6f66c02609af9d8137fd2b70d947b,true,true,external_tolerance,external_tolerance,false,0,473,2363,0.04754372627804639,0.09934027987600098,23.630000000000894,23.630000000000894,6.052346406019842,0.12924975710182943,0.01202801096194504,0.034942576,true,true,true,true
601,holdout__holdout_14__teb__tau_w_300,holdout,holdout_14,teb,tau_w_300,f1c8fd861651f70500a8a3341a4fd79820a6f66c02609af9d8137fd2b70d947b,true,true,external_tolerance,external_tolerance,false,0,404,2018,0.03049293450347547,0.09769400921114503,20.180000000000355,20.180000000000355,6.401389808390025,0.10384806807767952,0.011584894242574252,0.030319435,true,true,true,true
602,discovery__discovery_16__teb__tau_y_150,discovery,discovery_16,teb,tau_y_150,f1c8fd861651f70500a8a3341a4fd79820a6f66c02609af9d8137fd2b70d947b,true,true,external_tolerance,external_tolerance,false,0,297,1481,0.058577031916996626,0.09582186285672373,14.809999999999729,14.809999999999729,6.1472068702799385,0.16638488022321005,0.011675144572390573,0.03030587,true,true,true,true
603,discovery__discovery_16__dwa__tau_x_300,discovery,discovery_16,dwa,tau_x_300,f1c8fd861651f70500a8a3341a4fd79820a6f66c02609af9d8137fd2b70d947b,true,true,external_tolerance,external_tolerance,false,0,511,2553,0.02936232579880357,0.09903656713181024,25.53000000000119,25.53000000000119,6.881101721304814,0.22355057304966852,0.004761402628180042,0.019133868,true,true,true,true
604,discovery__discovery_07__dwa__tau_w_300,discovery,discovery_07,dwa,tau_w_300,f1c8fd861651f70500a8a3341a4fd79820a6f66c02609af9d8137fd2b70d947b,true,false,logical_timeout,duration,false,0,600,3000,2.217640389362648,0.8418713149677076,30.00000000000189,30.00000000000189,3.3297840821269538,0.12894518355797002,0.003182857841666664,0.0181258,true,true,true,true
605,discovery__discovery_01__teb__tau_x_300,discovery,discovery_01,teb,tau_x_300,f1c8fd861651f70500a8a3341a4fd79820a6f66c02609af9d8137fd2b70d947b,true,true,external_tolerance,external_tolerance,false,0,335,1674,0.0794021869977169,0.04216046485205189,16.739999999999817,16.739999999999817,5.95537161842772,0.07347693715609009,0.008232514373134327,0.02944091,true,true,true,true
606,holdout__holdout_18__dwa__e0,holdout,holdout_18,dwa,e0,f1c8fd861651f70500a8a3341a4fd79820a6f66c02609af9d8137fd2b70d947b,true,false,logical_timeout,duration,false,0,600,3000,4.750728787406146,0.002960665189466522,30.00000000000189,30.00000000000189,0.29686420154556653,0.40024083672580263,0.001557671455,0.009728143,true,true,true,true
607,holdout__holdout_05__dwa__tau_y_500,holdout,holdout_05,dwa,tau_y_500,f1c8fd861651f70500a8a3341a4fd79820a6f66c02609af9d8137fd2b70d947b,true,false,logical_timeout,duration,false,0,600,3000,4.797485535329291,0.16342103560456253,30.00000000000189,30.00000000000189,0.14694983650681062,0.9210500412375878,0.0012865553599999992,0.00860173,true,true,true,true
608,holdout__holdout_02__dwa__tau_y_150,holdout,holdout_02,dwa,tau_y_150,f1c8fd861651f70500a8a3341a4fd79820a6f66c02609af9d8137fd2b70d947b,true,false,logical_timeout,duration,false,0,600,3000,4.441766501379751,0.6692760745258832,30.00000000000189,30.00000000000189,1.2543820564742267,0.7282460796502412,0.0019460186366666654,0.009859013,true,true,true,true
609,holdout__holdout_13__teb__tau_x_300,holdout,holdout_13,teb,tau_x_300,f1c8fd861651f70500a8a3341a4fd79820a6f66c02609af9d8137fd2b70d947b,true,true,external_tolerance,external_tolerance,false,0,248,1240,0.042385861807562535,0.09494192718923553,12.39999999999978,12.39999999999978,5.152753246765736,0.1558653479696691,0.01140450224999999,0.030392797,true,true,true,true
610,holdout__holdout_07__teb__tau_x_100,holdout,holdout_07,teb,tau_x_100,f1c8fd861651f70500a8a3341a4fd79820a6f66c02609af9d8137fd2b70d947b,true,false,plugin returned no valid velocity command,plugin returned no valid velocity command,false,1,119,595,2.7751639376283372,0.3006924998133017,5.949999999999918,5.949999999999918,2.5002460290640642,0.06831541307267841,0.016721972908333337,0.033440251,true,true,true,true
611,discovery__discovery_20__dwa__delay_100,discovery,discovery_20,dwa,delay_100,f1c8fd861651f70500a8a3341a4fd79820a6f66c02609af9d8137fd2b70d947b,true,false,plugin returned no valid velocity command,plugin returned no valid velocity command,false,1,345,1725,3.7585499029921086,1.0073683921946135,17.249999999999897,17.249999999999897,1.3347800934173917,0.6288845323885947,0.0027676671127167636,0.016928567,true,true,true,true
612,discovery__discovery_05__teb__delay_100,discovery,discovery_05,teb,delay_100,f1c8fd861651f70500a8a3341a4fd79820a6f66c02609af9d8137fd2b70d947b,true,true,external_tolerance,external_tolerance,false,0,326,1629,0.017252831886055184,0.09973698531025274,16.289999999999747,16.289999999999747,6.3485449459751075,0.18412702941441728,0.010371080819018405,0.027225096,true,true,true,true
613,discovery__discovery_05__dwa__e0,discovery,discovery_05,dwa,e0,f1c8fd861651f70500a8a3341a4fd79820a6f66c02609af9d8137fd2b70d947b,true,false,logical_timeout,duration,false,0,600,3000,4.800342967782957,0.05052643037205333,30.00000000000189,30.00000000000189,0.08043681154258775,0.7260038403609901,0.0011255316950000004,0.004943192,true,true,true,true
614,discovery__discovery_05__teb__tau_y_500,discovery,discovery_05,teb,tau_y_500,f1c8fd861651f70500a8a3341a4fd79820a6f66c02609af9d8137fd2b70d947b,true,true,external_tolerance,external_tolerance,false,0,396,1977,0.06362736675502126,0.09597346808232723,19.77000000000029,19.77000000000029,6.379088808663505,0.16875149609957976,0.01118154276010103,0.029419548,true,true,true,true
615,discovery__discovery_13__teb__tau_y_500,discovery,discovery_13,teb,tau_y_500,f1c8fd861651f70500a8a3341a4fd79820a6f66c02609af9d8137fd2b70d947b,true,true,external_tolerance,external_tolerance,false,0,329,1642,0.06855552504366756,0.09840385996040854,16.419999999999767,16.419999999999767,5.671327648620726,0.11323165246382105,0.010980799215805477,0.027964439,true,true,true,true
616,discovery__discovery_12__teb__delay_100,discovery,discovery_12,teb,delay_100,f1c8fd861651f70500a8a3341a4fd79820a6f66c02609af9d8137fd2b70d947b,true,true,external_tolerance,external_tolerance,false,0,307,1535,0.05672822757383721,0.09837402021507818,15.349999999999717,15.349999999999717,5.140222282564974,0.13770494479529205,0.010862212596091207,0.029623277,true,true,true,true
617,discovery__discovery_19__teb__tau_y_500,discovery,discovery_19,teb,tau_y_500,f1c8fd861651f70500a8a3341a4fd79820a6f66c02609af9d8137fd2b70d947b,true,true,external_tolerance,external_tolerance,false,0,395,1974,0.0764837027170128,0.03502804252748323,19.740000000000286,19.740000000000286,6.682715531192445,0.133359819852523,0.011652415417721513,0.031698477,true,true,true,true
618,holdout__holdout_15__dwa__tau_x_100,holdout,holdout_15,dwa,tau_x_100,f1c8fd861651f70500a8a3341a4fd79820a6f66c02609af9d8137fd2b70d947b,true,false,logical_timeout,duration,false,0,600,3000,4.797483142941365,0.17249995505462704,30.00000000000189,30.00000000000189,0.08024138001756845,0.7163257795217921,0.0014770020550000003,0.005140627,true,true,true,true
619,discovery__discovery_02__dwa__tau_y_500,discovery,discovery_02,dwa,tau_y_500,f1c8fd861651f70500a8a3341a4fd79820a6f66c02609af9d8137fd2b70d947b,true,false,logical_timeout,duration,false,0,600,3000,3.304358612970513,0.80052588627333,30.00000000000189,30.00000000000189,2.0047486306283857,0.3970669504608415,0.002487734045000003,0.016931753,true,true,true,true
620,holdout__holdout_01__dwa__tau_y_150,holdout,holdout_01,dwa,tau_y_150,f1c8fd861651f70500a8a3341a4fd79820a6f66c02609af9d8137fd2b70d947b,true,false,logical_timeout,duration,false,0,600,3000,3.850844135168197,0.6923685001662614,30.00000000000189,30.00000000000189,1.8261387282186479,0.46909351811406,0.002574336189999998,0.017070091,true,true,true,true
621,holdout__holdout_13__dwa__tau_w_100,holdout,holdout_13,dwa,tau_w_100,f1c8fd861651f70500a8a3341a4fd79820a6f66c02609af9d8137fd2b70d947b,true,false,logical_timeout,duration,false,0,600,3000,4.750198638426072,0.016104288848908594,30.00000000000189,30.00000000000189,0.37930497239196737,0.6592835127682695,0.0016165045516666672,0.006357906,true,true,true,true
622,holdout__holdout_18__teb__e0,holdout,holdout_18,teb,e0,f1c8fd861651f70500a8a3341a4fd79820a6f66c02609af9d8137fd2b70d947b,true,true,external_tolerance,external_tolerance,false,0,218,1086,0.07761182829826115,0.09564316741273675,10.859999999999813,10.859999999999813,4.987153351512152,0.11155530251289901,0.012212088509174313,0.033030439,true,true,true,true
623,holdout__holdout_04__dwa__tau_w_300,holdout,holdout_04,dwa,tau_w_300,f1c8fd861651f70500a8a3341a4fd79820a6f66c02609af9d8137fd2b70d947b,true,false,logical_timeout,duration,false,0,600,3000,4.737872958385285,0.3612230820108918,30.00000000000189,30.00000000000189,0.16099556378639623,0.447580012270848,0.0012067613800000017,0.003957034,true,true,true,true
624,holdout__holdout_09__teb__delay_050,holdout,holdout_09,teb,delay_050,f1c8fd861651f70500a8a3341a4fd79820a6f66c02609af9d8137fd2b70d947b,true,true,external_tolerance,external_tolerance,false,0,230,1150,0.0769895670422857,0.017877666817275092,11.4999999999998,11.4999999999998,5.077555952800046,0.09240152752834976,0.01136351132173913,0.03406578,true,true,true,true
625,holdout__holdout_10__dwa__tau_x_100,holdout,holdout_10,dwa,tau_x_100,f1c8fd861651f70500a8a3341a4fd79820a6f66c02609af9d8137fd2b70d947b,true,false,logical_timeout,duration,false,0,600,3000,4.797483142941365,0.17249995505462704,30.00000000000189,30.00000000000189,0.08024138001756845,0.8016267637817229,0.0011925471583333334,0.004448743,true,true,true,true
626,holdout__holdout_17__dwa__tau_w_100,holdout,holdout_17,dwa,tau_w_100,f1c8fd861651f70500a8a3341a4fd79820a6f66c02609af9d8137fd2b70d947b,true,false,logical_timeout,duration,false,0,600,3000,4.79937960160367,0.1284129193457563,30.00000000000189,30.00000000000189,0.10350131892526561,0.36682901687652525,0.0014143508983333304,0.004599304,true,true,true,true
627,holdout__holdout_09__dwa__tau_w_100,holdout,holdout_09,dwa,tau_w_100,f1c8fd861651f70500a8a3341a4fd79820a6f66c02609af9d8137fd2b70d947b,true,false,logical_timeout,duration,false,0,600,3000,4.79937960160367,0.1284129193457563,30.00000000000189,30.00000000000189,0.10350131892526561,0.8035557500980427,0.0011149252250000005,0.005201328,true,true,true,true
628,discovery__discovery_16__teb__tau_x_300,discovery,discovery_16,teb,tau_x_300,f1c8fd861651f70500a8a3341a4fd79820a6f66c02609af9d8137fd2b70d947b,true,true,external_tolerance,external_tolerance,false,0,298,1486,0.017857498851746523,0.09615494126303442,14.859999999999728,14.859999999999728,6.096699077313207,0.10018796174762698,0.011490973999999998,0.031081291,true,true,true,true
629,holdout__holdout_12__dwa__delay_200,holdout,holdout_12,dwa,delay_200,f1c8fd861651f70500a8a3341a4fd79820a6f66c02609af9d8137fd2b70d947b,true,false,logical_timeout,duration,false,0,600,3000,4.798693959698342,0.10914475896004373,30.00000000000189,30.00000000000189,0.11073616392538553,0.4665458795249887,0.0013300815966666671,0.004617258,true,true,true,true
630,holdout__holdout_04__teb__tau_y_150,holdout,holdout_04,teb,tau_y_150,f1c8fd861651f70500a8a3341a4fd79820a6f66c02609af9d8137fd2b70d947b,true,true,external_tolerance,external_tolerance,false,0,282,1407,0.028822419630926677,0.09847092608278885,14.069999999999744,14.069999999999744,5.8050800932982485,0.20910682346504866,0.010607115148936178,0.030358552,true,true,true,true
631,discovery__discovery_13__teb__e0,discovery,discovery_13,teb,e0,f1c8fd861651f70500a8a3341a4fd79820a6f66c02609af9d8137fd2b70d947b,true,true,external_tolerance,external_tolerance,false,0,243,1211,0.0769468664669992,0.09851451502477884,12.109999999999786,12.109999999999786,5.502775468694733,0.24205502402866938,0.010320305489711936,0.029892261,true,true,true,true
632,holdout__holdout_16__teb__delay_200,holdout,holdout_16,teb,delay_200,f1c8fd861651f70500a8a3341a4fd79820a6f66c02609af9d8137fd2b70d947b,true,true,external_tolerance,external_tolerance,false,0,311,1551,0.0501363848035646,0.09692950298899879,15.509999999999714,15.509999999999714,5.143499010385374,0.14512991191840108,0.0109430372926045,0.03224634,true,true,true,true
633,discovery__discovery_02__teb__delay_100,discovery,discovery_02,teb,delay_100,f1c8fd861651f70500a8a3341a4fd79820a6f66c02609af9d8137fd2b70d947b,true,true,external_tolerance,external_tolerance,false,0,248,1238,0.038032432872015104,0.09593197132980802,12.37999999999978,12.37999999999978,5.247115552931882,0.15839499120447312,0.010649692020161295,0.028748973,true,true,true,true
634,holdout__holdout_05__teb__tau_x_100,holdout,holdout_05,teb,tau_x_100,f1c8fd861651f70500a8a3341a4fd79820a6f66c02609af9d8137fd2b70d947b,true,true,external_tolerance,external_tolerance,false,0,230,1150,0.0756158273938754,0.036234829029493584,11.4999999999998,11.4999999999998,5.1445736541621585,0.1554705547723845,0.010726054147826085,0.031085917,true,true,true,true
635,discovery__discovery_07__dwa__tau_x_300,discovery,discovery_07,dwa,tau_x_300,f1c8fd861651f70500a8a3341a4fd79820a6f66c02609af9d8137fd2b70d947b,true,false,logical_timeout,duration,false,0,600,3000,4.7987688891493585,0.06828936295412627,30.00000000000189,30.00000000000189,0.05226722964506285,0.5818039297308732,0.0014362156066666666,0.005966303,true,true,true,true
636,holdout__holdout_20__teb__tau_x_100,holdout,holdout_20,teb,tau_x_100,f1c8fd861651f70500a8a3341a4fd79820a6f66c02609af9d8137fd2b70d947b,true,true,external_tolerance,external_tolerance,false,0,246,1227,0.05061039120554287,0.09905962349455806,12.269999999999783,12.269999999999783,5.350633664971822,0.15142758179517754,0.011161178081300814,0.031505371,true,true,true,true
637,discovery__discovery_04__dwa__delay_050,discovery,discovery_04,dwa,delay_050,f1c8fd861651f70500a8a3341a4fd79820a6f66c02609af9d8137fd2b70d947b,true,false,plugin returned no valid velocity command,plugin returned no valid velocity command,false,1,32,160,4.789388221964771,0.03296052641235291,1.6000000000000012,1.6000000000000012,0.060793762754946544,0.5442345262308858,0.0033182724545454552,0.00745127,true,true,true,true
638,discovery__discovery_01__dwa__delay_100,discovery,discovery_01,dwa,delay_100,f1c8fd861651f70500a8a3341a4fd79820a6f66c02609af9d8137fd2b70d947b,true,false,logical_timeout,duration,false,0,600,3000,4.799886964378005,0.05644748660638437,30.00000000000189,30.00000000000189,0.10753009517542378,0.5444237779524329,0.0014225988583333336,0.004156957,true,true,true,true
639,holdout__holdout_20__teb__tau_x_300,holdout,holdout_20,teb,tau_x_300,f1c8fd861651f70500a8a3341a4fd79820a6f66c02609af9d8137fd2b70d947b,true,true,external_tolerance,external_tolerance,false,0,263,1311,0.03554413131488891,0.09636115932713203,13.109999999999765,13.109999999999765,5.408171034485971,0.16051958957937726,0.011452993688212931,0.03242963,true,true,true,true
640,discovery__discovery_19__dwa__tau_y_300,discovery,discovery_19,dwa,tau_y_300,f1c8fd861651f70500a8a3341a4fd79820a6f66c02609af9d8137fd2b70d947b,true,true,external_tolerance,external_tolerance,false,0,390,1948,0.07772357018435613,0.09952746026413364,19.480000000000246,19.480000000000246,6.626835351854701,0.1186051406909724,0.006132407974358968,0.022877936,true,true,true,true
641,discovery__discovery_06__teb__e0,discovery,discovery_06,teb,e0,f1c8fd861651f70500a8a3341a4fd79820a6f66c02609af9d8137fd2b70d947b,true,true,external_tolerance,external_tolerance,false,0,307,1531,0.019732198480756833,0.09983789276004368,15.309999999999718,15.309999999999718,6.551501562977745,0.1881301891784337,0.013202009094462544,0.036261843,true,true,true,true
642,discovery__discovery_03__teb__delay_200,discovery,discovery_03,teb,delay_200,f1c8fd861651f70500a8a3341a4fd79820a6f66c02609af9d8137fd2b70d947b,true,true,external_tolerance,external_tolerance,false,0,432,2158,0.03738200029404391,0.09967991859774536,21.580000000000574,21.580000000000574,6.369867890365099,0.06531323371503578,0.010436434219907408,0.029522993,true,true,true,true
643,discovery__discovery_09__teb__tau_x_300,discovery,discovery_09,teb,tau_x_300,f1c8fd861651f70500a8a3341a4fd79820a6f66c02609af9d8137fd2b70d947b,true,true,external_tolerance,external_tolerance,false,0,270,1349,0.07618072423848454,0.09167534624172248,13.489999999999757,13.489999999999757,5.624871670222486,0.18408575622848625,0.010663221277777777,0.028746879,true,true,true,true
644,discovery__discovery_01__dwa__tau_x_100,discovery,discovery_01,dwa,tau_x_100,f1c8fd861651f70500a8a3341a4fd79820a6f66c02609af9d8137fd2b70d947b,true,false,logical_timeout,duration,false,0,600,3000,4.797483142941365,0.17249995505462704,30.00000000000189,30.00000000000189,0.08024138001756845,0.5444237779524329,0.001715946779999998,0.008944913,true,true,true,true
645,discovery__discovery_08__dwa__delay_050,discovery,discovery_08,dwa,delay_050,f1c8fd861651f70500a8a3341a4fd79820a6f66c02609af9d8137fd2b70d947b,true,false,logical_timeout,duration,false,0,600,3000,4.800409713394666,0.05368432774527802,30.00000000000189,30.00000000000189,0.10330025774373841,0.7184699193510603,0.0012318986899999996,0.008909607,true,true,true,true
646,discovery__discovery_08__teb__tau_x_100,discovery,discovery_08,teb,tau_x_100,f1c8fd861651f70500a8a3341a4fd79820a6f66c02609af9d8137fd2b70d947b,true,true,external_tolerance,external_tolerance,false,0,232,1158,0.07562928000577418,0.06462789419852896,11.579999999999798,11.579999999999798,5.184449717842551,0.1755085726763527,0.010112004784482764,0.029710386,true,true,true,true
647,holdout__holdout_07__teb__tau_x_300,holdout,holdout_07,teb,tau_x_300,f1c8fd861651f70500a8a3341a4fd79820a6f66c02609af9d8137fd2b70d947b,true,false,plugin returned no valid velocity command,plugin returned no valid velocity command,false,1,135,675,2.7747656422798834,0.30274398983280326,6.7499999999999005,6.7499999999999005,2.5039136861763915,0.06954939000652294,0.01675957163235294,0.032394841,true,true,true,true
648,discovery__discovery_20__dwa__tau_w_100,discovery,discovery_20,dwa,tau_w_100,f1c8fd861651f70500a8a3341a4fd79820a6f66c02609af9d8137fd2b70d947b,true,false,logical_timeout,duration,false,0,600,3000,4.750198638426072,0.016104288848908594,30.00000000000189,30.00000000000189,0.37930497239196737,0.6067927943315239,0.001503853898333334,0.008018835,true,true,true,true
649,discovery__discovery_02__teb__tau_y_150,discovery,discovery_02,teb,tau_y_150,f1c8fd861651f70500a8a3341a4fd79820a6f66c02609af9d8137fd2b70d947b,true,true,external_tolerance,external_tolerance,false,0,254,1266,0.0797909742716617,0.0827235045086997,12.659999999999775,12.659999999999775,5.296213144320622,0.1543197734422721,0.010701486992125982,0.028896613,true,true,true,true
650,discovery__discovery_08__dwa__delay_200,discovery,discovery_08,dwa,delay_200,f1c8fd861651f70500a8a3341a4fd79820a6f66c02609af9d8137fd2b70d947b,true,false,logical_timeout,duration,false,0,600,3000,4.798693959698342,0.10914475896004373,30.00000000000189,30.00000000000189,0.11073616392538553,0.7158773254101842,0.0014636299466666673,0.0048191,true,true,true,true
651,holdout__holdout_14__teb__tau_y_150,holdout,holdout_14,teb,tau_y_150,f1c8fd861651f70500a8a3341a4fd79820a6f66c02609af9d8137fd2b70d947b,true,true,external_tolerance,external_tolerance,false,0,325,1621,0.024135810314921798,0.09736387081073554,16.209999999999734,16.209999999999734,6.548629261897374,0.10696706584193683,0.011214745612307685,0.031222355,true,true,true,true
652,discovery__discovery_04__teb__tau_w_100,discovery,discovery_04,teb,tau_w_100,f1c8fd861651f70500a8a3341a4fd79820a6f66c02609af9d8137fd2b70d947b,true,true,external_tolerance,external_tolerance,false,0,326,1630,0.022645119014437838,0.09799252269540705,16.29999999999975,16.29999999999975,5.797175556152098,0.1631429731541692,0.010617696558282217,0.03206673,true,true,true,true
653,discovery__discovery_11__dwa__tau_x_100,discovery,discovery_11,dwa,tau_x_100,f1c8fd861651f70500a8a3341a4fd79820a6f66c02609af9d8137fd2b70d947b,true,true,external_tolerance,external_tolerance,false,0,583,2912,0.0732964333413812,0.09943177459450775,29.120000000001752,29.120000000001752,6.02625175772185,0.14925654241471364,0.004048986765008583,0.019822401,true,true,true,true
654,discovery__discovery_13__teb__tau_x_100,discovery,discovery_13,teb,tau_x_100,f1c8fd861651f70500a8a3341a4fd79820a6f66c02609af9d8137fd2b70d947b,true,true,external_tolerance,external_tolerance,false,0,243,1214,0.0753189983811975,0.09781068805568198,12.139999999999786,12.139999999999786,5.4992786148075785,0.20813495947692937,0.010771254226337438,0.027837913,true,true,true,true
655,holdout__holdout_03__dwa__tau_w_300,holdout,holdout_03,dwa,tau_w_300,f1c8fd861651f70500a8a3341a4fd79820a6f66c02609af9d8137fd2b70d947b,true,false,logical_timeout,duration,false,0,600,3000,4.737872958385285,0.3612230820108918,30.00000000000189,30.00000000000189,0.16099556378639623,0.34277470240872127,0.001440659436666666,0.004864128,true,true,true,true
656,holdout__holdout_20__dwa__tau_y_300,holdout,holdout_20,dwa,tau_y_300,f1c8fd861651f70500a8a3341a4fd79820a6f66c02609af9d8137fd2b70d947b,true,false,logical_timeout,duration,false,0,600,3000,3.197205676395896,0.8117753585109239,30.00000000000189,30.00000000000189,2.0106399673461643,0.021019199610409878,0.0026937432566666673,0.017129617,true,true,true,true
657,holdout__holdout_01__dwa__delay_050,holdout,holdout_01,dwa,delay_050,f1c8fd861651f70500a8a3341a4fd79820a6f66c02609af9d8137fd2b70d947b,true,false,logical_timeout,duration,false,0,600,3000,4.800409713394666,0.05368432774527802,30.00000000000189,30.00000000000189,0.10330025774373841,0.5970311968398299,0.0014851727199999996,0.004830074,true,true,true,true
658,holdout__holdout_16__dwa__tau_y_150,holdout,holdout_16,dwa,tau_y_150,f1c8fd861651f70500a8a3341a4fd79820a6f66c02609af9d8137fd2b70d947b,true,false,logical_timeout,duration,false,0,600,3000,3.5702993369770333,0.8824344407766915,30.00000000000189,30.00000000000189,1.8397122360114,0.12267053727336427,0.002825970296666672,0.022465297,true,true,true,true
659,discovery__discovery_15__teb__delay_200,discovery,discovery_15,teb,delay_200,f1c8fd861651f70500a8a3341a4fd79820a6f66c02609af9d8137fd2b70d947b,true,true,external_tolerance,external_tolerance,false,0,434,2166,0.07906464475853575,0.05282905991315087,21.660000000000586,21.660000000000586,6.245263490768247,0.046234207982885224,0.011641311375576047,0.036036759,true,true,true,true
660,discovery__discovery_15__teb__delay_050,discovery,discovery_15,teb,delay_050,f1c8fd861651f70500a8a3341a4fd79820a6f66c02609af9d8137fd2b70d947b,true,true,external_tolerance,external_tolerance,false,0,305,1522,0.07922805145366267,0.07129211870435352,15.21999999999972,15.21999999999972,6.246971161471202,0.10803658586990196,0.01185349547213114,0.034013273,true,true,true,true
661,discovery__discovery_06__dwa__tau_y_300,discovery,discovery_06,dwa,tau_y_300,f1c8fd861651f70500a8a3341a4fd79820a6f66c02609af9d8137fd2b70d947b,true,false,logical_timeout,duration,false,0,600,3000,4.799915338987383,0.05526327701212631,30.00000000000189,30.00000000000189,0.1320295164372248,0.6673289351616003,0.0011993854483333339,0.003907365,true,true,true,true
662,discovery__discovery_20__dwa__tau_y_150,discovery,discovery_20,dwa,tau_y_150,f1c8fd861651f70500a8a3341a4fd79820a6f66c02609af9d8137fd2b70d947b,true,false,logical_timeout,duration,false,0,600,3000,3.9074307593640887,0.5666441928884122,30.00000000000189,30.00000000000189,1.711773601641785,0.6421882242481107,0.002295233404999998,0.022376626,true,true,true,true
663,discovery__discovery_12__teb__tau_y_300,discovery,discovery_12,teb,tau_y_300,f1c8fd861651f70500a8a3341a4fd79820a6f66c02609af9d8137fd2b70d947b,true,true,external_tolerance,external_tolerance,false,0,249,1244,0.06199421468200573,0.09491620330668835,12.43999999999978,12.43999999999978,5.177328337380222,0.13624033976522443,0.011096652787148595,0.030275019,true,true,true,true
664,holdout__holdout_04__teb__tau_w_100,holdout,holdout_04,teb,tau_w_100,f1c8fd861651f70500a8a3341a4fd79820a6f66c02609af9d8137fd2b70d947b,true,true,external_tolerance,external_tolerance,false,0,323,1611,0.018106884912192738,0.09514284039906792,16.10999999999972,16.10999999999972,5.718099738764152,0.20801118366881205,0.011082152173374618,0.031925898,true,true,true,true
665,holdout__holdout_17__teb__delay_200,holdout,holdout_17,teb,delay_200,f1c8fd861651f70500a8a3341a4fd79820a6f66c02609af9d8137fd2b70d947b,true,false,plugin returned no valid velocity command,plugin returned no valid velocity command,false,1,98,490,3.3297832082324783,0.11457374601110401,4.89999999999994,4.89999999999994,1.560581594869972,0.18603286616044834,0.016805621828282824,0.031407005,true,true,true,true
666,holdout__holdout_03__teb__delay_200,holdout,holdout_03,teb,delay_200,f1c8fd861651f70500a8a3341a4fd79820a6f66c02609af9d8137fd2b70d947b,true,true,external_tolerance,external_tolerance,false,0,425,2124,0.07978672338683468,0.07467021573466738,21.24000000000052,21.24000000000052,5.7600065571637415,0.13611718197301698,0.009481681854117662,0.027004496,true,true,true,true
667,holdout__holdout_15__dwa__tau_w_300,holdout,holdout_15,dwa,tau_w_300,f1c8fd861651f70500a8a3341a4fd79820a6f66c02609af9d8137fd2b70d947b,true,false,logical_timeout,duration,false,0,600,3000,2.894013325176978,0.41953601345517816,30.00000000000189,30.00000000000189,2.486322001175102,0.2310585190375542,0.0028667680083333284,0.017403998,true,true,true,true
668,holdout__holdout_14__dwa__tau_x_100,holdout,holdout_14,dwa,tau_x_100,f1c8fd861651f70500a8a3341a4fd79820a6f66c02609af9d8137fd2b70d947b,true,false,logical_timeout,duration,false,0,600,3000,4.797483142941365,0.17249995505462704,30.00000000000189,30.00000000000189,0.08024138001756845,0.680049010444806,0.0014392041900000011,0.004986425,true,true,true,true
669,discovery__discovery_13__dwa__delay_100,discovery,discovery_13,dwa,delay_100,f1c8fd861651f70500a8a3341a4fd79820a6f66c02609af9d8137fd2b70d947b,true,false,plugin returned no valid velocity command,plugin returned no valid velocity command,false,1,43,215,4.782126715165411,0.2623026281595221,2.149999999999998,2.149999999999998,0.022803454559040807,0.43857049816987836,0.0018083159090909095,0.006745653,true,true,true,true
670,holdout__holdout_13__teb__tau_y_300,holdout,holdout_13,teb,tau_y_300,f1c8fd861651f70500a8a3341a4fd79820a6f66c02609af9d8137fd2b70d947b,true,true,external_tolerance,external_tolerance,false,0,294,1470,0.07964638382994184,0.09287087825126929,14.699999999999731,14.699999999999731,5.29074964932313,0.016845400887441835,0.010227980360544219,0.029912753,true,true,true,true
671,discovery__discovery_17__teb__tau_y_300,discovery,discovery_17,teb,tau_y_300,f1c8fd861651f70500a8a3341a4fd79820a6f66c02609af9d8137fd2b70d947b,true,true,external_tolerance,external_tolerance,false,0,346,1726,0.032348431540200326,0.09947382997675734,17.2599999999999,17.2599999999999,6.464521177741454,0.13353865116985805,0.011564231361271682,0.030725413,true,true,true,true
672,holdout__holdout_20__teb__delay_200,holdout,holdout_20,teb,delay_200,f1c8fd861651f70500a8a3341a4fd79820a6f66c02609af9d8137fd2b70d947b,true,true,external_tolerance,external_tolerance,false,0,353,1761,0.04486778195996794,0.09876816400880972,17.609999999999953,17.609999999999953,5.69976250444491,0.09488256384026494,0.010445478600566573,0.030393454,true,true,true,true
673,holdout__holdout_09__teb__delay_200,holdout,holdout_09,teb,delay_200,f1c8fd861651f70500a8a3341a4fd79820a6f66c02609af9d8137fd2b70d947b,true,true,external_tolerance,external_tolerance,false,0,362,1808,0.07942265422370035,0.05791575392872317,18.080000000000027,18.080000000000027,5.6825587395714745,0.03266186327486749,0.009937618259668516,0.029673707,true,true,true,true
674,discovery__discovery_04__dwa__tau_y_300,discovery,discovery_04,dwa,tau_y_300,f1c8fd861651f70500a8a3341a4fd79820a6f66c02609af9d8137fd2b70d947b,true,false,logical_timeout,duration,false,0,600,3000,3.4850538532547293,0.9136185551101569,30.00000000000189,30.00000000000189,1.5732542191169014,0.1650983944900684,0.0023704615600000025,0.01748247,true,true,true,true
675,holdout__holdout_10__dwa__delay_200,holdout,holdout_10,dwa,delay_200,f1c8fd861651f70500a8a3341a4fd79820a6f66c02609af9d8137fd2b70d947b,true,false,logical_timeout,duration,false,0,600,3000,4.798693959698342,0.10914475896004373,30.00000000000189,30.00000000000189,0.11073616392538553,0.780346322771357,0.001261507658333335,0.003876484,true,true,true,true
676,discovery__discovery_12__dwa__delay_050,discovery,discovery_12,dwa,delay_050,f1c8fd861651f70500a8a3341a4fd79820a6f66c02609af9d8137fd2b70d947b,true,false,logical_timeout,duration,false,0,600,3000,4.800409713394666,0.05368432774527802,30.00000000000189,30.00000000000189,0.10330025774373841,0.771043979314678,0.0012679839083333338,0.004215201,true,true,true,true
677,discovery__discovery_01__teb__delay_200,discovery,discovery_01,teb,delay_200,f1c8fd861651f70500a8a3341a4fd79820a6f66c02609af9d8137fd2b70d947b,true,false,plugin returned no valid velocity command,plugin returned no valid velocity command,false,1,151,755,3.3635054713877817,0.17952198471822273,7.5499999999998835,7.5499999999998835,1.938009474601547,0.011346609374355054,0.014507541651315792,0.030172512,true,true,true,true
678,discovery__discovery_20__dwa__tau_w_300,discovery,discovery_20,dwa,tau_w_300,f1c8fd861651f70500a8a3341a4fd79820a6f66c02609af9d8137fd2b70d947b,true,false,logical_timeout,duration,false,0,600,3000,3.959876476206241,0.7491588253852849,30.00000000000189,30.00000000000189,1.4729665074632048,0.6450125433531981,0.002489059011666665,0.017903308,true,true,true,true
679,discovery__discovery_07__teb__tau_y_300,discovery,discovery_07,teb,tau_y_300,f1c8fd861651f70500a8a3341a4fd79820a6f66c02609af9d8137fd2b70d947b,true,true,external_tolerance,external_tolerance,false,0,333,1664,0.010799567510953564,0.09569326316332843,16.6399999999998,16.6399999999998,6.017840308917024,0.13815061035550097,0.011438706465465461,0.032736821,true,true,true,true
680,holdout__holdout_20__dwa__tau_x_300,holdout,holdout_20,dwa,tau_x_300,f1c8fd861651f70500a8a3341a4fd79820a6f66c02609af9d8137fd2b70d947b,true,false,logical_timeout,duration,false,0,600,3000,4.7987688891493585,0.06828936295412627,30.00000000000189,30.00000000000189,0.05226722964506285,0.6549420647886863,0.0013414445549999993,0.006104306,true,true,true,true
681,discovery__discovery_01__dwa__e0,discovery,discovery_01,dwa,e0,f1c8fd861651f70500a8a3341a4fd79820a6f66c02609af9d8137fd2b70d947b,true,false,logical_timeout,duration,false,0,600,3000,4.800342967782957,0.05052643037205333,30.00000000000189,30.00000000000189,0.08043681154258775,0.5444237779524329,0.001229557705,0.005939936,true,true,true,true
682,discovery__discovery_07__teb__delay_050,discovery,discovery_07,teb,delay_050,f1c8fd861651f70500a8a3341a4fd79820a6f66c02609af9d8137fd2b70d947b,true,true,external_tolerance,external_tolerance,false,0,283,1413,0.009659317906927608,0.09518894787583133,14.129999999999743,14.129999999999743,5.872419597872091,0.1635510444892807,0.010535115017667856,0.030983151,true,true,true,true
683,discovery__discovery_18__dwa__delay_200,discovery,discovery_18,dwa,delay_200,f1c8fd861651f70500a8a3341a4fd79820a6f66c02609af9d8137fd2b70d947b,true,false,plugin returned no valid velocity command,plugin returned no valid velocity command,false,1,57,285,4.7586053591429724,0.23013156675733332,2.849999999999983,2.849999999999983,0.06160157427554287,0.6655039728937572,0.0026289559137931033,0.007725616,true,true,true,true
684,discovery__discovery_14__dwa__tau_x_300,discovery,discovery_14,dwa,tau_x_300,f1c8fd861651f70500a8a3341a4fd79820a6f66c02609af9d8137fd2b70d947b,true,false,logical_timeout,duration,false,0,600,3000,4.7987688891493585,0.06828936295412627,30.00000000000189,30.00000000000189,0.05226722964506285,1.0074220512105605,0.0013061318950000004,0.006548832,true,true,true,true
685,holdout__holdout_01__dwa__tau_w_300,holdout,holdout_01,dwa,tau_w_300,f1c8fd861651f70500a8a3341a4fd79820a6f66c02609af9d8137fd2b70d947b,true,false,logical_timeout,duration,false,0,600,3000,3.8400957617367912,0.8623984925669141,30.00000000000189,30.00000000000189,1.3911471809788643,0.4218846792060827,0.002649681986666668,0.015861965,true,true,true,true
686,holdout__holdout_13__dwa__tau_w_300,holdout,holdout_13,dwa,tau_w_300,f1c8fd861651f70500a8a3341a4fd79820a6f66c02609af9d8137fd2b70d947b,true,false,logical_timeout,duration,false,0,600,3000,2.168838747733801,1.0972902130103284,30.00000000000189,30.00000000000189,2.953611500227269,0.2787268486449506,0.0029327817850000005,0.018099564,true,true,true,true
687,holdout__holdout_08__teb__tau_w_300,holdout,holdout_08,teb,tau_w_300,f1c8fd861651f70500a8a3341a4fd79820a6f66c02609af9d8137fd2b70d947b,true,true,external_tolerance,external_tolerance,false,0,404,2017,0.056863044375307405,0.09783927497549583,20.170000000000353,20.170000000000353,5.9292096394675635,0.16749205021733177,0.011347535591584166,0.029288064,true,true,true,true
688,holdout__holdout_08__dwa__tau_w_100,holdout,holdout_08,dwa,tau_w_100,f1c8fd861651f70500a8a3341a4fd79820a6f66c02609af9d8137fd2b70d947b,true,false,logical_timeout,duration,false,0,600,3000,4.79937960160367,0.1284129193457563,30.00000000000189,30.00000000000189,0.10350131892526561,0.5112056193175623,0.0013605699866666675,0.004838714,true,true,true,true
689,discovery__discovery_15__dwa__tau_w_300,discovery,discovery_15,dwa,tau_w_300,f1c8fd861651f70500a8a3341a4fd79820a6f66c02609af9d8137fd2b70d947b,true,false,logical_timeout,duration,false,0,600,3000,4.788035235269964,0.03708339421465451,30.00000000000189,30.00000000000189,0.36990387999414165,0.9406879862382822,0.0016015152299999995,0.014656209,true,true,true,true
690,holdout__holdout_18__teb__tau_y_300,holdout,holdout_18,teb,tau_y_300,f1c8fd861651f70500a8a3341a4fd79820a6f66c02609af9d8137fd2b70d947b,true,true,external_tolerance,external_tolerance,false,0,266,1329,0.07316567717307804,0.09554460916976587,13.289999999999761,13.289999999999761,5.076482446164128,0.08831175241135969,0.012160781665413534,0.033821434,true,true,true,true
691,holdout__holdout_15__dwa__delay_100,holdout,holdout_15,dwa,delay_100,f1c8fd861651f70500a8a3341a4fd79820a6f66c02609af9d8137fd2b70d947b,true,false,logical_timeout,duration,false,0,600,3000,4.799886964378005,0.05644748660638437,30.00000000000189,30.00000000000189,0.10753009517542378,0.6966021492514725,0.0014775513683333323,0.003752924,true,true,true,true
692,discovery__discovery_04__dwa__tau_x_100,discovery,discovery_04,dwa,tau_x_100,f1c8fd861651f70500a8a3341a4fd79820a6f66c02609af9d8137fd2b70d947b,true,false,logical_timeout,duration,false,0,600,3000,4.751622632976504,0.051908026079318347,30.00000000000189,30.00000000000189,0.12779152653451933,0.4959825434795566,0.0013587151299999992,0.005704182,true,true,true,true
693,holdout__holdout_20__teb__tau_y_300,holdout,holdout_20,teb,tau_y_300,f1c8fd861651f70500a8a3341a4fd79820a6f66c02609af9d8137fd2b70d947b,true,true,external_tolerance,external_tolerance,false,0,265,1324,0.06782489791074897,0.09788851576698851,13.239999999999762,13.239999999999762,5.424153651650368,0.1556684250908069,0.011043412143396217,0.032555526,true,true,true,true
694,discovery__discovery_07__teb__tau_y_150,discovery,discovery_07,teb,tau_y_150,f1c8fd861651f70500a8a3341a4fd79820a6f66c02609af9d8137fd2b70d947b,true,true,external_tolerance,external_tolerance,false,0,277,1383,0.00800147290353501,0.0954241616636227,13.82999999999975,13.82999999999975,5.926202584383313,0.14740658639476625,0.010761043277978333,0.030190978,true,true,true,true
695,discovery__discovery_17__teb__tau_w_100,discovery,discovery_17,teb,tau_w_100,f1c8fd861651f70500a8a3341a4fd79820a6f66c02609af9d8137fd2b70d947b,true,false,plugin returned no valid velocity command,plugin returned no valid velocity command,false,1,120,600,2.740610785138368,0.2816004225154015,5.9999999999999165,5.9999999999999165,2.6757815455624407,0.1121328859999373,0.01471119946280992,0.030168063,true,true,true,true
696,discovery__discovery_16__dwa__tau_w_100,discovery,discovery_16,dwa,tau_w_100,f1c8fd861651f70500a8a3341a4fd79820a6f66c02609af9d8137fd2b70d947b,true,true,external_tolerance,external_tolerance,false,0,362,1808,0.07737176182514689,0.09935349430452807,18.080000000000027,18.080000000000027,5.972733098627373,0.07117086360122464,0.005343734088397789,0.017254926,true,true,true,true
697,discovery__discovery_17__dwa__tau_x_300,discovery,discovery_17,dwa,tau_x_300,f1c8fd861651f70500a8a3341a4fd79820a6f66c02609af9d8137fd2b70d947b,true,false,logical_timeout,duration,false,0,600,3000,4.7987983755832255,0.06059223231982813,30.00000000000189,30.00000000000189,0.08880162185125437,1.4744131678580215,0.0014634266016666669,0.003964469,true,true,true,true
698,holdout__holdout_14__dwa__tau_y_150,holdout,holdout_14,dwa,tau_y_150,f1c8fd861651f70500a8a3341a4fd79820a6f66c02609af9d8137fd2b70d947b,true,true,external_tolerance,external_tolerance,false,0,358,1790,0.07944490580938976,0.09979998696312506,17.9,17.9,6.118325885694948,0.11731137363787322,0.005788992340782123,0.024260861,true,true,true,true
699,holdout__holdout_09__dwa__tau_y_300,holdout,holdout_09,dwa,tau_y_300,f1c8fd861651f70500a8a3341a4fd79820a6f66c02609af9d8137fd2b70d947b,true,false,logical_timeout,duration,false,0,600,3000,4.799915338987383,0.05526327701212631,30.00000000000189,30.00000000000189,0.1320295164372248,0.8035557500980427,0.001434598551666668,0.003851032,true,true,true,true
700,discovery__discovery_14__dwa__tau_w_100,discovery,discovery_14,dwa,tau_w_100,f1c8fd861651f70500a8a3341a4fd79820a6f66c02609af9d8137fd2b70d947b,true,false,logical_timeout,duration,false,0,600,3000,4.750198638426072,0.016104288848908594,30.00000000000189,30.00000000000189,0.37930497239196737,0.9394353554948885,0.0018620592216666665,0.00715,true,true,true,true
701,discovery__discovery_03__dwa__tau_w_300,discovery,discovery_03,dwa,tau_w_300,f1c8fd861651f70500a8a3341a4fd79820a6f66c02609af9d8137fd2b70d947b,true,false,logical_timeout,duration,false,0,600,3000,2.049947284645755,0.8318635977772797,30.00000000000189,30.00000000000189,3.19515192827919,0.11590921225062825,0.0037080046116666687,0.019474189,true,true,true,true
702,discovery__discovery_02__teb__delay_050,discovery,discovery_02,teb,delay_050,f1c8fd861651f70500a8a3341a4fd79820a6f66c02609af9d8137fd2b70d947b,true,true,external_tolerance,external_tolerance,false,0,241,1205,0.04765180697725104,0.09819121559032551,12.049999999999788,12.049999999999788,5.281811149057587,0.13602129514230032,0.010379423369294597,0.029077113,true,true,true,true
703,discovery__discovery_19__teb__delay_050,discovery,discovery_19,teb,delay_050,f1c8fd861651f70500a8a3341a4fd79820a6f66c02609af9d8137fd2b70d947b,true,true,external_tolerance,external_tolerance,false,0,325,1623,0.07948451922789332,0.023801181151897857,16.229999999999738,16.229999999999738,6.622961946793611,0.14450166749585738,0.01199313727692308,0.032950924,true,true,true,true
704,discovery__discovery_08__dwa__tau_y_150,discovery,discovery_08,dwa,tau_y_150,f1c8fd861651f70500a8a3341a4fd79820a6f66c02609af9d8137fd2b70d947b,true,true,external_tolerance,external_tolerance,false,0,326,1629,0.0767582634416836,0.09990190220833255,16.289999999999747,16.289999999999747,5.095636841320138,0.19492170055271674,0.005272481923312885,0.02119928,true,true,true,true
705,discovery__discovery_19__teb__e0,discovery,discovery_19,teb,e0,f1c8fd861651f70500a8a3341a4fd79820a6f66c02609af9d8137fd2b70d947b,true,true,external_tolerance,external_tolerance,false,0,298,1488,0.0786296354654839,0.005245566229350332,14.879999999999727,14.879999999999727,6.613477279267236,0.045336762252608076,0.011564407546979858,0.035381307,true,true,true,true
706,discovery__discovery_16__teb__delay_050,discovery,discovery_16,teb,delay_050,f1c8fd861651f70500a8a3341a4fd79820a6f66c02609af9d8137fd2b70d947b,true,true,external_tolerance,external_tolerance,false,0,304,1516,0.018952019769828427,0.09391601037308649,15.159999999999721,15.159999999999721,6.157787902752865,0.09420415145393922,0.011710882819078951,0.032161842,true,true,true,true
707,holdout__holdout_07__dwa__delay_050,holdout,holdout_07,dwa,delay_050,f1c8fd861651f70500a8a3341a4fd79820a6f66c02609af9d8137fd2b70d947b,true,false,plugin returned no valid velocity command,plugin returned no valid velocity command,false,1,32,160,4.789388221964771,0.03296052641235291,1.6000000000000012,1.6000000000000012,0.060793762754946544,0.3781641504416214,0.0022013161212121215,0.004979574,true,true,true,true
708,discovery__discovery_12__teb__tau_y_150,discovery,discovery_12,teb,tau_y_150,f1c8fd861651f70500a8a3341a4fd79820a6f66c02609af9d8137fd2b70d947b,true,true,external_tolerance,external_tolerance,false,0,238,1190,0.061259969215246665,0.0991973199854625,11.89999999999979,11.89999999999979,5.207956197540659,0.15667935051858872,0.011295651008403358,0.038320629,true,true,true,true
709,discovery__discovery_01__teb__tau_w_100,discovery,discovery_01,teb,tau_w_100,f1c8fd861651f70500a8a3341a4fd79820a6f66c02609af9d8137fd2b70d947b,true,true,external_tolerance,external_tolerance,false,0,271,1352,0.01664345506656962,0.0961491489481772,13.519999999999756,13.519999999999756,5.45976905243114,0.07523157736465792,0.008680959904059043,0.027174728,true,true,true,true
710,discovery__discovery_10__dwa__delay_200,discovery,discovery_10,dwa,delay_200,f1c8fd861651f70500a8a3341a4fd79820a6f66c02609af9d8137fd2b70d947b,true,false,plugin returned no valid velocity command,plugin returned no valid velocity command,false,1,32,160,4.804322281281297,0.0724342067725957,1.6000000000000012,1.6000000000000012,0.1713260750611314,0.804564807753719,0.0027562018181818177,0.007993705,true,true,true,true
711,holdout__holdout_10__teb__e0,holdout,holdout_10,teb,e0,f1c8fd861651f70500a8a3341a4fd79820a6f66c02609af9d8137fd2b70d947b,true,true,external_tolerance,external_tolerance,false,0,232,1157,0.07671972209409342,0.06932677554286049,11.569999999999798,11.569999999999798,5.37177132271746,0.1766846239568327,0.009129648797413792,0.025795619,true,true,true,true
712,holdout__holdout_04__teb__e0,holdout,holdout_04,teb,e0,f1c8fd861651f70500a8a3341a4fd79820a6f66c02609af9d8137fd2b70d947b,true,true,external_tolerance,external_tolerance,false,0,273,1364,0.013980248722179784,0.09942018515506706,13.639999999999754,13.639999999999754,5.735740359808492,0.20926965311595933,0.010874414663003668,0.030990937,true,true,true,true
713,holdout__holdout_03__teb__delay_050,holdout,holdout_03,teb,delay_050,f1c8fd861651f70500a8a3341a4fd79820a6f66c02609af9d8137fd2b70d947b,true,true,external_tolerance,external_tolerance,false,0,259,1291,0.07395906205623629,0.09633469843243282,12.90999999999977,12.90999999999977,5.410355646342282,0.15940164992060535,0.009723905501930497,0.02681628,true,true,true,true
714,discovery__discovery_07__dwa__tau_y_300,discovery,discovery_07,dwa,tau_y_300,f1c8fd861651f70500a8a3341a4fd79820a6f66c02609af9d8137fd2b70d947b,true,false,logical_timeout,duration,false,0,600,3000,2.2300333024276315,0.6722374786637131,30.00000000000189,30.00000000000189,3.4033512924021,0.05731942077847475,0.0035691319550000024,0.022505875,true,true,true,true
715,holdout__holdout_11__teb__tau_x_300,holdout,holdout_11,teb,tau_x_300,f1c8fd861651f70500a8a3341a4fd79820a6f66c02609af9d8137fd2b70d947b,true,true,external_tolerance,external_tolerance,false,0,260,1297,0.02225023857448568,0.09597179864475587,12.969999999999768,12.969999999999768,5.260327620275266,0.16866225862962686,0.011168358026923082,0.031407321,true,true,true,true
716,discovery__discovery_20__teb__tau_y_500,discovery,discovery_20,teb,tau_y_500,f1c8fd861651f70500a8a3341a4fd79820a6f66c02609af9d8137fd2b70d947b,true,false,plugin returned no valid velocity command,plugin returned no valid velocity command,false,1,116,580,3.1014355259865,0.17849990070795377,5.799999999999921,5.799999999999921,2.235971484326988,0.11572498789566056,0.013802605675213674,0.029991141,true,true,true,true
717,holdout__holdout_05__dwa__tau_w_100,holdout,holdout_05,dwa,tau_w_100,f1c8fd861651f70500a8a3341a4fd79820a6f66c02609af9d8137fd2b70d947b,true,false,logical_timeout,duration,false,0,600,3000,4.79937960160367,0.1284129193457563,30.00000000000189,30.00000000000189,0.10350131892526561,0.9210500412375878,0.0014430458600000011,0.004625982,true,true,true,true
718,holdout__holdout_13__dwa__tau_y_150,holdout,holdout_13,dwa,tau_y_150,f1c8fd861651f70500a8a3341a4fd79820a6f66c02609af9d8137fd2b70d947b,true,false,logical_timeout,duration,false,0,600,3000,2.2832627130774514,0.852237621648251,30.00000000000189,30.00000000000189,3.19718359374576,0.2928485629350132,0.0033687808049999986,0.018028296,true,true,true,true
719,discovery__discovery_02__dwa__delay_100,discovery,discovery_02,dwa,delay_100,f1c8fd861651f70500a8a3341a4fd79820a6f66c02609af9d8137fd2b70d947b,true,false,plugin returned no valid velocity command,plugin returned no valid velocity command,false,1,371,1855,3.1818355722241267,0.8988157449058158,18.5500000000001,18.5500000000001,1.8068698254265827,0.34341473814585544,0.002725997666666666,0.018047158,true,true,true,true
720,holdout__holdout_02__dwa__tau_x_100,holdout,holdout_02,dwa,tau_x_100,f1c8fd861651f70500a8a3341a4fd79820a6f66c02609af9d8137fd2b70d947b,true,false,logical_timeout,duration,false,0,600,3000,4.797483142941365,0.17249995505462704,30.00000000000189,30.00000000000189,0.08024138001756845,1.3801112520922225,0.0011348057033333328,0.005015106,true,true,true,true
721,holdout__holdout_19__teb__delay_050,holdout,holdout_19,teb,delay_050,f1c8fd861651f70500a8a3341a4fd79820a6f66c02609af9d8137fd2b70d947b,true,true,external_tolerance,external_tolerance,false,0,268,1336,0.0563772528802556,0.09976603889031005,13.35999999999976,13.35999999999976,5.81463468014719,0.18787692565396044,0.010770336649253738,0.029783048,true,true,true,true
722,discovery__discovery_06__teb__tau_y_500,discovery,discovery_06,teb,tau_y_500,f1c8fd861651f70500a8a3341a4fd79820a6f66c02609af9d8137fd2b70d947b,true,true,external_tolerance,external_tolerance,false,0,362,1808,0.02721066897789623,0.09906471488996535,18.080000000000027,18.080000000000027,6.628732144663119,0.1559265657121601,0.012944464016574581,0.034189539,true,true,true,true
723,holdout__holdout_07__dwa__e0,holdout,holdout_07,dwa,e0,f1c8fd861651f70500a8a3341a4fd79820a6f66c02609af9d8137fd2b70d947b,true,false,logical_timeout,duration,false,0,600,3000,4.750728787406146,0.002960665189466522,30.00000000000189,30.00000000000189,0.29686420154556653,0.32141898088567,0.0015112462850000003,0.006548021,true,true,true,true
724,discovery__discovery_03__teb__tau_x_300,discovery,discovery_03,teb,tau_x_300,f1c8fd861651f70500a8a3341a4fd79820a6f66c02609af9d8137fd2b70d947b,true,true,external_tolerance,external_tolerance,false,0,343,1714,0.07869546213105978,0.04440251616209292,17.13999999999988,17.13999999999988,6.325110388354259,0.13038875837778802,0.009522072941690963,0.032028348,true,true,true,true
725,holdout__holdout_14__teb__tau_y_500,holdout,holdout_14,teb,tau_y_500,f1c8fd861651f70500a8a3341a4fd79820a6f66c02609af9d8137fd2b70d947b,true,true,external_tolerance,external_tolerance,false,0,497,2483,0.07958867928122693,0.06431484128634284,24.830000000001082,24.830000000001082,6.817206341750423,0.06768856653958809,0.011902621786720326,0.029700172,true,true,true,true
726,discovery__discovery_08__teb__tau_x_300,discovery,discovery_08,teb,tau_x_300,f1c8fd861651f70500a8a3341a4fd79820a6f66c02609af9d8137fd2b70d947b,true,true,external_tolerance,external_tolerance,false,0,248,1236,0.07312427030768068,0.09950908806705175,12.359999999999781,12.359999999999781,5.1580839799215426,0.19731910076470832,0.010191750290322583,0.03080093,true,true,true,true
727,discovery__discovery_06__dwa__delay_100,discovery,discovery_06,dwa,delay_100,f1c8fd861651f70500a8a3341a4fd79820a6f66c02609af9d8137fd2b70d947b,true,false,logical_timeout,duration,false,0,600,3000,4.799886964378005,0.05644748660638437,30.00000000000189,30.00000000000189,0.10753009517542378,0.6657742546687756,0.0014366321716666663,0.003746145,true,true,true,true
728,discovery__discovery_17__teb__tau_x_300,discovery,discovery_17,teb,tau_x_300,f1c8fd861651f70500a8a3341a4fd79820a6f66c02609af9d8137fd2b70d947b,true,false,plugin returned no valid velocity command,plugin returned no valid velocity command,false,1,143,715,2.7288808605990282,0.27306487992733103,7.149999999999892,7.149999999999892,2.6891196121225165,0.09622458095373966,0.014830841361111112,0.031270688,true,true,true,true
729,holdout__holdout_09__teb__tau_x_300,holdout,holdout_09,teb,tau_x_300,f1c8fd861651f70500a8a3341a4fd79820a6f66c02609af9d8137fd2b70d947b,true,true,external_tolerance,external_tolerance,false,0,239,1194,0.07734854900948555,0.003203640528304547,11.93999999999979,11.93999999999979,5.001990079757088,0.10746023160420594,0.010851905322175729,0.030661641,true,true,true,true
730,holdout__holdout_19__teb__tau_w_300,holdout,holdout_19,teb,tau_w_300,f1c8fd861651f70500a8a3341a4fd79820a6f66c02609af9d8137fd2b70d947b,true,true,external_tolerance,external_tolerance,false,0,384,1916,0.045250968833886934,0.09827353847103497,19.160000000000196,19.160000000000196,5.814800731352451,0.16737545094345194,0.01025527328645833,0.030776602,true,true,true,true
731,discovery__discovery_07__dwa__delay_100,discovery,discovery_07,dwa,delay_100,f1c8fd861651f70500a8a3341a4fd79820a6f66c02609af9d8137fd2b70d947b,true,false,plugin returned no valid velocity command,plugin returned no valid velocity command,false,1,405,2025,2.208657096382548,0.8368420056300205,20.250000000000366,20.250000000000366,2.790171108407311,0.04493864866880428,0.003127485679802953,0.019227428,true,true,true,true
732,discovery__discovery_01__teb__e0,discovery,discovery_01,teb,e0,f1c8fd861651f70500a8a3341a4fd79820a6f66c02609af9d8137fd2b70d947b,true,true,external_tolerance,external_tolerance,false,0,249,1245,0.01750247852357216,0.09660313154681363,12.449999999999779,12.449999999999779,5.457911133337483,0.07194672202400983,0.008941078855421686,0.026812385,true,true,true,true
733,holdout__holdout_18__dwa__tau_w_300,holdout,holdout_18,dwa,tau_w_300,f1c8fd861651f70500a8a3341a4fd79820a6f66c02609af9d8137fd2b70d947b,true,false,logical_timeout,duration,false,0,600,3000,2.6476262838983353,0.7910391027916153,30.00000000000189,30.00000000000189,2.633545687664624,0.16524645052578363,0.0027446765949999995,0.017043037,true,true,true,true
734,discovery__discovery_07__teb__delay_200,discovery,discovery_07,teb,delay_200,f1c8fd861651f70500a8a3341a4fd79820a6f66c02609af9d8137fd2b70d947b,true,true,external_tolerance,external_tolerance,false,0,380,1896,0.04551373239491982,0.0945513904127333,18.960000000000164,18.960000000000164,6.029430294858002,0.13590691574082614,0.0105878565,0.028498327,true,true,true,true
735,discovery__discovery_07__dwa__tau_w_100,discovery,discovery_07,dwa,tau_w_100,f1c8fd861651f70500a8a3341a4fd79820a6f66c02609af9d8137fd2b70d947b,true,false,logical_timeout,duration,false,0,600,3000,4.750198638426072,0.016104288848908594,30.00000000000189,30.00000000000189,0.37930497239196737,0.5586281688581571,0.0017090638200000015,0.006094728,true,true,true,true
736,holdout__holdout_12__dwa__tau_y_300,holdout,holdout_12,dwa,tau_y_300,f1c8fd861651f70500a8a3341a4fd79820a6f66c02609af9d8137fd2b70d947b,true,false,logical_timeout,duration,false,0,600,3000,4.799915338987383,0.05526327701212631,30.00000000000189,30.00000000000189,0.1320295164372248,0.46758144649378036,0.0013603572549999983,0.003816197,true,true,true,true
737,discovery__discovery_01__dwa__tau_y_500,discovery,discovery_01,dwa,tau_y_500,f1c8fd861651f70500a8a3341a4fd79820a6f66c02609af9d8137fd2b70d947b,true,false,logical_timeout,duration,false,0,600,3000,4.797485535329291,0.16342103560456253,30.00000000000189,30.00000000000189,0.14694983650681062,0.543419851705262,0.0014004612983333335,0.009150676,true,true,true,true
738,discovery__discovery_03__teb__tau_x_100,discovery,discovery_03,teb,tau_x_100,f1c8fd861651f70500a8a3341a4fd79820a6f66c02609af9d8137fd2b70d947b,true,true,external_tolerance,external_tolerance,false,0,281,1403,0.018737743316133613,0.09576188904669246,14.029999999999745,14.029999999999745,5.929938675208462,0.1310677211613611,0.009826413896797148,0.027422377,true,true,true,true
739,holdout__holdout_11__teb__delay_200,holdout,holdout_11,teb,delay_200,f1c8fd861651f70500a8a3341a4fd79820a6f66c02609af9d8137fd2b70d947b,true,true,external_tolerance,external_tolerance,false,0,367,1834,0.07793231042537313,0.053054738192063106,18.340000000000067,18.340000000000067,5.420535860065918,0.11476867782786304,0.010754493833787468,0.03207489,true,true,true,true
740,discovery__discovery_04__dwa__tau_x_300,discovery,discovery_04,dwa,tau_x_300,f1c8fd861651f70500a8a3341a4fd79820a6f66c02609af9d8137fd2b70d947b,true,false,logical_timeout,duration,false,0,600,3000,4.7987688891493585,0.06828936295412627,30.00000000000189,30.00000000000189,0.05226722964506285,0.557637016004257,0.0013927772100000005,0.003770278,true,true,true,true
741,holdout__holdout_06__teb__delay_200,holdout,holdout_06,teb,delay_200,f1c8fd861651f70500a8a3341a4fd79820a6f66c02609af9d8137fd2b70d947b,true,false,plugin returned no valid velocity command,plugin returned no valid velocity command,false,1,213,1065,2.2771886618201265,0.2224281060073998,10.649999999999817,10.649999999999817,3.6649407629539943,0.02546557254175319,0.01549359304672897,0.036628664,true,true,true,true
742,holdout__holdout_04__dwa__tau_y_150,holdout,holdout_04,dwa,tau_y_150,f1c8fd861651f70500a8a3341a4fd79820a6f66c02609af9d8137fd2b70d947b,true,false,logical_timeout,duration,false,0,600,3000,3.4376010471101526,0.6542737849130255,30.00000000000189,30.00000000000189,1.9405388677537476,0.11018841325790915,0.0024980969550000005,0.021346699,true,true,true,true
743,holdout__holdout_12__teb__tau_y_300,holdout,holdout_12,teb,tau_y_300,f1c8fd861651f70500a8a3341a4fd79820a6f66c02609af9d8137fd2b70d947b,true,true,external_tolerance,external_tolerance,false,0,315,1575,0.0792659353706729,0.03340861035401876,15.749999999999709,15.749999999999709,5.387335554484697,0.08278069366580106,0.010150504765079359,0.032667589,true,true,true,true
744,discovery__discovery_05__teb__tau_x_100,discovery,discovery_05,teb,tau_x_100,f1c8fd861651f70500a8a3341a4fd79820a6f66c02609af9d8137fd2b70d947b,true,true,external_tolerance,external_tolerance,false,0,291,1451,0.048845158912246736,0.0990082114001091,14.509999999999735,14.509999999999735,6.338954296729898,0.1716938499940576,0.011114968274914087,0.029328904,true,true,true,true
745,discovery__discovery_10__dwa__delay_050,discovery,discovery_10,dwa,delay_050,f1c8fd861651f70500a8a3341a4fd79820a6f66c02609af9d8137fd2b70d947b,true,false,plugin returned no valid velocity command,plugin returned no valid velocity command,false,1,17,85,4.803673914255166,0.04263157139066614,0.8500000000000005,0.8500000000000005,0.11781696169492327,0.804564807753719,0.005975846222222223,0.010721079,true,true,true,true
746,discovery__discovery_18__teb__tau_x_300,discovery,discovery_18,teb,tau_x_300,f1c8fd861651f70500a8a3341a4fd79820a6f66c02609af9d8137fd2b70d947b,true,true,external_tolerance,external_tolerance,false,0,373,1861,0.07754612660453135,0.06832318873630024,18.61000000000011,18.61000000000011,6.541185670743434,0.21531284051079871,0.008795885804289551,0.029173959,true,true,true,true
747,discovery__discovery_14__teb__delay_050,discovery,discovery_14,teb,delay_050,f1c8fd861651f70500a8a3341a4fd79820a6f66c02609af9d8137fd2b70d947b,true,true,external_tolerance,external_tolerance,false,0,244,1217,0.0786748812865105,0.05668925210864235,12.169999999999785,12.169999999999785,5.237883215901565,0.04915422913449677,0.009703548639344264,0.027935348,true,true,true,true
748,holdout__holdout_11__teb__delay_050,holdout,holdout_11,teb,delay_050,f1c8fd861651f70500a8a3341a4fd79820a6f66c02609af9d8137fd2b70d947b,true,true,external_tolerance,external_tolerance,false,0,261,1303,0.052042096698901696,0.09437501750944764,13.029999999999767,13.029999999999767,5.27460986418744,0.16496767134631962,0.010862279877394633,0.046643006,true,true,true,true
749,discovery__discovery_12__dwa__tau_y_300,discovery,discovery_12,dwa,tau_y_300,f1c8fd861651f70500a8a3341a4fd79820a6f66c02609af9d8137fd2b70d947b,true,false,logical_timeout,duration,false,0,600,3000,4.799915338987383,0.05526327701212631,30.00000000000189,30.00000000000189,0.1320295164372248,0.7752223108195064,0.001409470911666666,0.004915146,true,true,true,true
750,discovery__discovery_09__teb__tau_y_500,discovery,discovery_09,teb,tau_y_500,f1c8fd861651f70500a8a3341a4fd79820a6f66c02609af9d8137fd2b70d947b,true,true,external_tolerance,external_tolerance,false,0,347,1734,0.07871925105920796,0.018796180929840416,17.33999999999991,17.33999999999991,5.742547041437186,0.09183581068025508,0.009568739334293945,0.029799193,true,true,true,true
751,discovery__discovery_01__dwa__tau_w_100,discovery,discovery_01,dwa,tau_w_100,f1c8fd861651f70500a8a3341a4fd79820a6f66c02609af9d8137fd2b70d947b,true,false,logical_timeout,duration,false,0,600,3000,4.79937960160367,0.1284129193457563,30.00000000000189,30.00000000000189,0.10350131892526561,0.5444237779524329,0.0012750028299999988,0.007626173,true,true,true,true
752,discovery__discovery_09__teb__e0,discovery,discovery_09,teb,e0,f1c8fd861651f70500a8a3341a4fd79820a6f66c02609af9d8137fd2b70d947b,true,true,external_tolerance,external_tolerance,false,0,248,1237,0.0781231203109487,0.07701433896507072,12.36999999999978,12.36999999999978,5.636853787780508,0.18570349833832264,0.0103654334516129,0.02810505,true,true,true,true
753,discovery__discovery_08__dwa__tau_w_300,discovery,discovery_08,dwa,tau_w_300,f1c8fd861651f70500a8a3341a4fd79820a6f66c02609af9d8137fd2b70d947b,true,true,external_tolerance,external_tolerance,false,0,555,2772,0.07874037526576545,0.09890138113781917,27.720000000001534,27.720000000001534,5.25604694588262,0.22431971796494812,0.003540851645045045,0.018105152,true,true,true,true
754,holdout__holdout_03__dwa__delay_100,holdout,holdout_03,dwa,delay_100,f1c8fd861651f70500a8a3341a4fd79820a6f66c02609af9d8137fd2b70d947b,true,false,logical_timeout,duration,false,0,600,3000,4.743023007822322,0.27848688383880865,30.00000000000189,30.00000000000189,0.16409217009744978,0.3474038141513517,0.001353117073333334,0.005623661,true,true,true,true
755,discovery__discovery_15__teb__e0,discovery,discovery_15,teb,e0,f1c8fd861651f70500a8a3341a4fd79820a6f66c02609af9d8137fd2b70d947b,true,true,external_tolerance,external_tolerance,false,0,275,1373,0.0798087339786268,0.07334857075962727,13.729999999999752,13.729999999999752,6.153468533743255,0.1548895913378645,0.011971785992727269,0.035330164,true,true,true,true
756,discovery__discovery_05__teb__tau_y_150,discovery,discovery_05,teb,tau_y_150,f1c8fd861651f70500a8a3341a4fd79820a6f66c02609af9d8137fd2b70d947b,true,true,external_tolerance,external_tolerance,false,0,300,1499,0.03175333618475948,0.0998505496297005,14.989999999999725,14.989999999999725,6.3344535747273785,0.20900103272439913,0.011292070359999991,0.030685296,true,true,true,true
757,discovery__discovery_03__dwa__delay_050,discovery,discovery_03,dwa,delay_050,f1c8fd861651f70500a8a3341a4fd79820a6f66c02609af9d8137fd2b70d947b,true,false,logical_timeout,duration,false,0,600,3000,4.800409713394666,0.05368432774527802,30.00000000000189,30.00000000000189,0.10330025774373841,0.5767083318281437,0.0012822489466666669,0.003731129,true,true,true,true
758,discovery__discovery_05__teb__tau_y_300,discovery,discovery_05,teb,tau_y_300,f1c8fd861651f70500a8a3341a4fd79820a6f66c02609af9d8137fd2b70d947b,true,true,external_tolerance,external_tolerance,false,0,328,1640,0.04081636455945568,0.09857836887852903,16.399999999999764,16.399999999999764,6.321929522763889,0.19006403354048737,0.01163362877134145,0.030098819,true,true,true,true
759,holdout__holdout_18__teb__tau_w_300,holdout,holdout_18,teb,tau_w_300,f1c8fd861651f70500a8a3341a4fd79820a6f66c02609af9d8137fd2b70d947b,true,true,external_tolerance,external_tolerance,false,0,275,1371,0.05217796271337904,0.09592292363683742,13.709999999999752,13.709999999999752,5.0184080840211385,0.12926371875959242,0.010908074439999997,0.035181553,true,true,true,true
760,discovery__discovery_18__teb__tau_y_300,discovery,discovery_18,teb,tau_y_300,f1c8fd861651f70500a8a3341a4fd79820a6f66c02609af9d8137fd2b70d947b,true,true,external_tolerance,external_tolerance,false,0,303,1513,0.06542023739598345,0.09855523828816824,15.129999999999722,15.129999999999722,5.947179297159183,0.17637596457171026,0.01007120179207921,0.028095759,true,true,true,true
761,holdout__holdout_02__dwa__tau_w_100,holdout,holdout_02,dwa,tau_w_100,f1c8fd861651f70500a8a3341a4fd79820a6f66c02609af9d8137fd2b70d947b,true,false,logical_timeout,duration,false,0,600,3000,4.79937960160367,0.1284129193457563,30.00000000000189,30.00000000000189,0.10350131892526561,1.3867780025917795,0.0012776968266666662,0.004315503,true,true,true,true
762,holdout__holdout_16__dwa__delay_200,holdout,holdout_16,dwa,delay_200,f1c8fd861651f70500a8a3341a4fd79820a6f66c02609af9d8137fd2b70d947b,true,false,plugin returned no valid velocity command,plugin returned no valid velocity command,false,1,446,2230,3.279339944857766,0.9576315237370008,22.300000000000686,22.300000000000686,1.6985082200136763,0.18570853176133614,0.002489966344519017,0.020737524,true,true,true,true
763,discovery__discovery_15__dwa__tau_w_100,discovery,discovery_15,dwa,tau_w_100,f1c8fd861651f70500a8a3341a4fd79820a6f66c02609af9d8137fd2b70d947b,true,false,logical_timeout,duration,false,0,600,3000,4.307416392352358,0.6545389063150598,30.00000000000189,30.00000000000189,1.446936197783761,0.48547740527353045,0.0028894496066666684,0.021227146,true,true,true,true
764,holdout__holdout_04__teb__delay_200,holdout,holdout_04,teb,delay_200,f1c8fd861651f70500a8a3341a4fd79820a6f66c02609af9d8137fd2b70d947b,true,true,external_tolerance,external_tolerance,false,0,454,2266,0.046214043016969894,0.09290110637585647,22.660000000000743,22.660000000000743,5.838881767624295,0.13806042880129846,0.011669015718061677,0.03222473,true,true,true,true
765,holdout__holdout_16__dwa__tau_w_100,holdout,holdout_16,dwa,tau_w_100,f1c8fd861651f70500a8a3341a4fd79820a6f66c02609af9d8137fd2b70d947b,true,false,logical_timeout,duration,false,0,600,3000,4.750198638426072,0.016104288848908594,30.00000000000189,30.00000000000189,0.37930497239196737,0.603118524323674,0.001607402401666668,0.005161172,true,true,true,true
766,discovery__discovery_14__dwa__tau_y_150,discovery,discovery_14,dwa,tau_y_150,f1c8fd861651f70500a8a3341a4fd79820a6f66c02609af9d8137fd2b70d947b,true,false,logical_timeout,duration,false,0,600,3000,1.9210892374975375,0.8349227560422152,30.00000000000189,30.00000000000189,3.1682349174408357,0.06205327696777448,0.002798577974999998,0.023700119,true,true,true,true
767,discovery__discovery_16__teb__delay_200,discovery,discovery_16,teb,delay_200,f1c8fd861651f70500a8a3341a4fd79820a6f66c02609af9d8137fd2b70d947b,true,true,external_tolerance,external_tolerance,false,0,445,2222,0.07920710255794543,0.020354440372689905,22.220000000000674,22.220000000000674,6.203633702854065,0.0548691398908547,0.012188802352808992,0.034583331,true,true,true,true
768,holdout__holdout_07__teb__tau_w_300,holdout,holdout_07,teb,tau_w_300,f1c8fd861651f70500a8a3341a4fd79820a6f66c02609af9d8137fd2b70d947b,true,false,plugin returned no valid velocity command,plugin returned no valid velocity command,false,1,138,690,2.794155206847948,0.24760905183999893,6.899999999999897,6.899999999999897,2.4464113435600447,0.1019820027727909,0.015352888741007195,0.028599698,true,true,true,true
769,holdout__holdout_08__dwa__tau_x_100,holdout,holdout_08,dwa,tau_x_100,f1c8fd861651f70500a8a3341a4fd79820a6f66c02609af9d8137fd2b70d947b,true,false,logical_timeout,duration,false,0,600,3000,4.797483142941365,0.17249995505462704,30.00000000000189,30.00000000000189,0.08024138001756845,0.5332969649864016,0.001641303188333335,0.004959401,true,true,true,true
770,discovery__discovery_08__dwa__tau_x_300,discovery,discovery_08,dwa,tau_x_300,f1c8fd861651f70500a8a3341a4fd79820a6f66c02609af9d8137fd2b70d947b,true,false,logical_timeout,duration,false,0,600,3000,4.7987983755832255,0.06059223231982813,30.00000000000189,30.00000000000189,0.08880162185125437,0.7333630164381261,0.001571388659999999,0.007174688,true,true,true,true
771,discovery__discovery_09__teb__delay_050,discovery,discovery_09,teb,delay_050,f1c8fd861651f70500a8a3341a4fd79820a6f66c02609af9d8137fd2b70d947b,true,true,external_tolerance,external_tolerance,false,0,259,1294,0.0797653984747734,0.05201080874623611,12.939999999999769,12.939999999999769,5.620266707732743,0.16724513162140203,0.009607867158301163,0.025793297,true,true,true,true
772,holdout__holdout_01__teb__tau_w_300,holdout,holdout_01,teb,tau_w_300,f1c8fd861651f70500a8a3341a4fd79820a6f66c02609af9d8137fd2b70d947b,true,true,external_tolerance,external_tolerance,false,0,379,1893,0.05524779591994061,0.09701989425538297,18.93000000000016,18.93000000000016,5.46330811712492,0.0656937896048471,0.010036048807387853,0.029261528,true,true,true,true
773,discovery__discovery_14__dwa__tau_w_300,discovery,discovery_14,dwa,tau_w_300,f1c8fd861651f70500a8a3341a4fd79820a6f66c02609af9d8137fd2b70d947b,true,false,logical_timeout,duration,false,0,600,3000,1.906261439739067,0.8395630629253819,30.00000000000189,30.00000000000189,3.6440782789480495,0.07727263921043377,0.003183187068333334,0.017732718,true,true,true,true
774,holdout__holdout_16__teb__delay_050,holdout,holdout_16,teb,delay_050,f1c8fd861651f70500a8a3341a4fd79820a6f66c02609af9d8137fd2b70d947b,true,true,external_tolerance,external_tolerance,false,0,237,1185,0.05347050589911738,0.09511039070535299,11.849999999999792,11.849999999999792,5.069133213246769,0.17824094540867774,0.009929804603375525,0.02778557,true,true,true,true
775,discovery__discovery_10__dwa__tau_x_300,discovery,discovery_10,dwa,tau_x_300,f1c8fd861651f70500a8a3341a4fd79820a6f66c02609af9d8137fd2b70d947b,true,false,logical_timeout,duration,false,0,600,3000,4.776020240300031,0.7610520952368384,30.00000000000189,30.00000000000189,0.49112915961980225,0.804564807753719,0.0020224573233333307,0.017651707,true,true,true,true
776,holdout__holdout_17__teb__tau_y_500,holdout,holdout_17,teb,tau_y_500,f1c8fd861651f70500a8a3341a4fd79820a6f66c02609af9d8137fd2b70d947b,true,false,plugin returned no valid velocity command,plugin returned no valid velocity command,false,1,89,445,3.3096131430491993,0.21076030457533532,4.4499999999999496,4.4499999999999496,1.5512538315539872,0.14974398555176033,0.017134787366666675,0.032412704,true,true,true,true
777,holdout__holdout_15__dwa__tau_w_100,holdout,holdout_15,dwa,tau_w_100,f1c8fd861651f70500a8a3341a4fd79820a6f66c02609af9d8137fd2b70d947b,true,false,logical_timeout,duration,false,0,600,3000,4.79937960160367,0.1284129193457563,30.00000000000189,30.00000000000189,0.10350131892526561,0.6985783503107775,0.001475495876666667,0.003862447,true,true,true,true
778,holdout__holdout_06__dwa__tau_y_500,holdout,holdout_06,dwa,tau_y_500,f1c8fd861651f70500a8a3341a4fd79820a6f66c02609af9d8137fd2b70d947b,true,false,logical_timeout,duration,false,0,600,3000,3.1529223589499025,0.5498683643061401,30.00000000000189,30.00000000000189,2.2430856568412842,0.31494328527479676,0.002610411183333335,0.017043609,true,true,true,true
779,holdout__holdout_01__dwa__tau_x_100,holdout,holdout_01,dwa,tau_x_100,f1c8fd861651f70500a8a3341a4fd79820a6f66c02609af9d8137fd2b70d947b,true,false,logical_timeout,duration,false,0,600,3000,4.797483142941365,0.17249995505462704,30.00000000000189,30.00000000000189,0.08024138001756845,0.5970311968398299,0.0015864560300000018,0.003907137,true,true,true,true
780,holdout__holdout_04__teb__delay_050,holdout,holdout_04,teb,delay_050,f1c8fd861651f70500a8a3341a4fd79820a6f66c02609af9d8137fd2b70d947b,true,true,external_tolerance,external_tolerance,false,0,303,1513,0.001122153918139633,0.0954215796376194,15.129999999999722,15.129999999999722,5.740529074234161,0.21231158688746876,0.011128873778877885,0.029926368,true,true,true,true
781,holdout__holdout_18__dwa__tau_x_300,holdout,holdout_18,dwa,tau_x_300,f1c8fd861651f70500a8a3341a4fd79820a6f66c02609af9d8137fd2b70d947b,true,false,logical_timeout,duration,false,0,600,3000,4.7987688891493585,0.06828936295412627,30.00000000000189,30.00000000000189,0.05226722964506285,0.4623629043812177,0.0015389720333333348,0.006875896,true,true,true,true
782,holdout__holdout_02__teb__delay_050,holdout,holdout_02,teb,delay_050,f1c8fd861651f70500a8a3341a4fd79820a6f66c02609af9d8137fd2b70d947b,true,true,external_tolerance,external_tolerance,false,0,274,1366,0.07713470405086796,0.0964343014009139,13.659999999999753,13.659999999999753,5.784804990100633,0.10757448647441098,0.011801791058394158,0.032724888,true,true,true,true
783,discovery__discovery_12__dwa__tau_x_300,discovery,discovery_12,dwa,tau_x_300,f1c8fd861651f70500a8a3341a4fd79820a6f66c02609af9d8137fd2b70d947b,true,false,logical_timeout,duration,false,0,600,3000,4.7987983755832255,0.06059223231982813,30.00000000000189,30.00000000000189,0.08880162185125437,0.7711618570354221,0.0014506562516666678,0.004378433,true,true,true,true
784,holdout__holdout_10__dwa__tau_y_500,holdout,holdout_10,dwa,tau_y_500,f1c8fd861651f70500a8a3341a4fd79820a6f66c02609af9d8137fd2b70d947b,true,false,logical_timeout,duration,false,0,600,3000,4.797485535329291,0.16342103560456253,30.00000000000189,30.00000000000189,0.14694983650681062,0.7792966697511763,0.0012279433000000005,0.005437385,true,true,true,true
785,holdout__holdout_09__dwa__tau_w_300,holdout,holdout_09,dwa,tau_w_300,f1c8fd861651f70500a8a3341a4fd79820a6f66c02609af9d8137fd2b70d947b,true,false,logical_timeout,duration,false,0,600,3000,3.9488747089592695,1.0701249630508014,30.00000000000189,30.00000000000189,1.3714114046224395,0.3602819767010461,0.00228639018,0.017258255,true,true,true,true
786,holdout__holdout_12__dwa__delay_100,holdout,holdout_12,dwa,delay_100,f1c8fd861651f70500a8a3341a4fd79820a6f66c02609af9d8137fd2b70d947b,true,false,logical_timeout,duration,false,0,600,3000,4.799886964378005,0.05644748660638437,30.00000000000189,30.00000000000189,0.10753009517542378,0.4674561242962847,0.001240107456666666,0.005327278,true,true,true,true
787,holdout__holdout_10__teb__tau_w_300,holdout,holdout_10,teb,tau_w_300,f1c8fd861651f70500a8a3341a4fd79820a6f66c02609af9d8137fd2b70d947b,true,true,external_tolerance,external_tolerance,false,0,330,1646,0.06380554843799939,0.09570467207262813,16.459999999999773,16.459999999999773,5.3842617732380855,0.1702759497954766,0.00931660736363637,0.041128846,true,true,true,true
788,holdout__holdout_16__teb__tau_x_100,holdout,holdout_16,teb,tau_x_100,f1c8fd861651f70500a8a3341a4fd79820a6f66c02609af9d8137fd2b70d947b,true,true,external_tolerance,external_tolerance,false,0,231,1155,0.0654098740417233,0.09877514251984582,11.549999999999798,11.549999999999798,5.013745497098687,0.18185312424083344,0.009879345558441562,0.029174357,true,true,true,true
789,discovery__discovery_10__teb__delay_050,discovery,discovery_10,teb,delay_050,f1c8fd861651f70500a8a3341a4fd79820a6f66c02609af9d8137fd2b70d947b,true,true,external_tolerance,external_tolerance,false,0,290,1450,0.0799994889474556,0.014120455052795359,14.499999999999735,14.499999999999735,6.074442957602305,0.08424507235036677,0.010099529475862068,0.030988375,true,true,true,true
790,discovery__discovery_12__dwa__tau_w_100,discovery,discovery_12,dwa,tau_w_100,f1c8fd861651f70500a8a3341a4fd79820a6f66c02609af9d8137fd2b70d947b,true,false,logical_timeout,duration,false,0,600,3000,4.79937960160367,0.1284129193457563,30.00000000000189,30.00000000000189,0.10350131892526561,0.7622509264652538,0.001206832703333334,0.00454297,true,true,true,true
791,discovery__discovery_17__dwa__delay_050,discovery,discovery_17,dwa,delay_050,f1c8fd861651f70500a8a3341a4fd79820a6f66c02609af9d8137fd2b70d947b,true,false,logical_timeout,duration,false,0,600,3000,4.800409713394666,0.05368432774527802,30.00000000000189,30.00000000000189,0.10330025774373841,1.4716828856569322,0.00150237697,0.004283966,true,true,true,true
792,holdout__holdout_13__dwa__tau_y_300,holdout,holdout_13,dwa,tau_y_300,f1c8fd861651f70500a8a3341a4fd79820a6f66c02609af9d8137fd2b70d947b,true,false,logical_timeout,duration,false,0,600,3000,2.3869694424718024,0.8638812399611208,30.00000000000189,30.00000000000189,3.1252242828748256,0.2868325261601462,0.003361892723333335,0.019702316,true,true,true,true
793,holdout__holdout_04__dwa__delay_100,holdout,holdout_04,dwa,delay_100,f1c8fd861651f70500a8a3341a4fd79820a6f66c02609af9d8137fd2b70d947b,true,false,logical_timeout,duration,false,0,600,3000,4.743023007822322,0.27848688383880865,30.00000000000189,30.00000000000189,0.16409217009744978,0.4635040066702266,0.001463274228333336,0.005728052,true,true,true,true
794,holdout__holdout_08__dwa__tau_w_300,holdout,holdout_08,dwa,tau_w_300,f1c8fd861651f70500a8a3341a4fd79820a6f66c02609af9d8137fd2b70d947b,true,false,logical_timeout,duration,false,0,600,3000,4.200933258337118,0.5510764992379192,30.00000000000189,30.00000000000189,1.3413151022786522,0.418370372341033,0.002378639763333334,0.017240285,true,true,true,true
795,holdout__holdout_18__dwa__delay_200,holdout,holdout_18,dwa,delay_200,f1c8fd861651f70500a8a3341a4fd79820a6f66c02609af9d8137fd2b70d947b,true,false,plugin returned no valid velocity command,plugin returned no valid velocity command,false,1,483,2415,2.1921615584543575,0.9483553214894738,24.150000000000976,24.150000000000976,2.763772884326514,0.1448377234284178,0.0029746959297520634,0.016552731,true,true,true,true
796,discovery__discovery_04__dwa__delay_100,discovery,discovery_04,dwa,delay_100,f1c8fd861651f70500a8a3341a4fd79820a6f66c02609af9d8137fd2b70d947b,true,false,plugin returned no valid velocity command,plugin returned no valid velocity command,false,1,360,1800,3.309637599724016,0.9146050542801247,18.000000000000014,18.000000000000014,1.7358267132380913,0.07604556274914506,0.0026216974847645437,0.00842162,true,true,true,true
797,discovery__discovery_13__teb__tau_w_300,discovery,discovery_13,teb,tau_w_300,f1c8fd861651f70500a8a3341a4fd79820a6f66c02609af9d8137fd2b70d947b,true,true,external_tolerance,external_tolerance,false,0,318,1587,0.03213601220866656,0.09778983958276388,15.869999999999706,15.869999999999706,5.488383010225294,0.167988182290905,0.010686403682389939,0.040628786,true,true,true,true
798,discovery__discovery_06__teb__tau_x_100,discovery,discovery_06,teb,tau_x_100,f1c8fd861651f70500a8a3341a4fd79820a6f66c02609af9d8137fd2b70d947b,true,true,external_tolerance,external_tolerance,false,0,315,1574,0.06625230724666542,0.09716589004643335,15.739999999999709,15.739999999999709,6.617656722081615,0.1810568444054003,0.013175874612698408,0.03387365,true,true,true,true
799,holdout__holdout_09__dwa__tau_x_100,holdout,holdout_09,dwa,tau_x_100,f1c8fd861651f70500a8a3341a4fd79820a6f66c02609af9d8137fd2b70d947b,true,false,logical_timeout,duration,false,0,600,3000,4.797483142941365,0.17249995505462704,30.00000000000189,30.00000000000189,0.08024138001756845,0.8035557500980427,0.0010763351933333336,0.003694578,true,true,true,true
800,holdout__holdout_10__teb__tau_w_100,holdout,holdout_10,teb,tau_w_100,f1c8fd861651f70500a8a3341a4fd79820a6f66c02609af9d8137fd2b70d947b,true,true,external_tolerance,external_tolerance,false,0,246,1227,0.06962420560065793,0.0993860716797108,12.269999999999783,12.269999999999783,5.302273267127873,0.1185163053906461,0.009132728776422768,0.02601209,true,true,true,true
801,holdout__holdout_12__dwa__delay_050,holdout,holdout_12,dwa,delay_050,f1c8fd861651f70500a8a3341a4fd79820a6f66c02609af9d8137fd2b70d947b,true,false,logical_timeout,duration,false,0,600,3000,4.800409713394666,0.05368432774527802,30.00000000000189,30.00000000000189,0.10330025774373841,0.4689803608113008,0.001302730628333334,0.004824573,true,true,true,true
802,holdout__holdout_06__teb__tau_y_500,holdout,holdout_06,teb,tau_y_500,f1c8fd861651f70500a8a3341a4fd79820a6f66c02609af9d8137fd2b70d947b,true,true,external_tolerance,external_tolerance,false,0,306,1529,0.06757328273020138,0.09584953674947631,15.289999999999718,15.289999999999718,5.883170427099915,0.1203246458749221,0.011641766035947718,0.034833399,true,true,true,true
803,holdout__holdout_17__dwa__tau_y_500,holdout,holdout_17,dwa,tau_y_500,f1c8fd861651f70500a8a3341a4fd79820a6f66c02609af9d8137fd2b70d947b,true,false,logical_timeout,duration,false,0,600,3000,4.797485535329291,0.16342103560456253,30.00000000000189,30.00000000000189,0.14694983650681062,0.36722946229776193,0.0013690910316666639,0.010727591,true,true,true,true
804,holdout__holdout_15__dwa__tau_y_500,holdout,holdout_15,dwa,tau_y_500,f1c8fd861651f70500a8a3341a4fd79820a6f66c02609af9d8137fd2b70d947b,true,false,logical_timeout,duration,false,0,600,3000,4.797485535329291,0.16342103560456253,30.00000000000189,30.00000000000189,0.14694983650681062,0.6991438732371059,0.0014269549166666662,0.010839555,true,true,true,true
805,holdout__holdout_15__dwa__delay_200,holdout,holdout_15,dwa,delay_200,f1c8fd861651f70500a8a3341a4fd79820a6f66c02609af9d8137fd2b70d947b,true,false,logical_timeout,duration,false,0,600,3000,4.798693959698342,0.10914475896004373,30.00000000000189,30.00000000000189,0.11073616392538553,0.7010096814387524,0.001349190571666668,0.005237069,true,true,true,true
806,holdout__holdout_14__dwa__delay_200,holdout,holdout_14,dwa,delay_200,f1c8fd861651f70500a8a3341a4fd79820a6f66c02609af9d8137fd2b70d947b,true,false,logical_timeout,duration,false,0,600,3000,4.798693959698342,0.10914475896004373,30.00000000000189,30.00000000000189,0.11073616392538553,0.6901857704011864,0.0013250020699999998,0.005063209,true,true,true,true
807,discovery__discovery_02__dwa__tau_y_150,discovery,discovery_02,dwa,tau_y_150,f1c8fd861651f70500a8a3341a4fd79820a6f66c02609af9d8137fd2b70d947b,true,false,logical_timeout,duration,false,0,600,3000,3.273844879241594,0.5715794767558812,30.00000000000189,30.00000000000189,2.190274031651163,0.39746396508645354,0.0024293581016666685,0.022424879,true,true,true,true
808,holdout__holdout_05__dwa__tau_x_100,holdout,holdout_05,dwa,tau_x_100,f1c8fd861651f70500a8a3341a4fd79820a6f66c02609af9d8137fd2b70d947b,true,false,logical_timeout,duration,false,0,600,3000,4.797483142941365,0.17249995505462704,30.00000000000189,30.00000000000189,0.08024138001756845,0.9210500412375878,0.0015883946866666675,0.004916405,true,true,true,true
809,discovery__discovery_12__teb__tau_x_300,discovery,discovery_12,teb,tau_x_300,f1c8fd861651f70500a8a3341a4fd79820a6f66c02609af9d8137fd2b70d947b,true,true,external_tolerance,external_tolerance,false,0,253,1265,0.04863448299125987,0.09675903743964888,12.649999999999775,12.649999999999775,5.149862271046583,0.17746019621441017,0.011880221565217397,0.030058228,true,true,true,true
810,holdout__holdout_12__dwa__tau_x_100,holdout,holdout_12,dwa,tau_x_100,f1c8fd861651f70500a8a3341a4fd79820a6f66c02609af9d8137fd2b70d947b,true,false,logical_timeout,duration,false,0,600,3000,4.797483142941365,0.17249995505462704,30.00000000000189,30.00000000000189,0.08024138001756845,0.4923156539887914,0.0013438921750000006,0.008355311,true,true,true,true
811,holdout__holdout_08__dwa__tau_x_300,holdout,holdout_08,dwa,tau_x_300,f1c8fd861651f70500a8a3341a4fd79820a6f66c02609af9d8137fd2b70d947b,true,false,logical_timeout,duration,false,0,600,3000,4.7987983755832255,0.06059223231982813,30.00000000000189,30.00000000000189,0.08880162185125437,0.524863016438126,0.0014852518700000001,0.008786119,true,true,true,true
812,discovery__discovery_01__teb__tau_w_300,discovery,discovery_01,teb,tau_w_300,f1c8fd861651f70500a8a3341a4fd79820a6f66c02609af9d8137fd2b70d947b,true,true,external_tolerance,external_tolerance,false,0,347,1734,0.017931636342681533,0.09394615152160612,17.33999999999991,17.33999999999991,5.453456069093275,0.09355333030725736,0.009058571083573485,0.028813312,true,true,true,true
813,discovery__discovery_03__dwa__tau_w_100,discovery,discovery_03,dwa,tau_w_100,f1c8fd861651f70500a8a3341a4fd79820a6f66c02609af9d8137fd2b70d947b,true,false,logical_timeout,duration,false,0,600,3000,4.79937960160367,0.1284129193457563,30.00000000000189,30.00000000000189,0.10350131892526561,0.5767083318281437,0.0011493800933333332,0.004363796,true,true,true,true
814,discovery__discovery_13__dwa__tau_w_300,discovery,discovery_13,dwa,tau_w_300,f1c8fd861651f70500a8a3341a4fd79820a6f66c02609af9d8137fd2b70d947b,true,false,logical_timeout,duration,false,0,600,3000,4.643570302373042,0.7850839165605785,30.00000000000189,30.00000000000189,0.7601580732579563,0.29561012603583825,0.0022378990299999997,0.009239906,true,true,true,true
815,holdout__holdout_03__teb__tau_x_100,holdout,holdout_03,teb,tau_x_100,f1c8fd861651f70500a8a3341a4fd79820a6f66c02609af9d8137fd2b70d947b,true,true,external_tolerance,external_tolerance,false,0,243,1214,0.04702065925811943,0.09824777910425608,12.139999999999786,12.139999999999786,5.374861913572116,0.13685069461036292,0.009806554226337458,0.026976848,true,true,true,true
816,discovery__discovery_19__dwa__tau_y_500,discovery,discovery_19,dwa,tau_y_500,f1c8fd861651f70500a8a3341a4fd79820a6f66c02609af9d8137fd2b70d947b,true,true,external_tolerance,external_tolerance,false,0,491,2454,0.06550853032409754,0.0991277877339302,24.540000000001037,24.540000000001037,6.983645801317894,0.09782677377661889,0.005484985853360491,0.02349846,true,true,true,true
817,holdout__holdout_11__dwa__tau_x_100,holdout,holdout_11,dwa,tau_x_100,f1c8fd861651f70500a8a3341a4fd79820a6f66c02609af9d8137fd2b70d947b,true,false,logical_timeout,duration,false,0,600,3000,4.751622632976504,0.051908026079318347,30.00000000000189,30.00000000000189,0.12779152653451933,0.5234999999999999,0.0011064266399999996,0.005294838,true,true,true,true
818,discovery__discovery_19__dwa__delay_200,discovery,discovery_19,dwa,delay_200,f1c8fd861651f70500a8a3341a4fd79820a6f66c02609af9d8137fd2b70d947b,true,false,plugin returned no valid velocity command,plugin returned no valid velocity command,false,1,179,895,3.2742953237597603,0.7065788181596458,8.949999999999854,8.949999999999854,3.1634613197014363,0.1874412128875996,0.006452128183333336,0.018491982,true,true,true,true
819,discovery__discovery_02__teb__tau_w_300,discovery,discovery_02,teb,tau_w_300,f1c8fd861651f70500a8a3341a4fd79820a6f66c02609af9d8137fd2b70d947b,true,true,external_tolerance,external_tolerance,false,0,261,1301,0.02586981860409351,0.09742788846081099,13.009999999999767,13.009999999999767,5.200684215638733,0.1594379984254109,0.009902493260536407,0.028052153,true,true,true,true
820,holdout__holdout_17__dwa__delay_050,holdout,holdout_17,dwa,delay_050,f1c8fd861651f70500a8a3341a4fd79820a6f66c02609af9d8137fd2b70d947b,true,false,logical_timeout,duration,false,0,600,3000,4.800409713394666,0.05368432774527802,30.00000000000189,30.00000000000189,0.10330025774373841,0.36593131153863556,0.001266528434999999,0.004846798,true,true,true,true
821,holdout__holdout_10__teb__tau_x_100,holdout,holdout_10,teb,tau_x_100,f1c8fd861651f70500a8a3341a4fd79820a6f66c02609af9d8137fd2b70d947b,true,true,external_tolerance,external_tolerance,false,0,235,1171,0.07869660937389175,0.059838150763630096,11.709999999999795,11.709999999999795,5.330089935351359,0.06704064853637932,0.00929211294893616,0.025731811,true,true,true,true
822,holdout__holdout_05__teb__tau_y_500,holdout,holdout_05,teb,tau_y_500,f1c8fd861651f70500a8a3341a4fd79820a6f66c02609af9d8137fd2b70d947b,true,true,external_tolerance,external_tolerance,false,0,416,2076,0.07824300604959834,0.02796232527132375,20.760000000000446,20.760000000000446,5.5016084549061715,0.12331348823083836,0.008358848745192306,0.030261656,true,true,true,true
823,discovery__discovery_20__dwa__tau_x_300,discovery,discovery_20,dwa,tau_x_300,f1c8fd861651f70500a8a3341a4fd79820a6f66c02609af9d8137fd2b70d947b,true,false,logical_timeout,duration,false,0,600,3000,4.7987688891493585,0.06828936295412627,30.00000000000189,30.00000000000189,0.05226722964506285,0.6283039297308733,0.001486241071666666,0.003761589,true,true,true,true
824,holdout__holdout_11__dwa__tau_w_100,holdout,holdout_11,dwa,tau_w_100,f1c8fd861651f70500a8a3341a4fd79820a6f66c02609af9d8137fd2b70d947b,true,false,logical_timeout,duration,false,0,600,3000,4.750198638426072,0.016104288848908594,30.00000000000189,30.00000000000189,0.37930497239196737,0.5234999999999999,0.0015919617066666655,0.005691492,true,true,true,true
825,discovery__discovery_09__dwa__tau_y_500,discovery,discovery_09,dwa,tau_y_500,f1c8fd861651f70500a8a3341a4fd79820a6f66c02609af9d8137fd2b70d947b,true,false,logical_timeout,duration,false,0,600,3000,4.797485535329291,0.16342103560456253,30.00000000000189,30.00000000000189,0.14694983650681062,0.45698896423413704,0.001307524038333334,0.016110432,true,true,true,true
826,holdout__holdout_05__dwa__delay_100,holdout,holdout_05,dwa,delay_100,f1c8fd861651f70500a8a3341a4fd79820a6f66c02609af9d8137fd2b70d947b,true,false,logical_timeout,duration,false,0,600,3000,4.799886964378005,0.05644748660638437,30.00000000000189,30.00000000000189,0.10753009517542378,0.9210500412375878,0.0016546448666666658,0.006012773,true,true,true,true
827,holdout__holdout_18__teb__tau_y_500,holdout,holdout_18,teb,tau_y_500,f1c8fd861651f70500a8a3341a4fd79820a6f66c02609af9d8137fd2b70d947b,true,true,external_tolerance,external_tolerance,false,0,333,1662,0.07944405554818833,0.042098658826100574,16.6199999999998,16.6199999999998,5.193754405716659,0.06369270457106607,0.010818782651651655,0.033432185,true,true,true,true
828,discovery__discovery_06__dwa__tau_w_100,discovery,discovery_06,dwa,tau_w_100,f1c8fd861651f70500a8a3341a4fd79820a6f66c02609af9d8137fd2b70d947b,true,false,logical_timeout,duration,false,0,600,3000,4.79937960160367,0.1284129193457563,30.00000000000189,30.00000000000189,0.10350131892526561,0.6685424134059849,0.0013107456966666674,0.008701391,true,true,true,true
829,holdout__holdout_06__teb__tau_w_300,holdout,holdout_06,teb,tau_w_300,f1c8fd861651f70500a8a3341a4fd79820a6f66c02609af9d8137fd2b70d947b,true,true,external_tolerance,external_tolerance,false,0,385,1921,0.042391641676541796,0.09834729244583407,19.210000000000203,19.210000000000203,5.795233632501637,0.05165729672429582,0.011247080857142874,0.034353372,true,true,true,true
830,discovery__discovery_15__dwa__delay_100,discovery,discovery_15,dwa,delay_100,f1c8fd861651f70500a8a3341a4fd79820a6f66c02609af9d8137fd2b70d947b,true,false,plugin returned no valid velocity command,plugin returned no valid velocity command,false,1,18,90,4.80218548367512,0.018355259625241184,0.9000000000000006,0.9000000000000006,0.10202583828040537,0.9402694701129707,0.004640727421052632,0.010919763,true,true,true,true
831,discovery__discovery_10__teb__tau_x_100,discovery,discovery_10,teb,tau_x_100,f1c8fd861651f70500a8a3341a4fd79820a6f66c02609af9d8137fd2b70d947b,true,true,external_tolerance,external_tolerance,false,0,280,1399,0.07837392478450139,0.020684806356520362,13.989999999999746,13.989999999999746,6.105759239363632,0.09754043315759728,0.010474438535714286,0.029566122,true,true,true,true
832,discovery__discovery_09__teb__tau_x_100,discovery,discovery_09,teb,tau_x_100,f1c8fd861651f70500a8a3341a4fd79820a6f66c02609af9d8137fd2b70d947b,true,true,external_tolerance,external_tolerance,false,0,254,1269,0.06637517493871334,0.09771395435821363,12.689999999999774,12.689999999999774,5.606456456871213,0.18291035258805452,0.009994985559055118,0.028962497,true,true,true,true
833,discovery__discovery_04__teb__tau_x_100,discovery,discovery_04,teb,tau_x_100,f1c8fd861651f70500a8a3341a4fd79820a6f66c02609af9d8137fd2b70d947b,true,true,external_tolerance,external_tolerance,false,0,280,1399,0.03622787493282213,0.09900228991564433,13.989999999999746,13.989999999999746,5.875287805994121,0.16297096297468322,0.01045531705357143,0.029256516,true,true,true,true
834,discovery__discovery_03__teb__tau_y_300,discovery,discovery_03,teb,tau_y_300,f1c8fd861651f70500a8a3341a4fd79820a6f66c02609af9d8137fd2b70d947b,true,true,external_tolerance,external_tolerance,false,0,328,1638,0.05866676999081967,0.0975875827617619,16.37999999999976,16.37999999999976,5.9856291083078235,0.09821107286694246,0.010584700685975607,0.029515824,true,true,true,true
835,holdout__holdout_10__teb__tau_x_300,holdout,holdout_10,teb,tau_x_300,f1c8fd861651f70500a8a3341a4fd79820a6f66c02609af9d8137fd2b70d947b,true,true,external_tolerance,external_tolerance,false,0,253,1264,0.07509552286528828,0.07528025363075172,12.639999999999775,12.639999999999775,5.34076180157872,0.1575874907877342,0.009880441932806322,0.027841703,true,true,true,true
836,discovery__discovery_16__dwa__delay_050,discovery,discovery_16,dwa,delay_050,f1c8fd861651f70500a8a3341a4fd79820a6f66c02609af9d8137fd2b70d947b,true,true,external_tolerance,external_tolerance,false,0,367,1834,0.07507363390849384,0.09927410930610789,18.340000000000067,18.340000000000067,6.027594410152955,0.1448093857359618,0.005299936989100821,0.018619874,true,true,true,true
837,discovery__discovery_02__dwa__tau_x_100,discovery,discovery_02,dwa,tau_x_100,f1c8fd861651f70500a8a3341a4fd79820a6f66c02609af9d8137fd2b70d947b,true,false,logical_timeout,duration,false,0,600,3000,4.751622632976504,0.051908026079318347,30.00000000000189,30.00000000000189,0.12779152653451933,0.47089248931156213,0.0013356115666666665,0.005179299,true,true,true,true
838,holdout__holdout_17__teb__tau_w_100,holdout,holdout_17,teb,tau_w_100,f1c8fd861651f70500a8a3341a4fd79820a6f66c02609af9d8137fd2b70d947b,true,false,plugin returned no valid velocity command,plugin returned no valid velocity command,false,1,71,355,3.3296751610461053,0.23187436727587737,3.5499999999999683,3.5499999999999683,1.5649523676654886,0.09103718804518261,0.017432736361111114,0.042042,true,true,true,true
839,discovery__discovery_13__dwa__tau_x_100,discovery,discovery_13,dwa,tau_x_100,f1c8fd861651f70500a8a3341a4fd79820a6f66c02609af9d8137fd2b70d947b,true,false,logical_timeout,duration,false,0,600,3000,4.83973905106104,0.7973685989377347,30.00000000000189,30.00000000000189,0.1542350907733699,0.47018748297299257,0.0017006043883333328,0.017215349,true,true,true,true
840,discovery__discovery_03__teb__delay_050,discovery,discovery_03,teb,delay_050,f1c8fd861651f70500a8a3341a4fd79820a6f66c02609af9d8137fd2b70d947b,true,true,external_tolerance,external_tolerance,false,0,293,1465,0.018160706982231573,0.09426693102619348,14.649999999999732,14.649999999999732,5.934668727709289,0.12389744565869465,0.009784215276450509,0.030412345,true,true,true,true
841,holdout__holdout_13__teb__tau_x_100,holdout,holdout_13,teb,tau_x_100,f1c8fd861651f70500a8a3341a4fd79820a6f66c02609af9d8137fd2b70d947b,true,true,external_tolerance,external_tolerance,false,0,230,1149,0.07679418920649957,0.09274188692767349,11.4899999999998,11.4899999999998,5.102163524881585,0.1868035752982844,0.011439666621739132,0.031135159,true,true,true,true
842,discovery__discovery_04__dwa__delay_200,discovery,discovery_04,dwa,delay_200,f1c8fd861651f70500a8a3341a4fd79820a6f66c02609af9d8137fd2b70d947b,true,false,plugin returned no valid velocity command,plugin returned no valid velocity command,false,1,468,2340,3.051721602803652,0.8445394763315035,23.40000000000086,23.40000000000086,2.212427330197968,0.13234758696490673,0.002787292234541579,0.016158644,true,true,true,true
843,holdout__holdout_13__dwa__tau_x_300,holdout,holdout_13,dwa,tau_x_300,f1c8fd861651f70500a8a3341a4fd79820a6f66c02609af9d8137fd2b70d947b,true,false,logical_timeout,duration,false,0,600,3000,4.7987688891493585,0.06828936295412627,30.00000000000189,30.00000000000189,0.05226722964506285,0.7235362866176539,0.0012087314299999994,0.003722466,true,true,true,true
844,holdout__holdout_13__teb__tau_y_150,holdout,holdout_13,teb,tau_y_150,f1c8fd861651f70500a8a3341a4fd79820a6f66c02609af9d8137fd2b70d947b,true,true,external_tolerance,external_tolerance,false,0,252,1260,0.07950628601585412,0.07168406223833647,12.599999999999776,12.599999999999776,5.216670472141348,0.09314155011540076,0.010264992638888887,0.027627791,true,true,true,true
845,discovery__discovery_05__teb__tau_x_300,discovery,discovery_05,teb,tau_x_300,f1c8fd861651f70500a8a3341a4fd79820a6f66c02609af9d8137fd2b70d947b,true,true,external_tolerance,external_tolerance,false,0,367,1832,0.0781693602631958,0.05722361341948719,18.320000000000064,18.320000000000064,6.743053025704989,0.1921031055621054,0.010234589302452312,0.029667441,true,true,true,true
846,discovery__discovery_18__teb__tau_w_300,discovery,discovery_18,teb,tau_w_300,f1c8fd861651f70500a8a3341a4fd79820a6f66c02609af9d8137fd2b70d947b,true,true,external_tolerance,external_tolerance,false,0,514,2570,0.06068013262455462,0.09956756535492359,25.700000000001218,25.700000000001218,5.915962817335463,0.1900260293705465,0.009820241702334644,0.029224111,true,true,true,true
847,holdout__holdout_19__teb__tau_x_300,holdout,holdout_19,teb,tau_x_300,f1c8fd861651f70500a8a3341a4fd79820a6f66c02609af9d8137fd2b70d947b,true,true,external_tolerance,external_tolerance,false,0,273,1361,0.050030211880336434,0.09958797717979348,13.609999999999754,13.609999999999754,5.8448331201365376,0.16975591719607952,0.01073952997802198,0.031224538,true,true,true,true
848,holdout__holdout_17__teb__delay_050,holdout,holdout_17,teb,delay_050,f1c8fd861651f70500a8a3341a4fd79820a6f66c02609af9d8137fd2b70d947b,true,false,plugin returned no valid velocity command,plugin returned no valid velocity command,false,1,69,345,3.458262483352853,0.13718833308031675,3.4499999999999704,3.4499999999999704,1.4075582114639356,0.24140756823383558,0.0159660097,0.031621283,true,true,true,true
849,holdout__holdout_19__dwa__tau_w_100,holdout,holdout_19,dwa,tau_w_100,f1c8fd861651f70500a8a3341a4fd79820a6f66c02609af9d8137fd2b70d947b,true,false,logical_timeout,duration,false,0,600,3000,4.846350580980265,0.6869759746551225,30.00000000000189,30.00000000000189,0.42427196801886025,0.3992462256555913,0.002141632523333334,0.009308777,true,true,true,true
850,holdout__holdout_10__dwa__e0,holdout,holdout_10,dwa,e0,f1c8fd861651f70500a8a3341a4fd79820a6f66c02609af9d8137fd2b70d947b,true,false,logical_timeout,duration,false,0,600,3000,4.800342967782957,0.05052643037205333,30.00000000000189,30.00000000000189,0.08043681154258775,0.7992442634154772,0.0011541892966666662,0.005424246,true,true,true,true
851,holdout__holdout_05__teb__tau_w_300,holdout,holdout_05,teb,tau_w_300,f1c8fd861651f70500a8a3341a4fd79820a6f66c02609af9d8137fd2b70d947b,true,true,external_tolerance,external_tolerance,false,0,323,1613,0.07952812407452109,0.01739778442713751,16.129999999999722,16.129999999999722,5.141170388835618,0.12130263561641397,0.010249223959752316,0.029344644,true,true,true,true
852,holdout__holdout_02__teb__e0,holdout,holdout_02,teb,e0,f1c8fd861651f70500a8a3341a4fd79820a6f66c02609af9d8137fd2b70d947b,true,true,external_tolerance,external_tolerance,false,0,249,1244,0.07780628937943918,0.09674354197274773,12.43999999999978,12.43999999999978,5.723008326245789,0.010554967022965281,0.010959098253012048,0.030851277,true,true,true,true
853,discovery__discovery_07__teb__tau_x_300,discovery,discovery_07,teb,tau_x_300,f1c8fd861651f70500a8a3341a4fd79820a6f66c02609af9d8137fd2b70d947b,true,true,external_tolerance,external_tolerance,false,0,335,1674,0.07886037608856658,0.05815069138442135,16.739999999999817,16.739999999999817,6.216654496892235,0.18344360331295206,0.009955427862686564,0.031613356,true,true,true,true
854,holdout__holdout_08__teb__e0,holdout,holdout_08,teb,e0,f1c8fd861651f70500a8a3341a4fd79820a6f66c02609af9d8137fd2b70d947b,true,true,external_tolerance,external_tolerance,false,0,264,1318,0.07879368888727493,0.09979073000007103,13.179999999999763,13.179999999999763,5.919643838891338,0.16096020222398044,0.01105377215909091,0.028888171,true,true,true,true
855,discovery__discovery_16__dwa__delay_200,discovery,discovery_16,dwa,delay_200,f1c8fd861651f70500a8a3341a4fd79820a6f66c02609af9d8137fd2b70d947b,true,false,plugin returned no valid velocity command,plugin returned no valid velocity command,false,1,174,870,2.780522666755246,0.9826972519672349,8.699999999999859,8.699999999999859,3.1026574039857033,0.20122592329736988,0.005857451011428572,0.016996769,true,true,true,true
856,holdout__holdout_16__teb__tau_y_500,holdout,holdout_16,teb,tau_y_500,f1c8fd861651f70500a8a3341a4fd79820a6f66c02609af9d8137fd2b70d947b,true,true,external_tolerance,external_tolerance,false,0,281,1405,0.060203450899007444,0.09818847787023083,14.049999999999745,14.049999999999745,5.128634007876725,0.1463511650979215,0.01052254644128114,0.041634016,true,true,true,true
857,holdout__holdout_19__teb__tau_y_500,holdout,holdout_19,teb,tau_y_500,f1c8fd861651f70500a8a3341a4fd79820a6f66c02609af9d8137fd2b70d947b,true,true,external_tolerance,external_tolerance,false,0,355,1774,0.06912264898301239,0.09567129747297042,17.739999999999974,17.739999999999974,5.967781021142185,0.04915834574179316,0.010800939825352117,0.031612189,true,true,true,true
858,holdout__holdout_09__dwa__tau_y_500,holdout,holdout_09,dwa,tau_y_500,f1c8fd861651f70500a8a3341a4fd79820a6f66c02609af9d8137fd2b70d947b,true,false,logical_timeout,duration,false,0,600,3000,4.797485535329291,0.16342103560456253,30.00000000000189,30.00000000000189,0.14694983650681062,0.8035557500980427,0.0015639327483333333,0.010687936,true,true,true,true
859,holdout__holdout_03__dwa__e0,holdout,holdout_03,dwa,e0,f1c8fd861651f70500a8a3341a4fd79820a6f66c02609af9d8137fd2b70d947b,true,false,logical_timeout,duration,false,0,600,3000,2.792945207502556,0.5336876257648813,30.00000000000189,30.00000000000189,2.7172098771740227,0.062095896127664515,0.003047986093333333,0.018589934,true,true,true,true
860,discovery__discovery_06__dwa__tau_y_150,discovery,discovery_06,dwa,tau_y_150,f1c8fd861651f70500a8a3341a4fd79820a6f66c02609af9d8137fd2b70d947b,true,true,external_tolerance,external_tolerance,false,0,389,1943,0.07418101876541468,0.09979906695713651,19.430000000000238,19.430000000000238,6.353165252852996,0.04311493311303847,0.005335788683804628,0.020180069,true,true,true,true
861,discovery__discovery_20__teb__tau_x_100,discovery,discovery_20,teb,tau_x_100,f1c8fd861651f70500a8a3341a4fd79820a6f66c02609af9d8137fd2b70d947b,true,false,plugin returned no valid velocity command,plugin returned no valid velocity command,false,1,108,540,3.072797785329325,0.16074404503230433,5.399999999999929,5.399999999999929,2.227612460487033,0.09390326731271426,0.013151151596330268,0.027712379,true,true,true,true
862,discovery__discovery_17__dwa__tau_y_300,discovery,discovery_17,dwa,tau_y_300,f1c8fd861651f70500a8a3341a4fd79820a6f66c02609af9d8137fd2b70d947b,true,false,logical_timeout,duration,false,0,600,3000,4.799915338987383,0.05526327701212631,30.00000000000189,30.00000000000189,0.1320295164372248,1.465431445143472,0.001130488193333333,0.003812535,true,true,true,true
863,holdout__holdout_03__teb__tau_x_300,holdout,holdout_03,teb,tau_x_300,f1c8fd861651f70500a8a3341a4fd79820a6f66c02609af9d8137fd2b70d947b,true,true,external_tolerance,external_tolerance,false,0,256,1277,0.06512556366623266,0.09524859533124197,12.769999999999772,12.769999999999772,5.367055947791304,0.16158594241942772,0.009992063980468738,0.027010242,true,true,true,true
864,holdout__holdout_16__teb__tau_y_150,holdout,holdout_16,teb,tau_y_150,f1c8fd861651f70500a8a3341a4fd79820a6f66c02609af9d8137fd2b70d947b,true,true,external_tolerance,external_tolerance,false,0,242,1208,0.06505180303288631,0.09881617562428155,12.079999999999787,12.079999999999787,5.102330747622794,0.1547629606104519,0.01015592904545455,0.029698815,true,true,true,true
865,discovery__discovery_05__teb__tau_w_100,discovery,discovery_05,teb,tau_w_100,f1c8fd861651f70500a8a3341a4fd79820a6f66c02609af9d8137fd2b70d947b,true,true,external_tolerance,external_tolerance,false,0,296,1477,0.02401894809095772,0.09928872505366627,14.76999999999973,14.76999999999973,6.252235493524812,0.1761586394173916,0.010658968452702705,0.029544429,true,true,true,true
866,discovery__discovery_09__dwa__tau_x_300,discovery,discovery_09,dwa,tau_x_300,f1c8fd861651f70500a8a3341a4fd79820a6f66c02609af9d8137fd2b70d947b,true,false,logical_timeout,duration,false,0,600,3000,4.7987983755832255,0.06059223231982813,30.00000000000189,30.00000000000189,0.08880162185125437,0.47241698241573593,0.0013656542383333329,0.004511449,true,true,true,true
867,discovery__discovery_16__dwa__tau_y_500,discovery,discovery_16,dwa,tau_y_500,f1c8fd861651f70500a8a3341a4fd79820a6f66c02609af9d8137fd2b70d947b,true,true,external_tolerance,external_tolerance,false,0,504,2517,0.0769845007294873,0.09978020673664706,25.170000000001135,25.170000000001135,6.428741942214964,0.1567453675673496,0.004994606029761908,0.021388974,true,true,true,true
868,holdout__holdout_14__teb__delay_200,holdout,holdout_14,teb,delay_200,f1c8fd861651f70500a8a3341a4fd79820a6f66c02609af9d8137fd2b70d947b,true,true,external_tolerance,external_tolerance,false,0,446,2230,0.03312457174521806,0.0951415760035707,22.300000000000686,22.300000000000686,6.747109752649698,0.08957934867396333,0.011993080596412551,0.032637034,true,true,true,true
869,discovery__discovery_20__dwa__tau_y_500,discovery,discovery_20,dwa,tau_y_500,f1c8fd861651f70500a8a3341a4fd79820a6f66c02609af9d8137fd2b70d947b,true,false,logical_timeout,duration,false,0,600,3000,3.8970340910218666,0.8829841374070604,30.00000000000189,30.00000000000189,1.4267751775119772,0.5602728190563376,0.0022987033499999995,0.017849283,true,true,true,true
870,discovery__discovery_13__teb__delay_100,discovery,discovery_13,teb,delay_100,f1c8fd861651f70500a8a3341a4fd79820a6f66c02609af9d8137fd2b70d947b,true,true,external_tolerance,external_tolerance,false,0,304,1517,0.07504545932819726,0.09888497232456026,15.169999999999721,15.169999999999721,5.643154702584373,0.20330841368808703,0.010853244588815798,0.034848511,true,true,true,true
871,holdout__holdout_14__dwa__tau_w_100,holdout,holdout_14,dwa,tau_w_100,f1c8fd861651f70500a8a3341a4fd79820a6f66c02609af9d8137fd2b70d947b,true,false,logical_timeout,duration,false,0,600,3000,4.79937960160367,0.1284129193457563,30.00000000000189,30.00000000000189,0.10350131892526561,0.6909602424302571,0.00115432963,0.004120888,true,true,true,true
872,discovery__discovery_09__teb__delay_100,discovery,discovery_09,teb,delay_100,f1c8fd861651f70500a8a3341a4fd79820a6f66c02609af9d8137fd2b70d947b,true,true,external_tolerance,external_tolerance,false,0,295,1473,0.07829346129276246,0.0772463864666949,14.72999999999973,14.72999999999973,5.683490180645769,0.15231208862325032,0.009632810518644064,0.027232694,true,true,true,true
873,holdout__holdout_11__teb__tau_y_300,holdout,holdout_11,teb,tau_y_300,f1c8fd861651f70500a8a3341a4fd79820a6f66c02609af9d8137fd2b70d947b,true,true,external_tolerance,external_tolerance,false,0,296,1480,0.06773921011421272,0.09984088828526214,14.799999999999729,14.799999999999729,5.387566880392722,0.08693456844347798,0.010268409922297298,0.0293001,true,true,true,true
874,discovery__discovery_13__dwa__tau_y_150,discovery,discovery_13,dwa,tau_y_150,f1c8fd861651f70500a8a3341a4fd79820a6f66c02609af9d8137fd2b70d947b,true,false,logical_timeout,duration,false,0,600,3000,4.584272332472624,0.8512499660746139,30.00000000000189,30.00000000000189,0.8083252648917617,0.3157125702862655,0.00235994754,0.017284164,true,true,true,true
875,discovery__discovery_14__teb__tau_y_300,discovery,discovery_14,teb,tau_y_300,f1c8fd861651f70500a8a3341a4fd79820a6f66c02609af9d8137fd2b70d947b,true,true,external_tolerance,external_tolerance,false,0,299,1491,0.07938736540676031,0.04714770896699634,14.909999999999727,14.909999999999727,5.292599302049975,0.04840358266586456,0.008923368237458196,0.036040978,true,true,true,true
876,holdout__holdout_07__dwa__delay_200,holdout,holdout_07,dwa,delay_200,f1c8fd861651f70500a8a3341a4fd79820a6f66c02609af9d8137fd2b70d947b,true,false,plugin returned no valid velocity command,plugin returned no valid velocity command,false,1,431,2155,3.685575245335245,0.6384868535373474,21.55000000000057,21.55000000000057,1.27080004898861,0.2438195133505753,0.0022388315949074078,0.016649988,true,true,true,true
877,holdout__holdout_01__teb__tau_w_100,holdout,holdout_01,teb,tau_w_100,f1c8fd861651f70500a8a3341a4fd79820a6f66c02609af9d8137fd2b70d947b,true,true,external_tolerance,external_tolerance,false,0,261,1303,0.07612506477043644,0.04134006771405097,13.029999999999767,13.029999999999767,5.429732371704253,0.053347350183409165,0.01144808904980844,0.030484904,true,true,true,true
878,discovery__discovery_13__teb__tau_w_100,discovery,discovery_13,teb,tau_w_100,f1c8fd861651f70500a8a3341a4fd79820a6f66c02609af9d8137fd2b70d947b,true,true,external_tolerance,external_tolerance,false,0,276,1377,0.056570869360227,0.09948602446868977,13.76999999999975,13.76999999999975,5.5109255562523,0.2431185379329696,0.0109084013442029,0.028007467,true,true,true,true
879,holdout__holdout_02__dwa__delay_050,holdout,holdout_02,dwa,delay_050,f1c8fd861651f70500a8a3341a4fd79820a6f66c02609af9d8137fd2b70d947b,true,false,logical_timeout,duration,false,0,600,3000,4.800409713394666,0.05368432774527802,30.00000000000189,30.00000000000189,0.10330025774373841,1.3976242240143597,0.0014808834566666662,0.004171875,true,true,true,true
880,discovery__discovery_04__teb__delay_100,discovery,discovery_04,teb,delay_100,f1c8fd861651f70500a8a3341a4fd79820a6f66c02609af9d8137fd2b70d947b,true,true,external_tolerance,external_tolerance,false,0,356,1780,0.0011319618201111156,0.09999202178565705,17.799999999999983,17.799999999999983,5.928537374548035,0.045993470081734884,0.009979086581460671,0.030166514,true,true,true,true
