schedule_index,episode_id,partition,layout_id,planner,profile_id,lock_hash,valid,success,reason,raw_reason,collision,planner_failures,planner_calls,execution_steps,final_xy_error,final_yaw_error,final_time,capped_time_to_termination,path_length,min_clearance,compute_mean,compute_max,time_contract,feedback_contract,command_hold_contract,collision_truth_contract,normalized_path_progress
8,holdout__holdout_05__tr__tau_w_100,holdout,holdout_05,tr,tau_w_100,355a6b600b50409b680ffb0e06ee53d75e1a915fb3142bddfb3a3a3180f9c8d5,true,true,external_tolerance,external_tolerance,false,0,291,1455,0.07580806700383873,0.09974057266859118,14.549999999999734,14.549999999999734,5.095159815819755,0.03845528177185153,0.00777488473883162,0.012318884,true,true,true,true,0.9868696990129595
3,discovery__discovery_09__tr__tau_y_150,discovery,discovery_09,tr,tau_y_150,355a6b600b50409b680ffb0e06ee53d75e1a915fb3142bddfb3a3a3180f9c8d5,true,true,external_tolerance,external_tolerance,false,0,252,1260,0.0767559207222734,0.09932187423968726,12.599999999999776,12.599999999999776,4.9422571855399395,0.03908521745472615,0.008938045365079363,0.015523003,true,true,true,true,0.9860244773787183
1,holdout__holdout_20__tr__tau_w_300,holdout,holdout_20,tr,tau_w_300,355a6b600b50409b680ffb0e06ee53d75e1a915fb3142bddfb3a3a3180f9c8d5,true,true,external_tolerance,external_tolerance,false,0,239,1194,0.0797395213056539,0.09558540785962936,11.93999999999979,11.93999999999979,4.890109156912861,0.07891289560606538,0.009670787343096237,0.020430878,true,true,true,true,0.9850279187028389
11,holdout__holdout_02__tr__delay_100,holdout,holdout_02,tr,delay_100,355a6b600b50409b680ffb0e06ee53d75e1a915fb3142bddfb3a3a3180f9c8d5,true,true,external_tolerance,external_tolerance,false,0,290,1446,0.0693106881147842,0.09902733148415799,14.459999999999736,14.459999999999736,4.998582363608128,0.16855587752612333,0.00817067241379311,0.015096096,true,true,true,true,0.9868124028341021
7,discovery__discovery_02__teb__tau_x_300,discovery,discovery_02,teb,tau_x_300,355a6b600b50409b680ffb0e06ee53d75e1a915fb3142bddfb3a3a3180f9c8d5,true,true,external_tolerance,external_tolerance,false,0,264,1316,0.07738475416632394,0.0237195016025615,13.159999999999764,13.159999999999764,5.493212460595817,0.10562051827548659,0.012477882465909099,0.037651316,true,true,true,true,0.9878401611283598
4,holdout__holdout_07__teb__delay_050,holdout,holdout_07,teb,delay_050,355a6b600b50409b680ffb0e06ee53d75e1a915fb3142bddfb3a3a3180f9c8d5,true,true,external_tolerance,external_tolerance,false,0,289,1442,0.07777975398758225,0.07056366036311183,14.419999999999737,14.419999999999737,5.827233253591328,0.16785394404824372,0.011785831712802765,0.027414378,true,true,true,true,0.9892272450018069
10,discovery__discovery_20__tr__tau_x_300,discovery,discovery_20,tr,tau_x_300,355a6b600b50409b680ffb0e06ee53d75e1a915fb3142bddfb3a3a3180f9c8d5,true,false,logical_timeout,duration,false,0,600,3000,4.484652055628319,0.6502963642245395,30.00000000000189,30.00000000000189,0.6384191507307437,0.47276009246140455,0.00572884929833334,0.019288557,true,true,true,true,0.07027530301454052
5,holdout__holdout_15__tr__tau_w_100,holdout,holdout_15,tr,tau_w_100,355a6b600b50409b680ffb0e06ee53d75e1a915fb3142bddfb3a3a3180f9c8d5,true,false,logical_timeout,duration,false,0,600,3000,4.356742295589624,0.10802267304343029,30.00000000000189,30.00000000000189,0.9111393587828284,0.24894238144781689,0.007287866423333332,0.021657824,true,true,true,true,0.1562619794122766
6,discovery__discovery_17__tr__tau_y_150,discovery,discovery_17,tr,tau_y_150,355a6b600b50409b680ffb0e06ee53d75e1a915fb3142bddfb3a3a3180f9c8d5,true,false,logical_timeout,duration,false,0,600,3000,4.249993746798007,0.7634675482288347,30.00000000000189,30.00000000000189,0.7971630635444352,0.5291693214085571,0.006687672128333328,0.034557485,true,true,true,true,0.13148128028502445
2,discovery__discovery_01__tr__tau_x_300,discovery,discovery_01,tr,tau_x_300,355a6b600b50409b680ffb0e06ee53d75e1a915fb3142bddfb3a3a3180f9c8d5,true,false,logical_timeout,duration,false,0,600,3000,4.59586065325362,0.1285693959100288,30.00000000000189,30.00000000000189,0.5608759210253356,0.2342180394021114,0.007078178571666669,0.032641515,true,true,true,true,0.08396941457226752
9,holdout__holdout_19__tr__delay_200,holdout,holdout_19,tr,delay_200,355a6b600b50409b680ffb0e06ee53d75e1a915fb3142bddfb3a3a3180f9c8d5,true,false,logical_timeout,duration,false,0,600,3000,4.37076790896614,0.7379967911168831,30.00000000000189,30.00000000000189,0.7974315035033063,0.8082591255005447,0.00683243327833333,0.039668002,true,true,true,true,0.12284235970206456
12,holdout__holdout_08__teb__tau_w_300,holdout,holdout_08,teb,tau_w_300,355a6b600b50409b680ffb0e06ee53d75e1a915fb3142bddfb3a3a3180f9c8d5,true,true,external_tolerance,external_tolerance,false,0,481,2402,0.023959074689575297,0.09479684881407738,24.020000000000955,24.020000000000955,6.2316230831941395,0.14997348619895698,0.01338141496465697,0.028062176,true,true,true,true,0.9963382803128059
14,discovery__discovery_19__tr__tau_y_500,discovery,discovery_19,tr,tau_y_500,355a6b600b50409b680ffb0e06ee53d75e1a915fb3142bddfb3a3a3180f9c8d5,true,true,external_tolerance,external_tolerance,false,0,257,1283,0.0782233865267381,0.09927484730438621,12.829999999999771,12.829999999999771,4.843406753166732,0.0414707943198158,0.009031295252918296,0.026499831,true,true,true,true,0.9851838474802648
15,discovery__discovery_19__tr__tau_w_300,discovery,discovery_19,tr,tau_w_300,355a6b600b50409b680ffb0e06ee53d75e1a915fb3142bddfb3a3a3180f9c8d5,true,true,external_tolerance,external_tolerance,false,0,244,1220,0.07942951365549826,0.006176113410513577,12.199999999999784,12.199999999999784,4.903577076255176,0.05950729063577497,0.009550097565573774,0.014657271,true,true,true,true,0.9848524618351967
17,discovery__discovery_11__tr__e0,discovery,discovery_11,tr,e0,355a6b600b50409b680ffb0e06ee53d75e1a915fb3142bddfb3a3a3180f9c8d5,true,true,external_tolerance,external_tolerance,false,0,253,1265,0.07934648668880287,0.09977321845520577,12.649999999999775,12.649999999999775,5.018984466211434,0.07629744851464373,0.009292024636363642,0.015986092,true,true,true,true,0.9856020682701144
18,holdout__holdout_17__teb__delay_200,holdout,holdout_17,teb,delay_200,355a6b600b50409b680ffb0e06ee53d75e1a915fb3142bddfb3a3a3180f9c8d5,true,false,plugin returned no valid velocity command,plugin returned no valid velocity command,false,1,184,920,2.013764992355564,0.2031879586710326,9.199999999999848,9.199999999999848,3.5318201841058205,0.007606504228799358,0.019241377756756765,0.05459386,true,true,true,true,0.6088302976218896
13,discovery__discovery_07__teb__tau_y_300,discovery,discovery_07,teb,tau_y_300,355a6b600b50409b680ffb0e06ee53d75e1a915fb3142bddfb3a3a3180f9c8d5,true,true,external_tolerance,external_tolerance,false,0,395,1972,0.07885203842608732,0.04109194453545576,19.720000000000283,19.720000000000283,6.744634844170139,0.09555830171923717,0.01290597034177216,0.041488132,true,true,true,true,0.9963711862643434
21,discovery__discovery_11__tr__delay_050,discovery,discovery_11,tr,delay_050,355a6b600b50409b680ffb0e06ee53d75e1a915fb3142bddfb3a3a3180f9c8d5,true,true,external_tolerance,external_tolerance,false,0,251,1254,0.07744466414705885,0.09921493256418079,12.539999999999777,12.539999999999777,5.008024808822819,0.07363373110277541,0.009619862243027893,0.019212894,true,true,true,true,0.98688637841429
20,discovery__discovery_08__tr__delay_100,discovery,discovery_08,tr,delay_100,355a6b600b50409b680ffb0e06ee53d75e1a915fb3142bddfb3a3a3180f9c8d5,true,true,external_tolerance,external_tolerance,false,0,355,1772,0.07013249795915805,0.0993351098069637,17.71999999999997,17.71999999999997,5.887759835092443,0.06102608153820752,0.007989875532394372,0.038524677,true,true,true,true,0.9888612097315477
16,holdout__holdout_01__tr__delay_050,holdout,holdout_01,tr,delay_050,355a6b600b50409b680ffb0e06ee53d75e1a915fb3142bddfb3a3a3180f9c8d5,true,false,logical_timeout,duration,false,0,600,3000,2.821442272747975,0.6726722585153657,30.00000000000189,30.00000000000189,2.0025805045423106,0.22327897595060925,0.00753750124833333,0.020184808,true,true,true,true,0.3397378298657993
22,discovery__discovery_16__teb__tau_y_300,discovery,discovery_16,teb,tau_y_300,355a6b600b50409b680ffb0e06ee53d75e1a915fb3142bddfb3a3a3180f9c8d5,true,true,external_tolerance,external_tolerance,false,0,317,1583,0.03940484759322836,0.09809292014955795,15.829999999999707,15.829999999999707,6.095409574162936,0.15369869672331538,0.011414390488959,0.021903334,true,true,true,true,0.9950213179427744
23,discovery__discovery_20__tr__tau_x_100,discovery,discovery_20,tr,tau_x_100,355a6b600b50409b680ffb0e06ee53d75e1a915fb3142bddfb3a3a3180f9c8d5,true,false,logical_timeout,duration,false,0,600,3000,4.482688510538497,0.6693263238295857,30.00000000000189,30.00000000000189,0.5765561387885757,0.4847819984634141,0.006345709113333333,0.016725211,true,true,true,true,0.07042968636173108
19,discovery__discovery_14__teb__tau_y_300,discovery,discovery_14,teb,tau_y_300,355a6b600b50409b680ffb0e06ee53d75e1a915fb3142bddfb3a3a3180f9c8d5,true,true,external_tolerance,external_tolerance,false,0,419,2092,0.07108865469566523,0.09831379889065907,20.92000000000047,20.92000000000047,6.933033473189576,0.06758504404321553,0.013430720050119334,0.045890438,true,true,true,true,0.9964643786008294
24,holdout__holdout_12__teb__tau_w_300,holdout,holdout_12,teb,tau_w_300,355a6b600b50409b680ffb0e06ee53d75e1a915fb3142bddfb3a3a3180f9c8d5,true,true,external_tolerance,external_tolerance,false,0,307,1531,0.04189487901665197,0.09753448814925589,15.309999999999718,15.309999999999718,5.039186979257182,0.08500786575970598,0.010616139579804562,0.023090716,true,true,true,true,0.995105043201145
25,discovery__discovery_06__teb__tau_x_300,discovery,discovery_06,teb,tau_x_300,355a6b600b50409b680ffb0e06ee53d75e1a915fb3142bddfb3a3a3180f9c8d5,true,true,external_tolerance,external_tolerance,false,0,243,1211,0.06289441500163158,0.09882324275858749,12.109999999999786,12.109999999999786,4.9649985984094185,0.16922515417681264,0.010680483139917705,0.020602548,true,true,true,true,0.9972642339900847
29,holdout__holdout_03__teb__e0,holdout,holdout_03,teb,e0,355a6b600b50409b680ffb0e06ee53d75e1a915fb3142bddfb3a3a3180f9c8d5,true,false,plugin returned no valid velocity command,plugin returned no valid velocity command,false,1,71,355,3.5197415009883577,0.30513244543672124,3.5499999999999683,3.5499999999999683,1.7613881477454083,0.043300293725749506,0.01754744444444445,0.026576714,true,true,true,true,0.3106454741139901
27,holdout__holdout_13__teb__e0,holdout,holdout_13,teb,e0,355a6b600b50409b680ffb0e06ee53d75e1a915fb3142bddfb3a3a3180f9c8d5,true,true,external_tolerance,external_tolerance,false,0,272,1357,0.054502039709198036,0.09851283709297357,13.569999999999755,13.569999999999755,5.928759493946212,0.1204828092450515,0.014496912419117644,0.034557837,true,true,true,true,0.991155466378184
26,discovery__discovery_12__tr__delay_100,discovery,discovery_12,tr,delay_100,355a6b600b50409b680ffb0e06ee53d75e1a915fb3142bddfb3a3a3180f9c8d5,true,false,logical_timeout,duration,false,0,600,3000,4.328042304723164,0.7973318258300376,30.00000000000189,30.00000000000189,0.8953401592960408,0.6196023160975785,0.007418607674999995,0.019649267,true,true,true,true,0.11378254543329964
28,holdout__holdout_12__teb__tau_y_500,holdout,holdout_12,teb,tau_y_500,355a6b600b50409b680ffb0e06ee53d75e1a915fb3142bddfb3a3a3180f9c8d5,true,true,external_tolerance,external_tolerance,false,0,300,1497,0.07939448967851465,0.0832962648463336,14.969999999999725,14.969999999999725,5.030501725580184,0.08864690034710038,0.011782903393333329,0.024808061,true,true,true,true,0.9959123689563083
32,discovery__discovery_05__teb__tau_x_300,discovery,discovery_05,teb,tau_x_300,355a6b600b50409b680ffb0e06ee53d75e1a915fb3142bddfb3a3a3180f9c8d5,true,true,external_tolerance,external_tolerance,false,0,269,1345,0.07649258428866204,0.009082624969643013,13.449999999999758,13.449999999999758,5.499203724747665,0.13725267906625005,0.01226595695539034,0.023512487,true,true,true,true,0.9871782764751669
35,holdout__holdout_14__tr__tau_y_500,holdout,holdout_14,tr,tau_y_500,355a6b600b50409b680ffb0e06ee53d75e1a915fb3142bddfb3a3a3180f9c8d5,true,false,plugin returned no valid velocity command,plugin returned no valid velocity command,false,1,171,855,2.100185423719127,0.04734876267613485,8.549999999999862,8.549999999999862,3.4918353602629053,0.030779091300062667,0.009159056424418605,0.013563556,true,true,true,true,0.6051438619003073
33,holdout__holdout_06__tr__delay_100,holdout,holdout_06,tr,delay_100,355a6b600b50409b680ffb0e06ee53d75e1a915fb3142bddfb3a3a3180f9c8d5,true,true,external_tolerance,external_tolerance,false,0,275,1374,0.07262116934020102,0.0992907267835066,13.739999999999752,13.739999999999752,4.994648440910482,0.17834448765582941,0.009168874087272728,0.021077444,true,true,true,true,0.9864627115595086
31,discovery__discovery_02__teb__delay_100,discovery,discovery_02,teb,delay_100,355a6b600b50409b680ffb0e06ee53d75e1a915fb3142bddfb3a3a3180f9c8d5,true,true,external_tolerance,external_tolerance,false,0,282,1407,0.03266844769118512,0.09781333083639217,14.069999999999744,14.069999999999744,5.661771876783678,0.06481058056097244,0.012696327815602844,0.093665222,true,true,true,true,1.0
36,holdout__holdout_20__tr__tau_x_300,holdout,holdout_20,tr,tau_x_300,355a6b600b50409b680ffb0e06ee53d75e1a915fb3142bddfb3a3a3180f9c8d5,true,true,external_tolerance,external_tolerance,false,0,257,1284,0.07859144111738801,0.01959261075742222,12.83999999999977,12.83999999999977,5.0019901538203,0.06081776528799602,0.00965480378988327,0.013416824,true,true,true,true,0.9855299871377635
37,holdout__holdout_04__tr__delay_100,holdout,holdout_04,tr,delay_100,355a6b600b50409b680ffb0e06ee53d75e1a915fb3142bddfb3a3a3180f9c8d5,true,true,external_tolerance,external_tolerance,false,0,288,1436,0.07193999395511971,0.09919205288542315,14.359999999999738,14.359999999999738,5.027430536482795,0.1469192942237099,0.008866845725694452,0.016528763,true,true,true,true,0.9865060941087761
34,discovery__discovery_14__teb__e0,discovery,discovery_14,teb,e0,355a6b600b50409b680ffb0e06ee53d75e1a915fb3142bddfb3a3a3180f9c8d5,true,true,external_tolerance,external_tolerance,false,0,284,1420,0.009153021000366541,0.09559556601662059,14.199999999999742,14.199999999999742,6.55947344327573,0.08661418272757501,0.013072426017605634,0.027123577,true,true,true,true,0.9988762905533715
30,holdout__holdout_08__teb__delay_200,holdout,holdout_08,teb,delay_200,355a6b600b50409b680ffb0e06ee53d75e1a915fb3142bddfb3a3a3180f9c8d5,true,true,external_tolerance,external_tolerance,false,0,470,2349,0.05601607261592947,0.09512747931068354,23.490000000000872,23.490000000000872,6.505185924449224,0.11322101583265297,0.013970238465957447,0.032253275,true,true,true,true,1.0
38,discovery__discovery_12__tr__tau_y_300,discovery,discovery_12,tr,tau_y_300,355a6b600b50409b680ffb0e06ee53d75e1a915fb3142bddfb3a3a3180f9c8d5,true,false,logical_timeout,duration,false,0,600,3000,4.365526661754369,0.6960962175542177,30.00000000000189,30.00000000000189,1.2604541519403056,0.6723197915626763,0.004426861873333332,0.01664236,true,true,true,true,0.10244573985062562
41,discovery__discovery_12__tr__tau_w_100,discovery,discovery_12,tr,tau_w_100,355a6b600b50409b680ffb0e06ee53d75e1a915fb3142bddfb3a3a3180f9c8d5,true,false,logical_timeout,duration,false,0,600,3000,4.35951355391164,0.7201031455237216,30.00000000000189,30.00000000000189,0.9493555077356094,0.6621344271802042,0.004172427376666667,0.019285127,true,true,true,true,0.1027741241534741
43,discovery__discovery_19__teb__tau_y_300,discovery,discovery_19,teb,tau_y_300,355a6b600b50409b680ffb0e06ee53d75e1a915fb3142bddfb3a3a3180f9c8d5,true,true,external_tolerance,external_tolerance,false,0,255,1272,0.07954693898574615,0.05248745587515899,12.719999999999773,12.719999999999773,4.968592925810255,0.1102422740535544,0.00931878707058823,0.028594584,true,true,true,true,1.0
47,holdout__holdout_03__teb__tau_y_150,holdout,holdout_03,teb,tau_y_150,355a6b600b50409b680ffb0e06ee53d75e1a915fb3142bddfb3a3a3180f9c8d5,true,false,plugin returned no valid velocity command,plugin returned no valid velocity command,false,1,82,410,3.4187825056161296,0.3014071176392326,4.099999999999957,4.099999999999957,1.9060728899954007,0.03223333102296403,0.019223802626506022,0.061423699,true,true,true,true,0.329098645518059
44,discovery__discovery_07__tr__tau_y_150,discovery,discovery_07,tr,tau_y_150,355a6b600b50409b680ffb0e06ee53d75e1a915fb3142bddfb3a3a3180f9c8d5,true,true,external_tolerance,external_tolerance,false,0,303,1512,0.07995687206518035,0.023970623087895854,15.119999999999722,15.119999999999722,6.161029072412293,0.059303422099450935,0.009755951683168307,0.037828522,true,true,true,true,0.9891036855699632
39,discovery__discovery_02__tr__delay_050,discovery,discovery_02,tr,delay_050,355a6b600b50409b680ffb0e06ee53d75e1a915fb3142bddfb3a3a3180f9c8d5,true,false,logical_timeout,duration,false,0,600,3000,4.376487467897679,0.7588124167174545,30.00000000000189,30.00000000000189,0.5189024156843896,0.7862998101304981,0.007024541943333335,0.040120939,true,true,true,true,0.09326740509075974
42,discovery__discovery_20__tr__tau_y_500,discovery,discovery_20,tr,tau_y_500,355a6b600b50409b680ffb0e06ee53d75e1a915fb3142bddfb3a3a3180f9c8d5,true,false,logical_timeout,duration,false,0,600,3000,4.477337560132734,0.5045916808375882,30.00000000000189,30.00000000000189,0.8241917938334722,0.40950366496548307,0.006061265089999997,0.036520583,true,true,true,true,0.07227199401326247
46,holdout__holdout_02__teb__tau_w_300,holdout,holdout_02,teb,tau_w_300,355a6b600b50409b680ffb0e06ee53d75e1a915fb3142bddfb3a3a3180f9c8d5,true,true,external_tolerance,external_tolerance,false,0,269,1342,0.05162955147002571,0.09662723156293836,13.419999999999758,13.419999999999758,5.0501994364304625,0.19884162605239458,0.012193265769516745,0.030887839,true,true,true,true,0.9901765365792651
40,discovery__discovery_10__teb__tau_w_300,discovery,discovery_10,teb,tau_w_300,355a6b600b50409b680ffb0e06ee53d75e1a915fb3142bddfb3a3a3180f9c8d5,true,true,external_tolerance,external_tolerance,false,0,398,1988,0.06354038414110218,0.0954257730638208,19.880000000000308,19.880000000000308,5.448826014909807,0.11975269492797604,0.015021937223618088,0.039824526,true,true,true,true,0.9916225782827962
45,holdout__holdout_11__teb__tau_w_100,holdout,holdout_11,teb,tau_w_100,355a6b600b50409b680ffb0e06ee53d75e1a915fb3142bddfb3a3a3180f9c8d5,true,false,plugin returned no valid velocity command,plugin returned no valid velocity command,false,1,264,1320,1.405047550284547,0.8346364315258118,13.199999999999763,13.199999999999763,5.171372009307579,0.032655042917984815,0.017871564916981126,0.029906804,true,true,true,true,0.7491256442923769
48,holdout__holdout_10__tr__delay_100,holdout,holdout_10,tr,delay_100,355a6b600b50409b680ffb0e06ee53d75e1a915fb3142bddfb3a3a3180f9c8d5,true,true,external_tolerance,external_tolerance,false,0,334,1668,0.07158631838278508,0.09990128295825956,16.679999999999808,16.679999999999808,5.649466997021157,0.11659209884111789,0.008133080077844307,0.038057066,true,true,true,true,0.9884637754889715
49,holdout__holdout_12__tr__tau_w_300,holdout,holdout_12,tr,tau_w_300,355a6b600b50409b680ffb0e06ee53d75e1a915fb3142bddfb3a3a3180f9c8d5,true,true,external_tolerance,external_tolerance,false,0,241,1205,0.07966662782606133,0.022519482851984886,12.049999999999788,12.049999999999788,4.936516945992892,0.06096982539204838,0.009613912564315357,0.036128429,true,true,true,true,0.9850712856588095
50,discovery__discovery_16__tr__delay_200,discovery,discovery_16,tr,delay_200,355a6b600b50409b680ffb0e06ee53d75e1a915fb3142bddfb3a3a3180f9c8d5,true,true,external_tolerance,external_tolerance,false,0,417,2082,0.040619091514071524,0.09977097240732838,20.820000000000455,20.820000000000455,6.558095792651102,0.18058955168285928,0.008421195122302156,0.036881628,true,true,true,true,0.9957659561591942
53,discovery__discovery_19__tr__tau_x_300,discovery,discovery_19,tr,tau_x_300,355a6b600b50409b680ffb0e06ee53d75e1a915fb3142bddfb3a3a3180f9c8d5,true,true,external_tolerance,external_tolerance,false,0,257,1283,0.07811324728431945,0.006936653422888919,12.829999999999771,12.829999999999771,4.921001371910049,0.0683918603757122,0.010820382505836576,0.038284456,true,true,true,true,0.9852452970344283
54,discovery__discovery_05__tr__tau_y_500,discovery,discovery_05,tr,tau_y_500,355a6b600b50409b680ffb0e06ee53d75e1a915fb3142bddfb3a3a3180f9c8d5,true,true,external_tolerance,external_tolerance,false,0,311,1551,0.07696139667325953,0.09964364345487897,15.509999999999714,15.509999999999714,5.205321475793357,0.05012834550336009,0.008206345321543407,0.040821615,true,true,true,true,0.9874209736574373
52,holdout__holdout_04__teb__tau_w_100,holdout,holdout_04,teb,tau_w_100,355a6b600b50409b680ffb0e06ee53d75e1a915fb3142bddfb3a3a3180f9c8d5,true,true,external_tolerance,external_tolerance,false,0,248,1240,0.050183713582904015,0.09747521875628712,12.39999999999978,12.39999999999978,5.041892267065246,0.04336235644236867,0.012958228903225821,0.035708112,true,true,true,true,0.9940159723985442
51,discovery__discovery_09__teb__tau_y_500,discovery,discovery_09,teb,tau_y_500,355a6b600b50409b680ffb0e06ee53d75e1a915fb3142bddfb3a3a3180f9c8d5,true,true,external_tolerance,external_tolerance,false,0,295,1472,0.054348761893425544,0.09940947352269047,14.71999999999973,14.71999999999973,5.1444465658024505,0.15421746210615142,0.0141426275220339,0.066940753,true,true,true,true,0.9902021875265169
55,discovery__discovery_17__teb__tau_y_300,discovery,discovery_17,teb,tau_y_300,355a6b600b50409b680ffb0e06ee53d75e1a915fb3142bddfb3a3a3180f9c8d5,true,false,footprint_collision,footprint_collision,true,0,216,1077,1.8645941966190458,0.6767915334284429,10.769999999999815,10.769999999999815,3.917157010503271,0.0,0.016594281087962962,0.062577735,true,true,true,true,0.6434183198928065
57,discovery__discovery_03__tr__tau_y_500,discovery,discovery_03,tr,tau_y_500,355a6b600b50409b680ffb0e06ee53d75e1a915fb3142bddfb3a3a3180f9c8d5,true,true,external_tolerance,external_tolerance,false,0,289,1441,0.07852319657673323,0.09959155517953243,14.409999999999737,14.409999999999737,5.432431921367672,0.060057733728259885,0.00945017934256054,0.038137741,true,true,true,true,0.9873519691217619
56,discovery__discovery_05__teb__tau_w_100,discovery,discovery_05,teb,tau_w_100,355a6b600b50409b680ffb0e06ee53d75e1a915fb3142bddfb3a3a3180f9c8d5,true,true,external_tolerance,external_tolerance,false,0,267,1335,0.07606653457832609,0.045542290060667075,13.34999999999976,13.34999999999976,5.502670097603999,0.1456395043479112,0.012482299917602992,0.088758759,true,true,true,true,0.9872684885840539
61,holdout__holdout_11__tr__tau_x_100,holdout,holdout_11,tr,tau_x_100,355a6b600b50409b680ffb0e06ee53d75e1a915fb3142bddfb3a3a3180f9c8d5,true,true,external_tolerance,external_tolerance,false,0,372,1858,0.06534925131117204,0.09948194338612988,18.580000000000105,18.580000000000105,6.5896275510316995,0.06301391069636293,0.008299939655913975,0.032044732,true,true,true,true,0.99117730882995
58,holdout__holdout_19__teb__delay_100,holdout,holdout_19,teb,delay_100,355a6b600b50409b680ffb0e06ee53d75e1a915fb3142bddfb3a3a3180f9c8d5,true,true,external_tolerance,external_tolerance,false,0,334,1666,0.07806245396714061,0.05477903400731154,16.659999999999805,16.659999999999805,6.05307409242409,0.1854566359229783,0.012576341062874245,0.035759174,true,true,true,true,0.991836934242734
59,discovery__discovery_12__teb__delay_050,discovery,discovery_12,teb,delay_050,355a6b600b50409b680ffb0e06ee53d75e1a915fb3142bddfb3a3a3180f9c8d5,true,true,external_tolerance,external_tolerance,false,0,273,1363,0.05201921936563217,0.09783339747847629,13.629999999999754,13.629999999999754,5.807542920651657,0.15074661021348756,0.015350432311355333,0.043459668,true,true,true,true,0.9915282296834877
62,discovery__discovery_06__tr__tau_w_100,discovery,discovery_06,tr,tau_w_100,355a6b600b50409b680ffb0e06ee53d75e1a915fb3142bddfb3a3a3180f9c8d5,true,true,external_tolerance,external_tolerance,false,0,265,1325,0.0764483734403337,0.09955301735620425,13.249999999999762,13.249999999999762,4.9597241203340925,0.059573925478763445,0.008878938973584901,0.019374442,true,true,true,true,0.9858093127953278
65,discovery__discovery_06__tr__tau_y_300,discovery,discovery_06,tr,tau_y_300,355a6b600b50409b680ffb0e06ee53d75e1a915fb3142bddfb3a3a3180f9c8d5,true,true,external_tolerance,external_tolerance,false,0,258,1286,0.07793159125716019,0.09919242795303305,12.85999999999977,12.85999999999977,4.909411124750557,0.05364204109481524,0.009114327724806193,0.030973895,true,true,true,true,0.9855562655710558
63,discovery__discovery_03__tr__tau_y_300,discovery,discovery_03,tr,tau_y_300,355a6b600b50409b680ffb0e06ee53d75e1a915fb3142bddfb3a3a3180f9c8d5,true,true,external_tolerance,external_tolerance,false,0,275,1371,0.07989481080195196,0.09972097125011287,13.709999999999752,13.709999999999752,5.394099581269809,0.04951513525417417,0.009147088985454545,0.017845756,true,true,true,true,0.9863614978432469
60,discovery__discovery_07__teb__tau_y_500,discovery,discovery_07,teb,tau_y_500,355a6b600b50409b680ffb0e06ee53d75e1a915fb3142bddfb3a3a3180f9c8d5,true,true,external_tolerance,external_tolerance,false,0,474,2368,0.07905678383480419,0.029214421655949785,23.680000000000902,23.680000000000902,7.067389365636697,0.005346582643299057,0.012053587588607582,0.046818439,true,true,true,true,0.9964903488052339
66,holdout__holdout_05__tr__tau_y_150,holdout,holdout_05,tr,tau_y_150,355a6b600b50409b680ffb0e06ee53d75e1a915fb3142bddfb3a3a3180f9c8d5,true,true,external_tolerance,external_tolerance,false,0,298,1488,0.07798869575652713,0.09906615360966878,14.879999999999727,14.879999999999727,5.166781832233106,0.030624444783005307,0.008434261265100669,0.021660461,true,true,true,true,0.9862011555616317
68,discovery__discovery_15__teb__delay_050,discovery,discovery_15,teb,delay_050,355a6b600b50409b680ffb0e06ee53d75e1a915fb3142bddfb3a3a3180f9c8d5,true,true,external_tolerance,external_tolerance,false,0,241,1204,0.0658828022673963,0.09911158731411158,12.039999999999788,12.039999999999788,5.10132837524375,0.18196323407393605,0.011294914091286317,0.044346582,true,true,true,true,1.0
64,holdout__holdout_17__tr__tau_w_300,holdout,holdout_17,tr,tau_w_300,355a6b600b50409b680ffb0e06ee53d75e1a915fb3142bddfb3a3a3180f9c8d5,true,false,logical_timeout,duration,false,0,600,3000,3.5655072622608883,0.33619046865907654,30.00000000000189,30.00000000000189,1.3482487399432308,0.5569842652414151,0.005988978250000003,0.04128051,true,true,true,true,0.22116412319235057
67,discovery__discovery_16__tr__tau_x_300,discovery,discovery_16,tr,tau_x_300,355a6b600b50409b680ffb0e06ee53d75e1a915fb3142bddfb3a3a3180f9c8d5,true,true,external_tolerance,external_tolerance,false,0,414,2069,0.02807969488169544,0.0990935644509582,20.690000000000435,20.690000000000435,6.349846676080875,0.08612367283349276,0.008072103371980688,0.036123025,true,true,true,true,0.9967618575111881
69,holdout__holdout_11__tr__tau_y_500,holdout,holdout_11,tr,tau_y_500,355a6b600b50409b680ffb0e06ee53d75e1a915fb3142bddfb3a3a3180f9c8d5,true,true,external_tolerance,external_tolerance,false,0,383,1914,0.07687230230844916,0.09929483806487677,19.140000000000192,19.140000000000192,6.763846835956936,0.20609396524947346,0.00815866846997389,0.038197958,true,true,true,true,0.9898123406593055
70,discovery__discovery_06__teb__tau_y_150,discovery,discovery_06,teb,tau_y_150,355a6b600b50409b680ffb0e06ee53d75e1a915fb3142bddfb3a3a3180f9c8d5,true,true,external_tolerance,external_tolerance,false,0,224,1120,0.07871779970039479,0.0753216836560183,11.199999999999806,11.199999999999806,4.949836984341369,0.12944884273551796,0.010678840968750006,0.031433428,true,true,true,true,0.9971566815477917
72,holdout__holdout_02__teb__tau_w_100,holdout,holdout_02,teb,tau_w_100,355a6b600b50409b680ffb0e06ee53d75e1a915fb3142bddfb3a3a3180f9c8d5,true,true,external_tolerance,external_tolerance,false,0,226,1126,0.07183570626669553,0.09744233332903485,11.259999999999804,11.259999999999804,5.028478746630469,0.18692447628946748,0.013461180446902664,0.0346811,true,true,true,true,0.9863787263555802
71,discovery__discovery_16__teb__delay_050,discovery,discovery_16,teb,delay_050,355a6b600b50409b680ffb0e06ee53d75e1a915fb3142bddfb3a3a3180f9c8d5,true,true,external_tolerance,external_tolerance,false,0,298,1488,0.027706705126505016,0.09643128429624809,14.879999999999727,14.879999999999727,6.075161813346462,0.12883622684489654,0.011412228795302017,0.020846413,true,true,true,true,1.0
73,holdout__holdout_17__teb__e0,holdout,holdout_17,teb,e0,355a6b600b50409b680ffb0e06ee53d75e1a915fb3142bddfb3a3a3180f9c8d5,true,true,external_tolerance,external_tolerance,false,0,242,1207,0.0681317207589518,0.09598174648673541,12.069999999999787,12.069999999999787,5.533740139620033,0.08867958578969666,0.014153664458677698,0.033013283,true,true,true,true,0.9943214403068062
75,holdout__holdout_04__tr__tau_x_300,holdout,holdout_04,tr,tau_x_300,355a6b600b50409b680ffb0e06ee53d75e1a915fb3142bddfb3a3a3180f9c8d5,true,true,external_tolerance,external_tolerance,false,0,280,1400,0.06316270712544952,0.09942814029192693,13.999999999999746,13.999999999999746,5.117625409996459,0.07203410532992413,0.00904447555,0.032833612,true,true,true,true,1.0
76,holdout__holdout_20__tr__tau_y_500,holdout,holdout_20,tr,tau_y_500,355a6b600b50409b680ffb0e06ee53d75e1a915fb3142bddfb3a3a3180f9c8d5,true,true,external_tolerance,external_tolerance,false,0,254,1268,0.07834438063271296,0.09909255905749581,12.679999999999774,12.679999999999774,4.8943981625400514,0.11759595012537837,0.009324027625984253,0.018786891,true,true,true,true,0.9859017978599737
81,discovery__discovery_03__teb__delay_050,discovery,discovery_03,teb,delay_050,355a6b600b50409b680ffb0e06ee53d75e1a915fb3142bddfb3a3a3180f9c8d5,true,true,external_tolerance,external_tolerance,false,0,258,1286,0.0772738436163596,0.09456496167178169,12.85999999999977,12.85999999999977,5.506593656358744,0.14636000877381636,0.010074502492248064,0.022804865,true,true,true,true,0.9984717556245517
74,discovery__discovery_13__teb__tau_y_500,discovery,discovery_13,teb,tau_y_500,355a6b600b50409b680ffb0e06ee53d75e1a915fb3142bddfb3a3a3180f9c8d5,true,true,external_tolerance,external_tolerance,false,0,405,2024,0.07817926199739234,0.04741375328630689,20.240000000000364,20.240000000000364,6.1170825256990655,0.1473030921173756,0.012314261054320999,0.02835987,true,true,true,true,0.9896800539069085
79,discovery__discovery_02__teb__tau_x_100,discovery,discovery_02,teb,tau_x_100,355a6b600b50409b680ffb0e06ee53d75e1a915fb3142bddfb3a3a3180f9c8d5,true,true,external_tolerance,external_tolerance,false,0,251,1251,0.07690624852950265,0.0631674250394442,12.509999999999778,12.509999999999778,5.502101430295861,0.1259785454431488,0.012744320533864538,0.047847826,true,true,true,true,0.9870707180439966
80,discovery__discovery_13__tr__delay_100,discovery,discovery_13,tr,delay_100,355a6b600b50409b680ffb0e06ee53d75e1a915fb3142bddfb3a3a3180f9c8d5,true,true,external_tolerance,external_tolerance,false,0,354,1766,0.06139491483841301,0.09935969130200006,17.65999999999996,17.65999999999996,5.832292993239003,0.07122096965945401,0.008359026912429375,0.031813884,true,true,true,true,0.9903846749975874
77,holdout__holdout_14__teb__tau_w_300,holdout,holdout_14,teb,tau_w_300,355a6b600b50409b680ffb0e06ee53d75e1a915fb3142bddfb3a3a3180f9c8d5,true,true,external_tolerance,external_tolerance,false,0,442,2209,0.01748316351637149,0.0930501144772316,22.090000000000654,22.090000000000654,5.982732858552485,0.03141832625347054,0.010931520291855205,0.023848563,true,true,true,true,0.9972467785954711
78,holdout__holdout_17__tr__e0,holdout,holdout_17,tr,e0,355a6b600b50409b680ffb0e06ee53d75e1a915fb3142bddfb3a3a3180f9c8d5,true,false,logical_timeout,duration,false,0,600,3000,3.5684022682434327,0.8028922004159808,30.00000000000189,30.00000000000189,1.2898776631467495,0.554999161910545,0.0076395417183333396,0.021699066,true,true,true,true,0.22053435114871914
84,discovery__discovery_05__teb__tau_y_300,discovery,discovery_05,teb,tau_y_300,355a6b600b50409b680ffb0e06ee53d75e1a915fb3142bddfb3a3a3180f9c8d5,true,true,external_tolerance,external_tolerance,false,0,305,1525,0.07777976409288014,0.0031583559547058346,15.24999999999972,15.24999999999972,5.614706203555708,0.12093466804307465,0.011492556016393438,0.027047497,true,true,true,true,0.9872346159774299
85,discovery__discovery_16__tr__tau_y_300,discovery,discovery_16,tr,tau_y_300,355a6b600b50409b680ffb0e06ee53d75e1a915fb3142bddfb3a3a3180f9c8d5,true,true,external_tolerance,external_tolerance,false,0,341,1703,0.07587413623100127,0.09906573250854639,17.029999999999863,17.029999999999863,5.895405861273815,0.15799733906544813,0.00831659838709677,0.016807196,true,true,true,true,0.9879796275357136
83,holdout__holdout_15__teb__delay_200,holdout,holdout_15,teb,delay_200,355a6b600b50409b680ffb0e06ee53d75e1a915fb3142bddfb3a3a3180f9c8d5,true,true,external_tolerance,external_tolerance,false,0,390,1948,0.07973584103015485,0.07627386839703469,19.480000000000246,19.480000000000246,5.755165858485051,0.13563841210019237,0.010760422941025624,0.044982579,true,true,true,true,0.9876033433579726
86,holdout__holdout_05__teb__tau_y_150,holdout,holdout_05,teb,tau_y_150,355a6b600b50409b680ffb0e06ee53d75e1a915fb3142bddfb3a3a3180f9c8d5,true,true,external_tolerance,external_tolerance,false,0,258,1287,0.07965402581783432,0.07116905346587028,12.86999999999977,12.86999999999977,5.362232312396387,0.16930632649520527,0.012369196596899229,0.02961811,true,true,true,true,0.9870813552753315
82,holdout__holdout_05__teb__tau_w_300,holdout,holdout_05,teb,tau_w_300,355a6b600b50409b680ffb0e06ee53d75e1a915fb3142bddfb3a3a3180f9c8d5,true,true,external_tolerance,external_tolerance,false,0,407,2033,0.04761462100679413,0.09959296929972968,20.33000000000038,20.33000000000038,5.204280741047836,0.10947629751532005,0.013257242928746929,0.032836888,true,true,true,true,0.9915559207260943
87,discovery__discovery_17__teb__tau_y_500,discovery,discovery_17,teb,tau_y_500,355a6b600b50409b680ffb0e06ee53d75e1a915fb3142bddfb3a3a3180f9c8d5,true,true,external_tolerance,external_tolerance,false,0,370,1847,0.0789824042627031,0.031244899022411107,18.470000000000088,18.470000000000088,5.776149582900489,0.032608424837005386,0.011867762818918921,0.022529165,true,true,true,true,0.9867919174965303
88,discovery__discovery_09__tr__e0,discovery,discovery_09,tr,e0,355a6b600b50409b680ffb0e06ee53d75e1a915fb3142bddfb3a3a3180f9c8d5,true,true,external_tolerance,external_tolerance,false,0,254,1269,0.07564905412627351,0.09903199665693815,12.689999999999774,12.689999999999774,4.996902214418746,0.09247624623074932,0.009647001145669291,0.0175751,true,true,true,true,0.9862363124824662
89,discovery__discovery_05__teb__delay_050,discovery,discovery_05,teb,delay_050,355a6b600b50409b680ffb0e06ee53d75e1a915fb3142bddfb3a3a3180f9c8d5,true,true,external_tolerance,external_tolerance,false,0,263,1312,0.07585520265432948,0.005664434373270856,13.119999999999765,13.119999999999765,5.58046362588405,0.13246390294711088,0.012054671444866934,0.024674015,true,true,true,true,0.9872809725238022
90,holdout__holdout_04__teb__delay_050,holdout,holdout_04,teb,delay_050,355a6b600b50409b680ffb0e06ee53d75e1a915fb3142bddfb3a3a3180f9c8d5,true,true,external_tolerance,external_tolerance,false,0,242,1210,0.031065450976683846,0.0984708261476042,12.099999999999786,12.099999999999786,5.09049575323362,0.02735698755342367,0.012752433322314037,0.026278605,true,true,true,true,0.9977185242312059
91,discovery__discovery_14__teb__tau_w_300,discovery,discovery_14,teb,tau_w_300,355a6b600b50409b680ffb0e06ee53d75e1a915fb3142bddfb3a3a3180f9c8d5,true,true,external_tolerance,external_tolerance,false,0,354,1768,0.024971822609298488,0.0927090041141797,17.679999999999964,17.679999999999964,6.5354117988193305,0.08646675973455988,0.013505146432203404,0.048215877,true,true,true,true,0.9965578270406645
92,discovery__discovery_15__teb__tau_w_300,discovery,discovery_15,teb,tau_w_300,355a6b600b50409b680ffb0e06ee53d75e1a915fb3142bddfb3a3a3180f9c8d5,true,true,external_tolerance,external_tolerance,false,0,336,1678,0.04677520173145518,0.09868976830127431,16.779999999999824,16.779999999999824,5.078027215262182,0.16699661368578392,0.013992185032738086,0.031887745,true,true,true,true,0.9957355597819744
95,discovery__discovery_11__teb__e0,discovery,discovery_11,teb,e0,355a6b600b50409b680ffb0e06ee53d75e1a915fb3142bddfb3a3a3180f9c8d5,true,true,external_tolerance,external_tolerance,false,0,221,1103,0.07868913250038374,0.01050265844945144,11.02999999999981,11.02999999999981,5.130354733031855,0.14894390640132976,0.0139785956923077,0.040989376,true,true,true,true,0.9868626308701404
98,discovery__discovery_06__teb__delay_200,discovery,discovery_06,teb,delay_200,355a6b600b50409b680ffb0e06ee53d75e1a915fb3142bddfb3a3a3180f9c8d5,true,true,external_tolerance,external_tolerance,false,0,305,1525,0.07923418359452114,0.07235472440027141,15.24999999999972,15.24999999999972,5.121733966867527,0.08075145553267708,0.0118048646,0.034585137,true,true,true,true,1.0
94,discovery__discovery_04__teb__delay_100,discovery,discovery_04,teb,delay_100,355a6b600b50409b680ffb0e06ee53d75e1a915fb3142bddfb3a3a3180f9c8d5,true,true,external_tolerance,external_tolerance,false,0,317,1581,0.06259923149338982,0.0990068575352585,15.809999999999707,15.809999999999707,5.722358388758187,0.17548760139559447,0.014289100223974761,0.032399829,true,true,true,true,0.9962838781660792
96,holdout__holdout_10__teb__tau_y_300,holdout,holdout_10,teb,tau_y_300,355a6b600b50409b680ffb0e06ee53d75e1a915fb3142bddfb3a3a3180f9c8d5,true,true,external_tolerance,external_tolerance,false,0,315,1572,0.0730683950569639,0.09928338273933512,15.71999999999971,15.71999999999971,5.895669121551112,0.14365108677596847,0.014373985479365078,0.027376235,true,true,true,true,0.9924594465346607
93,holdout__holdout_01__tr__tau_x_300,holdout,holdout_01,tr,tau_x_300,355a6b600b50409b680ffb0e06ee53d75e1a915fb3142bddfb3a3a3180f9c8d5,true,false,logical_timeout,duration,false,0,600,3000,2.760477840703928,0.965131869772462,30.00000000000189,30.00000000000189,2.434749462595526,0.19390116402213972,0.007662334004999996,0.041293876,true,true,true,true,0.35003275853527943
97,holdout__holdout_01__teb__tau_x_300,holdout,holdout_01,teb,tau_x_300,355a6b600b50409b680ffb0e06ee53d75e1a915fb3142bddfb3a3a3180f9c8d5,true,true,external_tolerance,external_tolerance,false,0,335,1675,0.07759580822243094,0.008802713968477852,16.74999999999982,16.74999999999982,6.059414017568306,0.21070524835265117,0.013692592062686576,0.028638948,true,true,true,true,1.0
101,holdout__holdout_18__tr__tau_x_100,holdout,holdout_18,tr,tau_x_100,355a6b600b50409b680ffb0e06ee53d75e1a915fb3142bddfb3a3a3180f9c8d5,true,true,external_tolerance,external_tolerance,false,0,311,1551,0.06907353465707576,0.09951364699949397,15.509999999999714,15.509999999999714,5.65560643937159,0.07043697868314741,0.01028501926366559,0.030347865,true,true,true,true,0.9887016861773053
99,discovery__discovery_14__tr__tau_w_300,discovery,discovery_14,tr,tau_w_300,355a6b600b50409b680ffb0e06ee53d75e1a915fb3142bddfb3a3a3180f9c8d5,true,false,logical_timeout,duration,false,0,600,3000,2.6475168992335676,0.5655863616707524,30.00000000000189,30.00000000000189,2.615495975347255,0.1127463007227178,0.007213693633333328,0.0212299,true,true,true,true,0.36786176056453423
104,discovery__discovery_06__tr__tau_y_500,discovery,discovery_06,tr,tau_y_500,355a6b600b50409b680ffb0e06ee53d75e1a915fb3142bddfb3a3a3180f9c8d5,true,true,external_tolerance,external_tolerance,false,0,257,1282,0.07870957153692781,0.09903082844955625,12.819999999999771,12.819999999999771,4.890992243561556,0.029040864702773568,0.011012100727626463,0.020535922,true,true,true,true,0.9855184066361897
102,discovery__discovery_13__teb__tau_x_100,discovery,discovery_13,teb,tau_x_100,355a6b600b50409b680ffb0e06ee53d75e1a915fb3142bddfb3a3a3180f9c8d5,true,true,external_tolerance,external_tolerance,false,0,302,1507,0.07655779201083036,0.08913627687632666,15.069999999999723,15.069999999999723,6.015346007518803,0.16889878992577512,0.01789665748013246,0.065671536,true,true,true,true,0.987882256351741
103,holdout__holdout_17__teb__tau_w_100,holdout,holdout_17,teb,tau_w_100,355a6b600b50409b680ffb0e06ee53d75e1a915fb3142bddfb3a3a3180f9c8d5,true,true,external_tolerance,external_tolerance,false,0,249,1243,0.062065160440503704,0.09847916555523076,12.42999999999978,12.42999999999978,5.55363944481609,0.0833846411978892,0.01898982121686747,0.082808358,true,true,true,true,0.9952799077881228
100,discovery__discovery_20__teb__delay_100,discovery,discovery_20,teb,delay_100,355a6b600b50409b680ffb0e06ee53d75e1a915fb3142bddfb3a3a3180f9c8d5,true,true,external_tolerance,external_tolerance,false,0,356,1780,0.054802853401043045,0.09861910442403915,17.799999999999983,17.799999999999983,6.358317677573417,0.09952676319967056,0.020793579280898877,0.050941496,true,true,true,true,0.9936497180170354
105,holdout__holdout_01__teb__tau_y_500,holdout,holdout_01,teb,tau_y_500,355a6b600b50409b680ffb0e06ee53d75e1a915fb3142bddfb3a3a3180f9c8d5,true,true,external_tolerance,external_tolerance,false,0,289,1444,0.01619726491935751,0.09499739204368017,14.439999999999737,14.439999999999737,5.627080811705478,0.156045972967636,0.016179411249134946,0.039675426,true,true,true,true,0.9974034904880612
110,discovery__discovery_05__tr__delay_050,discovery,discovery_05,tr,delay_050,355a6b600b50409b680ffb0e06ee53d75e1a915fb3142bddfb3a3a3180f9c8d5,true,true,external_tolerance,external_tolerance,false,0,302,1510,0.07250961476314528,0.09975842877395887,15.099999999999723,15.099999999999723,5.273856709414128,0.04949063579571404,0.009701022437086095,0.020940887,true,true,true,true,0.9878513392032514
108,discovery__discovery_15__teb__tau_y_300,discovery,discovery_15,teb,tau_y_300,355a6b600b50409b680ffb0e06ee53d75e1a915fb3142bddfb3a3a3180f9c8d5,true,true,external_tolerance,external_tolerance,false,0,248,1240,0.05789542239394053,0.09664220193849722,12.39999999999978,12.39999999999978,5.160276254443251,0.16211961546797535,0.015179744491935496,0.037424966,true,true,true,true,0.9914460939890134
107,discovery__discovery_17__tr__delay_050,discovery,discovery_17,tr,delay_050,355a6b600b50409b680ffb0e06ee53d75e1a915fb3142bddfb3a3a3180f9c8d5,true,false,logical_timeout,duration,false,0,600,3000,4.25035892149369,0.7574492316693329,30.00000000000189,30.00000000000189,0.7865882347268724,0.5971565313925246,0.007871705268333334,0.022453761,true,true,true,true,0.1316167152242109
109,holdout__holdout_08__teb__tau_x_100,holdout,holdout_08,teb,tau_x_100,355a6b600b50409b680ffb0e06ee53d75e1a915fb3142bddfb3a3a3180f9c8d5,true,true,external_tolerance,external_tolerance,false,0,298,1487,0.051814804416469504,0.099619621888558,14.869999999999727,14.869999999999727,6.317660861048922,0.14827390466967247,0.017422324936241608,0.03838641,true,true,true,true,1.0
106,discovery__discovery_17__tr__tau_x_300,discovery,discovery_17,tr,tau_x_300,355a6b600b50409b680ffb0e06ee53d75e1a915fb3142bddfb3a3a3180f9c8d5,true,false,logical_timeout,duration,false,0,600,3000,4.094826635320155,0.5836408149389468,30.00000000000189,30.00000000000189,2.851859700175285,0.5876681864940567,0.009033049281666672,0.01822447,true,true,true,true,0.17909783112892594
111,holdout__holdout_05__teb__e0,holdout,holdout_05,teb,e0,355a6b600b50409b680ffb0e06ee53d75e1a915fb3142bddfb3a3a3180f9c8d5,true,true,external_tolerance,external_tolerance,false,0,242,1207,0.079306261642497,0.07293389929227713,12.069999999999787,12.069999999999787,5.266314870473048,0.14646287053088472,0.01737629818181816,0.048056665,true,true,true,true,0.9859793954630969
114,discovery__discovery_16__tr__tau_y_500,discovery,discovery_16,tr,tau_y_500,355a6b600b50409b680ffb0e06ee53d75e1a915fb3142bddfb3a3a3180f9c8d5,true,true,external_tolerance,external_tolerance,false,0,348,1737,0.0783101627152193,0.09955995931413922,17.369999999999916,17.369999999999916,5.902146327246669,0.11886504518046831,0.010279903563218385,0.019501321,true,true,true,true,0.9879085609898777
117,discovery__discovery_18__tr__tau_y_150,discovery,discovery_18,tr,tau_y_150,355a6b600b50409b680ffb0e06ee53d75e1a915fb3142bddfb3a3a3180f9c8d5,true,true,external_tolerance,external_tolerance,false,0,254,1270,0.07509919141134776,0.0989595406972098,12.699999999999774,12.699999999999774,4.937556025582972,0.11288184250498012,0.011369336822834645,0.020774531,true,true,true,true,0.9859017858862094
113,discovery__discovery_14__teb__tau_x_100,discovery,discovery_14,teb,tau_x_100,355a6b600b50409b680ffb0e06ee53d75e1a915fb3142bddfb3a3a3180f9c8d5,true,true,external_tolerance,external_tolerance,false,0,293,1461,0.03361106081179512,0.09768947109281337,14.609999999999733,14.609999999999733,6.600461324071657,0.07844701218125547,0.017661624221843007,0.031144581,true,true,true,true,1.0
116,discovery__discovery_04__teb__delay_050,discovery,discovery_04,teb,delay_050,355a6b600b50409b680ffb0e06ee53d75e1a915fb3142bddfb3a3a3180f9c8d5,true,true,external_tolerance,external_tolerance,false,0,269,1345,0.05925870603196278,0.09671732092891008,13.449999999999758,13.449999999999758,5.687205798992227,0.1607891373403897,0.015637165840148695,0.035270028,true,true,true,true,0.995003629638732
115,holdout__holdout_10__tr__delay_200,holdout,holdout_10,tr,delay_200,355a6b600b50409b680ffb0e06ee53d75e1a915fb3142bddfb3a3a3180f9c8d5,true,true,external_tolerance,external_tolerance,false,0,402,2009,0.021348076578111205,0.09699440787420605,20.09000000000034,20.09000000000034,6.145433226593587,0.22459151786169046,0.009568422883084588,0.038128635,true,true,true,true,0.9982227625859316
112,holdout__holdout_01__tr__delay_200,holdout,holdout_01,tr,delay_200,355a6b600b50409b680ffb0e06ee53d75e1a915fb3142bddfb3a3a3180f9c8d5,true,false,logical_timeout,duration,false,0,600,3000,2.8221611588836337,0.678737928229349,30.00000000000189,30.00000000000189,2.743921160901734,0.21388889332269317,0.009915799004999998,0.037218156,true,true,true,true,0.3387422446723169
118,discovery__discovery_05__tr__tau_x_300,discovery,discovery_05,tr,tau_x_300,355a6b600b50409b680ffb0e06ee53d75e1a915fb3142bddfb3a3a3180f9c8d5,true,true,external_tolerance,external_tolerance,false,0,341,1703,0.025538685865872598,0.09911156066102722,17.029999999999863,17.029999999999863,5.781126081084087,0.05385924185721473,0.00963023766862169,0.019423964,true,true,true,true,0.998715903835669
121,holdout__holdout_04__teb__tau_x_100,holdout,holdout_04,teb,tau_x_100,355a6b600b50409b680ffb0e06ee53d75e1a915fb3142bddfb3a3a3180f9c8d5,true,true,external_tolerance,external_tolerance,false,0,228,1137,0.04304649124796804,0.09961503158554112,11.369999999999802,11.369999999999802,5.061897218392487,0.061448978664814115,0.017072257491228073,0.038552633,true,true,true,true,0.9958918568966755
123,discovery__discovery_03__tr__tau_x_100,discovery,discovery_03,tr,tau_x_100,355a6b600b50409b680ffb0e06ee53d75e1a915fb3142bddfb3a3a3180f9c8d5,true,true,external_tolerance,external_tolerance,false,0,267,1332,0.07996914763046759,0.09591028322932675,13.31999999999976,13.31999999999976,5.3419182889175145,0.06706297434947553,0.011896982434456931,0.042141168,true,true,true,true,0.9863221651245061
122,holdout__holdout_14__teb__e0,holdout,holdout_14,teb,e0,355a6b600b50409b680ffb0e06ee53d75e1a915fb3142bddfb3a3a3180f9c8d5,true,true,external_tolerance,external_tolerance,false,0,275,1373,0.012017394210964491,0.09641150292955078,13.729999999999752,13.729999999999752,6.005256751738947,0.025060344286159983,0.014354016894545461,0.036279372,true,true,true,true,0.9981179796073366
120,holdout__holdout_08__tr__tau_x_300,holdout,holdout_08,tr,tau_x_300,355a6b600b50409b680ffb0e06ee53d75e1a915fb3142bddfb3a3a3180f9c8d5,true,false,logical_timeout,duration,false,0,600,3000,2.6372950747235033,0.6320884356740825,30.00000000000189,30.00000000000189,2.9629552221234956,0.2322929917182559,0.008433660806666667,0.04233034,true,true,true,true,0.3995435528064693
124,discovery__discovery_03__teb__tau_y_300,discovery,discovery_03,teb,tau_y_300,355a6b600b50409b680ffb0e06ee53d75e1a915fb3142bddfb3a3a3180f9c8d5,true,true,external_tolerance,external_tolerance,false,0,295,1475,0.06792923097187221,0.09840186644278301,14.74999999999973,14.74999999999973,5.625861541355158,0.1493665844259063,0.012894754522033898,0.039345652,true,true,true,true,0.9885217945875125
125,holdout__holdout_16__teb__tau_w_300,holdout,holdout_16,teb,tau_w_300,355a6b600b50409b680ffb0e06ee53d75e1a915fb3142bddfb3a3a3180f9c8d5,true,true,external_tolerance,external_tolerance,false,0,330,1648,0.03349747688498527,0.09373567917108437,16.479999999999777,16.479999999999777,5.44556076186426,0.1846074566925459,0.011657776533333334,0.030642418,true,true,true,true,0.9942605789918636
128,holdout__holdout_16__teb__delay_100,holdout,holdout_16,teb,delay_100,355a6b600b50409b680ffb0e06ee53d75e1a915fb3142bddfb3a3a3180f9c8d5,true,true,external_tolerance,external_tolerance,false,0,303,1511,0.03372740817235311,0.09898209459170317,15.109999999999722,15.109999999999722,5.607281162486396,0.18652117948818586,0.01259806603630362,0.027977455,true,true,true,true,0.9943250614692934
127,holdout__holdout_11__tr__tau_w_100,holdout,holdout_11,tr,tau_w_100,355a6b600b50409b680ffb0e06ee53d75e1a915fb3142bddfb3a3a3180f9c8d5,true,true,external_tolerance,external_tolerance,false,0,382,1909,0.07663980729105764,0.09896623611541995,19.090000000000185,19.090000000000185,6.612371799453839,0.04312529960242517,0.009850062314136127,0.022357717,true,true,true,true,0.9893729969898951
119,discovery__discovery_07__teb__delay_200,discovery,discovery_07,teb,delay_200,355a6b600b50409b680ffb0e06ee53d75e1a915fb3142bddfb3a3a3180f9c8d5,true,true,external_tolerance,external_tolerance,false,0,487,2431,0.07953617179694264,0.010697997666007385,24.310000000001,24.310000000001,6.847585879778044,0.04203073456699746,0.02065955435112938,0.05847201,true,true,true,true,1.0
130,discovery__discovery_04__teb__tau_x_300,discovery,discovery_04,teb,tau_x_300,355a6b600b50409b680ffb0e06ee53d75e1a915fb3142bddfb3a3a3180f9c8d5,true,true,external_tolerance,external_tolerance,false,0,272,1356,0.038754839432570846,0.09771600753485914,13.559999999999755,13.559999999999755,5.64928213952447,0.11655446316645308,0.01660221045955881,0.11072072,true,true,true,true,0.9941469418959701
126,discovery__discovery_04__tr__e0,discovery,discovery_04,tr,e0,355a6b600b50409b680ffb0e06ee53d75e1a915fb3142bddfb3a3a3180f9c8d5,true,false,logical_timeout,duration,false,0,600,3000,3.8896423898596306,0.6517595121637124,30.00000000000189,30.00000000000189,1.1545556295738497,0.3022624228197502,0.007572812991666669,0.049953298,true,true,true,true,0.19269070634342775
129,discovery__discovery_17__tr__e0,discovery,discovery_17,tr,e0,355a6b600b50409b680ffb0e06ee53d75e1a915fb3142bddfb3a3a3180f9c8d5,true,false,logical_timeout,duration,false,0,600,3000,4.249184238639741,0.7325615940615368,30.00000000000189,30.00000000000189,0.7880550429097428,0.5616667805078547,0.008064478863333325,0.041426824,true,true,true,true,0.13136268739568363
131,discovery__discovery_04__teb__e0,discovery,discovery_04,teb,e0,355a6b600b50409b680ffb0e06ee53d75e1a915fb3142bddfb3a3a3180f9c8d5,true,true,external_tolerance,external_tolerance,false,0,251,1253,0.06153553165783232,0.09492605666933264,12.529999999999777,12.529999999999777,5.659712009788518,0.13308313395301452,0.01580945578884462,0.052661206,true,true,true,true,0.9931335543402906
134,discovery__discovery_03__teb__tau_x_300,discovery,discovery_03,teb,tau_x_300,355a6b600b50409b680ffb0e06ee53d75e1a915fb3142bddfb3a3a3180f9c8d5,true,true,external_tolerance,external_tolerance,false,0,257,1285,0.05327093940671451,0.09915851880139515,12.84999999999977,12.84999999999977,5.529083844154065,0.12148597445728107,0.013781681147859923,0.02725082,true,true,true,true,0.9976190653758931
133,holdout__holdout_15__tr__e0,holdout,holdout_15,tr,e0,355a6b600b50409b680ffb0e06ee53d75e1a915fb3142bddfb3a3a3180f9c8d5,true,false,logical_timeout,duration,false,0,600,3000,4.329015837316269,0.30799245582894264,30.00000000000189,30.00000000000189,1.0757751644232443,0.20660474979036272,0.007694064520000005,0.021553871,true,true,true,true,0.15448469818851454
132,holdout__holdout_18__teb__tau_w_300,holdout,holdout_18,teb,tau_w_300,355a6b600b50409b680ffb0e06ee53d75e1a915fb3142bddfb3a3a3180f9c8d5,true,true,external_tolerance,external_tolerance,false,0,422,2106,0.044898836023083755,0.09408006185843532,21.060000000000493,21.060000000000493,5.812220745805088,0.23262982072157867,0.01687885298815165,0.034004922,true,true,true,true,0.9926970585279449
139,holdout__holdout_05__tr__e0,holdout,holdout_05,tr,e0,355a6b600b50409b680ffb0e06ee53d75e1a915fb3142bddfb3a3a3180f9c8d5,true,true,external_tolerance,external_tolerance,false,0,293,1463,0.0741603126585888,0.09915530522624794,14.629999999999733,14.629999999999733,5.191655704908266,0.02990981659120758,0.009886236982935151,0.032702291,true,true,true,true,0.987076951751902
135,holdout__holdout_05__teb__tau_y_500,holdout,holdout_05,teb,tau_y_500,355a6b600b50409b680ffb0e06ee53d75e1a915fb3142bddfb3a3a3180f9c8d5,true,true,external_tolerance,external_tolerance,false,0,294,1469,0.0795987121077464,0.014439611619127529,14.689999999999731,14.689999999999731,5.363257559844735,0.15227095458843037,0.017389413200680253,0.057873001,true,true,true,true,0.9876289853412489
140,holdout__holdout_06__teb__tau_y_150,holdout,holdout_06,teb,tau_y_150,355a6b600b50409b680ffb0e06ee53d75e1a915fb3142bddfb3a3a3180f9c8d5,true,true,external_tolerance,external_tolerance,false,0,251,1251,0.07968579929063335,0.0926334755069532,12.509999999999778,12.509999999999778,5.104213503340819,0.195700282531861,0.0163858590756972,0.041702954,true,true,true,true,0.9976703200562874
136,holdout__holdout_08__tr__e0,holdout,holdout_08,tr,e0,355a6b600b50409b680ffb0e06ee53d75e1a915fb3142bddfb3a3a3180f9c8d5,true,false,logical_timeout,duration,false,0,600,3000,2.641417739166373,0.8286454172339289,30.00000000000189,30.00000000000189,2.479344066172985,0.23302704858765688,0.008613228218333333,0.019765583,true,true,true,true,0.4006266664397609
138,holdout__holdout_05__teb__delay_050,holdout,holdout_05,teb,delay_050,355a6b600b50409b680ffb0e06ee53d75e1a915fb3142bddfb3a3a3180f9c8d5,true,true,external_tolerance,external_tolerance,false,0,278,1388,0.07881933722556106,0.060264742252934815,13.879999999999749,13.879999999999749,5.29369169885636,0.16873129842884135,0.018359423751798564,0.047931103,true,true,true,true,0.9867770931724016
142,discovery__discovery_15__tr__tau_y_150,discovery,discovery_15,tr,tau_y_150,355a6b600b50409b680ffb0e06ee53d75e1a915fb3142bddfb3a3a3180f9c8d5,true,true,external_tolerance,external_tolerance,false,0,256,1276,0.07843980994848679,0.099496786647615,12.759999999999772,12.759999999999772,4.95131671346648,0.06128401786937463,0.01191242907421875,0.02348903,true,true,true,true,0.9853257903120376
137,holdout__holdout_19__tr__delay_100,holdout,holdout_19,tr,delay_100,355a6b600b50409b680ffb0e06ee53d75e1a915fb3142bddfb3a3a3180f9c8d5,true,false,logical_timeout,duration,false,0,600,3000,4.364019986768228,0.8702484676381531,30.00000000000189,30.00000000000189,0.937309589893891,0.7836272818082004,0.007871605538333331,0.039214678,true,true,true,true,0.12322697473468333
143,discovery__discovery_15__tr__delay_200,discovery,discovery_15,tr,delay_200,355a6b600b50409b680ffb0e06ee53d75e1a915fb3142bddfb3a3a3180f9c8d5,true,true,external_tolerance,external_tolerance,false,0,260,1298,0.06515658923641157,0.09777870927820088,12.979999999999768,12.979999999999768,5.186065443869149,0.1992591026534427,0.012001127165384616,0.027886669,true,true,true,true,0.9950795174376351
141,discovery__discovery_07__teb__tau_x_100,discovery,discovery_07,teb,tau_x_100,355a6b600b50409b680ffb0e06ee53d75e1a915fb3142bddfb3a3a3180f9c8d5,true,true,external_tolerance,external_tolerance,false,0,298,1488,0.07065857924940556,0.09608592355319545,14.879999999999727,14.879999999999727,6.342318209642523,0.1590421823267909,0.021348695550335566,0.059757495,true,true,true,true,0.991080320330001
145,discovery__discovery_05__tr__tau_y_300,discovery,discovery_05,tr,tau_y_300,355a6b600b50409b680ffb0e06ee53d75e1a915fb3142bddfb3a3a3180f9c8d5,true,true,external_tolerance,external_tolerance,false,0,315,1575,0.07609826147617015,0.09923214144078055,15.749999999999709,15.749999999999709,5.206799275338277,0.03893754989175224,0.0090559897079365,0.018950692,true,true,true,true,0.9873370529348843
146,discovery__discovery_06__tr__tau_y_150,discovery,discovery_06,tr,tau_y_150,355a6b600b50409b680ffb0e06ee53d75e1a915fb3142bddfb3a3a3180f9c8d5,true,true,external_tolerance,external_tolerance,false,0,255,1274,0.07785279647481466,0.09916261381857448,12.739999999999773,12.739999999999773,4.932918038993584,0.08127871652356375,0.01123917090588236,0.022076288,true,true,true,true,0.9855433961621354
144,discovery__discovery_01__tr__delay_100,discovery,discovery_01,tr,delay_100,355a6b600b50409b680ffb0e06ee53d75e1a915fb3142bddfb3a3a3180f9c8d5,true,false,logical_timeout,duration,false,0,600,3000,4.595136605257129,0.16682016579433365,30.00000000000189,30.00000000000189,0.7407292134095608,0.21578634329123483,0.007237841793333336,0.030670309,true,true,true,true,0.08326013857859343
147,discovery__discovery_12__tr__tau_y_150,discovery,discovery_12,tr,tau_y_150,355a6b600b50409b680ffb0e06ee53d75e1a915fb3142bddfb3a3a3180f9c8d5,true,false,logical_timeout,duration,false,0,600,3000,4.356402824901379,0.6896092988842002,30.00000000000189,30.00000000000189,1.3525793507626327,0.680443011474925,0.0060475304733333375,0.020306083,true,true,true,true,0.10988052497226757
152,holdout__holdout_15__teb__delay_050,holdout,holdout_15,teb,delay_050,355a6b600b50409b680ffb0e06ee53d75e1a915fb3142bddfb3a3a3180f9c8d5,true,true,external_tolerance,external_tolerance,false,0,272,1360,0.07803945005065409,0.07246153114083584,13.599999999999755,13.599999999999755,5.612173481713997,0.16419892271682696,0.014372411672794117,0.05958732,true,true,true,true,0.9880497756974298
154,discovery__discovery_03__tr__delay_200,discovery,discovery_03,tr,delay_200,355a6b600b50409b680ffb0e06ee53d75e1a915fb3142bddfb3a3a3180f9c8d5,true,true,external_tolerance,external_tolerance,false,0,277,1385,0.03534733583378171,0.09844884332850277,13.84999999999975,13.84999999999975,5.4907266923100835,0.11775556262076461,0.012538254537906128,0.026285439,true,true,true,true,0.9958276487334442
155,holdout__holdout_12__tr__tau_y_300,holdout,holdout_12,tr,tau_y_300,355a6b600b50409b680ffb0e06ee53d75e1a915fb3142bddfb3a3a3180f9c8d5,true,true,external_tolerance,external_tolerance,false,0,257,1284,0.07987895955558684,0.09954490390888118,12.83999999999977,12.83999999999977,4.912622632509572,0.06862156389753997,0.01181040461089494,0.045674784,true,true,true,true,0.9850600471961309
148,discovery__discovery_01__tr__tau_y_150,discovery,discovery_01,tr,tau_y_150,355a6b600b50409b680ffb0e06ee53d75e1a915fb3142bddfb3a3a3180f9c8d5,true,false,logical_timeout,duration,false,0,600,3000,4.621761963851351,0.048146130610267915,30.00000000000189,30.00000000000189,0.5713708233646692,0.26020695656354054,0.008814731041666676,0.063967236,true,true,true,true,0.08395287747508438
153,holdout__holdout_03__teb__tau_x_300,holdout,holdout_03,teb,tau_x_300,355a6b600b50409b680ffb0e06ee53d75e1a915fb3142bddfb3a3a3180f9c8d5,true,true,external_tolerance,external_tolerance,false,0,266,1330,0.05940719280180951,0.09913941157058706,13.299999999999761,13.299999999999761,5.796523868370023,0.0493375434174537,0.01859278263533835,0.037407176,true,true,true,true,0.9902399168346199
150,discovery__discovery_13__teb__tau_w_100,discovery,discovery_13,teb,tau_w_100,355a6b600b50409b680ffb0e06ee53d75e1a915fb3142bddfb3a3a3180f9c8d5,true,true,external_tolerance,external_tolerance,false,0,345,1722,0.07691072927410723,0.0889273595000052,17.219999999999892,17.219999999999892,5.969009787375551,0.12454428637832667,0.017768116055072475,0.040609823,true,true,true,true,0.9877992827717303
151,discovery__discovery_01__tr__tau_w_300,discovery,discovery_01,tr,tau_w_300,355a6b600b50409b680ffb0e06ee53d75e1a915fb3142bddfb3a3a3180f9c8d5,true,false,logical_timeout,duration,false,0,600,3000,4.600543931607461,0.0021330398392616677,30.00000000000189,30.00000000000189,0.5547075189458145,0.23443109892402034,0.008276166883333323,0.029337329,true,true,true,true,0.08434094646781763
156,discovery__discovery_16__teb__tau_x_100,discovery,discovery_16,teb,tau_x_100,355a6b600b50409b680ffb0e06ee53d75e1a915fb3142bddfb3a3a3180f9c8d5,true,true,external_tolerance,external_tolerance,false,0,281,1404,0.02949792732706087,0.09699589663396295,14.039999999999745,14.039999999999745,6.0276190692301395,0.2103790193037698,0.015151103483985764,0.039979774,true,true,true,true,1.0
149,holdout__holdout_09__teb__tau_y_300,holdout,holdout_09,teb,tau_y_300,355a6b600b50409b680ffb0e06ee53d75e1a915fb3142bddfb3a3a3180f9c8d5,true,true,external_tolerance,external_tolerance,false,0,435,2172,0.007553129365934306,0.09875723723459412,21.720000000000596,21.720000000000596,7.327395317085837,0.051385497811951626,0.016882511487356314,0.037114683,true,true,true,true,1.0
158,holdout__holdout_20__tr__tau_y_300,holdout,holdout_20,tr,tau_y_300,355a6b600b50409b680ffb0e06ee53d75e1a915fb3142bddfb3a3a3180f9c8d5,true,true,external_tolerance,external_tolerance,false,0,252,1257,0.07644551773877616,0.09936033449294528,12.569999999999776,12.569999999999776,4.880586249365212,0.10427531100231967,0.011025295861111109,0.036273559,true,true,true,true,0.985729744721477
157,discovery__discovery_11__tr__tau_x_300,discovery,discovery_11,tr,tau_x_300,355a6b600b50409b680ffb0e06ee53d75e1a915fb3142bddfb3a3a3180f9c8d5,true,true,external_tolerance,external_tolerance,false,0,331,1652,0.03222019980965397,0.09998768224054497,16.519999999999783,16.519999999999783,5.374200346887186,0.06921220526700401,0.009704666867069486,0.043654117,true,true,true,true,1.0
159,holdout__holdout_01__teb__delay_100,holdout,holdout_01,teb,delay_100,355a6b600b50409b680ffb0e06ee53d75e1a915fb3142bddfb3a3a3180f9c8d5,true,true,external_tolerance,external_tolerance,false,0,288,1437,0.009310020969560346,0.09992488450348794,14.369999999999738,14.369999999999738,5.629711461904023,0.18296070628282313,0.014112011559027785,0.027134108,true,true,true,true,1.0
160,discovery__discovery_16__teb__tau_x_300,discovery,discovery_16,teb,tau_x_300,355a6b600b50409b680ffb0e06ee53d75e1a915fb3142bddfb3a3a3180f9c8d5,true,true,external_tolerance,external_tolerance,false,0,356,1780,0.07935731903344788,0.05137162600211635,17.799999999999983,17.799999999999983,6.501336015930098,0.19978228692734423,0.012976300997191008,0.030336342,true,true,true,true,1.0
166,holdout__holdout_02__tr__tau_y_500,holdout,holdout_02,tr,tau_y_500,355a6b600b50409b680ffb0e06ee53d75e1a915fb3142bddfb3a3a3180f9c8d5,true,true,external_tolerance,external_tolerance,false,0,281,1401,0.07546189828570045,0.09951840239830921,14.009999999999746,14.009999999999746,4.959010110996747,0.1962868558007369,0.01078509102846975,0.054606544,true,true,true,true,0.9856906750568393
162,holdout__holdout_14__tr__tau_y_150,holdout,holdout_14,tr,tau_y_150,355a6b600b50409b680ffb0e06ee53d75e1a915fb3142bddfb3a3a3180f9c8d5,true,true,external_tolerance,external_tolerance,false,0,322,1606,0.07916034415402796,0.09912748055699476,16.05999999999971,16.05999999999971,5.818148385241725,0.052754660085581905,0.010662095406832306,0.048595059,true,true,true,true,0.9882829637895099
164,discovery__discovery_07__tr__tau_y_300,discovery,discovery_07,tr,tau_y_300,355a6b600b50409b680ffb0e06ee53d75e1a915fb3142bddfb3a3a3180f9c8d5,true,true,external_tolerance,external_tolerance,false,0,307,1534,0.07989174059676307,0.012226667883585486,15.339999999999717,15.339999999999717,6.232882864237792,0.02165750016705167,0.011739982029315966,0.021598533,true,true,true,true,0.9897559082368156
165,holdout__holdout_20__teb__tau_y_150,holdout,holdout_20,teb,tau_y_150,355a6b600b50409b680ffb0e06ee53d75e1a915fb3142bddfb3a3a3180f9c8d5,true,true,external_tolerance,external_tolerance,false,0,254,1267,0.07957298314568596,0.07972429892360314,12.669999999999774,12.669999999999774,5.500663011635123,0.12857952726879524,0.01408172054330708,0.035194881,true,true,true,true,0.9861217781307547
163,holdout__holdout_12__teb__tau_y_150,holdout,holdout_12,teb,tau_y_150,355a6b600b50409b680ffb0e06ee53d75e1a915fb3142bddfb3a3a3180f9c8d5,true,true,external_tolerance,external_tolerance,false,0,268,1337,0.07642736149814744,0.09857333475780372,13.36999999999976,13.36999999999976,5.212016003446548,0.04622014458918121,0.015706607955223856,0.032353434,true,true,true,true,0.9909387887910862
161,discovery__discovery_10__teb__tau_y_150,discovery,discovery_10,teb,tau_y_150,355a6b600b50409b680ffb0e06ee53d75e1a915fb3142bddfb3a3a3180f9c8d5,true,true,external_tolerance,external_tolerance,false,0,297,1485,0.07734582646950888,0.07930390693797676,14.849999999999728,14.849999999999728,5.664112134788894,0.048919518347886465,0.017785393309764325,0.055440343,true,true,true,true,0.9916676040480151
170,discovery__discovery_16__tr__tau_x_100,discovery,discovery_16,tr,tau_x_100,355a6b600b50409b680ffb0e06ee53d75e1a915fb3142bddfb3a3a3180f9c8d5,true,true,external_tolerance,external_tolerance,false,0,339,1692,0.06404080028193354,0.09917514013164644,16.919999999999845,16.919999999999845,5.822224503611784,0.11591011325106697,0.009949509613569319,0.046252031,true,true,true,true,0.9899337621161416
168,discovery__discovery_12__teb__tau_w_100,discovery,discovery_12,teb,tau_w_100,355a6b600b50409b680ffb0e06ee53d75e1a915fb3142bddfb3a3a3180f9c8d5,true,true,external_tolerance,external_tolerance,false,0,289,1441,0.05288200275852122,0.0947184195965155,14.409999999999737,14.409999999999737,5.81188922644258,0.18626813078826993,0.02003985689965399,0.051865406,true,true,true,true,0.9916909462874736
169,discovery__discovery_17__tr__tau_w_100,discovery,discovery_17,tr,tau_w_100,355a6b600b50409b680ffb0e06ee53d75e1a915fb3142bddfb3a3a3180f9c8d5,true,false,logical_timeout,duration,false,0,600,3000,4.249089288641516,0.7876422087104755,30.00000000000189,30.00000000000189,0.8025247952936836,0.5241905853055642,0.007701140276666667,0.029750603,true,true,true,true,0.13148641123453755
171,holdout__holdout_18__tr__tau_w_300,holdout,holdout_18,tr,tau_w_300,355a6b600b50409b680ffb0e06ee53d75e1a915fb3142bddfb3a3a3180f9c8d5,true,true,external_tolerance,external_tolerance,false,0,305,1525,0.07783957018408458,0.09869890557237528,15.24999999999972,15.24999999999972,5.699351170880566,0.02187583272309238,0.01085952658688525,0.01957665,true,true,true,true,0.9883634275681998
172,holdout__holdout_05__tr__tau_x_300,holdout,holdout_05,tr,tau_x_300,355a6b600b50409b680ffb0e06ee53d75e1a915fb3142bddfb3a3a3180f9c8d5,true,true,external_tolerance,external_tolerance,false,0,340,1697,0.03181507868174927,0.09925382985287456,16.969999999999853,16.969999999999853,5.676489647058204,0.06050209113053996,0.01017143003823529,0.019643062,true,true,true,true,0.9965055343180452
176,holdout__holdout_18__tr__delay_100,holdout,holdout_18,tr,delay_100,355a6b600b50409b680ffb0e06ee53d75e1a915fb3142bddfb3a3a3180f9c8d5,true,true,external_tolerance,external_tolerance,false,0,317,1583,0.07379479660545256,0.09903205747150143,15.829999999999707,15.829999999999707,5.675830218418462,0.04990245073852385,0.010500984435331233,0.031667559,true,true,true,true,0.9884252583963398
177,discovery__discovery_18__tr__delay_050,discovery,discovery_18,tr,delay_050,355a6b600b50409b680ffb0e06ee53d75e1a915fb3142bddfb3a3a3180f9c8d5,true,true,external_tolerance,external_tolerance,false,0,264,1320,0.06783854653390876,0.09973019339793514,13.199999999999763,13.199999999999763,4.981814830000529,0.09084534285908273,0.011070906462121216,0.021340104,true,true,true,true,0.9872647105917287
174,holdout__holdout_07__teb__tau_y_150,holdout,holdout_07,teb,tau_y_150,355a6b600b50409b680ffb0e06ee53d75e1a915fb3142bddfb3a3a3180f9c8d5,true,true,external_tolerance,external_tolerance,false,0,294,1470,0.07644107144062717,0.06735381132365,14.699999999999731,14.699999999999731,5.8857794477276935,0.15471891545613842,0.015973182210884344,0.033477269,true,true,true,true,0.987755236790653
167,discovery__discovery_20__teb__delay_200,discovery,discovery_20,teb,delay_200,355a6b600b50409b680ffb0e06ee53d75e1a915fb3142bddfb3a3a3180f9c8d5,true,true,external_tolerance,external_tolerance,false,0,525,2621,0.07988239542065918,0.022957880947128705,26.210000000001298,26.210000000001298,6.8454662926540175,0.05857293220526217,0.020226935773333298,0.058454733,true,true,true,true,1.0
178,discovery__discovery_17__tr__tau_y_300,discovery,discovery_17,tr,tau_y_300,355a6b600b50409b680ffb0e06ee53d75e1a915fb3142bddfb3a3a3180f9c8d5,true,false,logical_timeout,duration,false,0,600,3000,4.2499226305181566,0.6939552607014584,30.00000000000189,30.00000000000189,0.8060168231912872,0.5103138141237266,0.0076183104300000005,0.02041302,true,true,true,true,0.1321667179181927
175,discovery__discovery_20__teb__tau_w_100,discovery,discovery_20,teb,tau_w_100,355a6b600b50409b680ffb0e06ee53d75e1a915fb3142bddfb3a3a3180f9c8d5,true,true,external_tolerance,external_tolerance,false,0,329,1644,0.04404695842067363,0.09634496029418685,16.43999999999977,16.43999999999977,6.189878468683348,0.1350594641351548,0.021068516109422484,0.067209807,true,true,true,true,0.9953956532871666
179,holdout__holdout_08__teb__e0,holdout,holdout_08,teb,e0,355a6b600b50409b680ffb0e06ee53d75e1a915fb3142bddfb3a3a3180f9c8d5,true,true,external_tolerance,external_tolerance,false,0,287,1434,0.015531333770144111,0.09689829655952253,14.339999999999739,14.339999999999739,6.217857336531639,0.1444034058224003,0.01701378085017424,0.036321055,true,true,true,true,0.9976294052860616
181,discovery__discovery_06__teb__tau_y_300,discovery,discovery_06,teb,tau_y_300,355a6b600b50409b680ffb0e06ee53d75e1a915fb3142bddfb3a3a3180f9c8d5,true,true,external_tolerance,external_tolerance,false,0,251,1251,0.07875382739477234,0.05881094628798911,12.509999999999778,12.509999999999778,5.037714125747808,0.0892849523612426,0.012217067677290838,0.075410482,true,true,true,true,1.0
173,holdout__holdout_11__teb__tau_w_300,holdout,holdout_11,teb,tau_w_300,355a6b600b50409b680ffb0e06ee53d75e1a915fb3142bddfb3a3a3180f9c8d5,true,false,plugin returned no valid velocity command,plugin returned no valid velocity command,false,1,369,1845,1.523960180098737,0.5103723033622021,18.450000000000085,18.450000000000085,4.972723806033234,0.059684957886920076,0.025208484932432454,0.059645475,true,true,true,true,0.7226628672675421
180,discovery__discovery_04__tr__delay_100,discovery,discovery_04,tr,delay_100,355a6b600b50409b680ffb0e06ee53d75e1a915fb3142bddfb3a3a3180f9c8d5,true,false,logical_timeout,duration,false,0,600,3000,3.8908010853287833,0.5404536759946278,30.00000000000189,30.00000000000189,1.2032517063961166,0.29608381825820806,0.006538782918333332,0.063224952,true,true,true,true,0.19139057814807978
185,discovery__discovery_06__tr__e0,discovery,discovery_06,tr,e0,355a6b600b50409b680ffb0e06ee53d75e1a915fb3142bddfb3a3a3180f9c8d5,true,true,external_tolerance,external_tolerance,false,0,255,1273,0.07607496092137608,0.09923083150967547,12.729999999999773,12.729999999999773,4.946303313950937,0.07151678634395348,0.011297766290196075,0.049046206,true,true,true,true,0.9858753135373112
184,holdout__holdout_12__teb__e0,holdout,holdout_12,teb,e0,355a6b600b50409b680ffb0e06ee53d75e1a915fb3142bddfb3a3a3180f9c8d5,true,true,external_tolerance,external_tolerance,false,0,220,1100,0.06389091015452363,0.09519508790529378,10.99999999999981,10.99999999999981,5.065581526955532,0.11494932518863155,0.015586157990909098,0.028462419,true,true,true,true,0.9887846721404487
183,discovery__discovery_17__teb__tau_x_100,discovery,discovery_17,teb,tau_x_100,355a6b600b50409b680ffb0e06ee53d75e1a915fb3142bddfb3a3a3180f9c8d5,true,true,external_tolerance,external_tolerance,false,0,257,1284,0.07807662106374388,0.07410719749587921,12.83999999999977,12.83999999999977,5.666521350183911,0.09369901073731912,0.016823155560311276,0.032953825,true,true,true,true,0.9868876648119516
187,holdout__holdout_18__tr__tau_y_300,holdout,holdout_18,tr,tau_y_300,355a6b600b50409b680ffb0e06ee53d75e1a915fb3142bddfb3a3a3180f9c8d5,true,true,external_tolerance,external_tolerance,false,0,302,1507,0.0799006194062834,0.09909180318203492,15.069999999999723,15.069999999999723,5.632032469875026,0.0632171712940296,0.010770712990066213,0.021900572,true,true,true,true,0.9887973658821938
182,discovery__discovery_13__teb__delay_200,discovery,discovery_13,teb,delay_200,355a6b600b50409b680ffb0e06ee53d75e1a915fb3142bddfb3a3a3180f9c8d5,true,true,external_tolerance,external_tolerance,false,0,495,2472,0.07815940642767434,0.05274425423866527,24.720000000001065,24.720000000001065,6.340087728982726,0.07984644706801158,0.015812144090909076,0.041141947,true,true,true,true,0.9886416027626419
188,discovery__discovery_06__teb__tau_w_300,discovery,discovery_06,teb,tau_w_300,355a6b600b50409b680ffb0e06ee53d75e1a915fb3142bddfb3a3a3180f9c8d5,true,true,external_tolerance,external_tolerance,false,0,288,1438,0.05363032490936628,0.09413373611028092,14.379999999999738,14.379999999999738,4.98234375541357,0.18248457123931494,0.011935115295138889,0.048090581,true,true,true,true,0.9950742552564152
189,holdout__holdout_16__teb__tau_x_300,holdout,holdout_16,teb,tau_x_300,355a6b600b50409b680ffb0e06ee53d75e1a915fb3142bddfb3a3a3180f9c8d5,true,true,external_tolerance,external_tolerance,false,0,330,1650,0.07771607910892207,0.0479265653744353,16.49999999999978,16.49999999999978,6.021246830455422,0.18337118768657865,0.011171476081818177,0.035490446,true,true,true,true,1.0
186,discovery__discovery_12__teb__tau_w_300,discovery,discovery_12,teb,tau_w_300,355a6b600b50409b680ffb0e06ee53d75e1a915fb3142bddfb3a3a3180f9c8d5,true,true,external_tolerance,external_tolerance,false,0,424,2117,0.030735360101788504,0.09812714453477425,21.17000000000051,21.17000000000051,5.807539839826451,0.14413241764510357,0.020519358136792457,0.046355143,true,true,true,true,0.995610266372677
193,discovery__discovery_19__tr__delay_200,discovery,discovery_19,tr,delay_200,355a6b600b50409b680ffb0e06ee53d75e1a915fb3142bddfb3a3a3180f9c8d5,true,true,external_tolerance,external_tolerance,false,0,363,1811,0.03469546341298705,0.09954810197813467,18.11000000000003,18.11000000000003,5.489793727206313,0.07461577941891649,0.010185689126721749,0.048202683,true,true,true,true,0.9989772115309695
191,holdout__holdout_08__tr__tau_w_100,holdout,holdout_08,tr,tau_w_100,355a6b600b50409b680ffb0e06ee53d75e1a915fb3142bddfb3a3a3180f9c8d5,true,false,logical_timeout,duration,false,0,600,3000,2.6422928033738717,0.8868345987918108,30.00000000000189,30.00000000000189,2.4845824319493794,0.2381151461268244,0.00851823281833334,0.026571639,true,true,true,true,0.3998248934388735
194,holdout__holdout_07__tr__delay_200,holdout,holdout_07,tr,delay_200,355a6b600b50409b680ffb0e06ee53d75e1a915fb3142bddfb3a3a3180f9c8d5,true,true,external_tolerance,external_tolerance,false,0,389,1943,0.050332703088727546,0.09961919794894071,19.430000000000238,19.430000000000238,5.983815247274229,0.06811242006308263,0.009750195920308477,0.02235445,true,true,true,true,0.9964193969579184
190,holdout__holdout_08__teb__delay_100,holdout,holdout_08,teb,delay_100,355a6b600b50409b680ffb0e06ee53d75e1a915fb3142bddfb3a3a3180f9c8d5,true,true,external_tolerance,external_tolerance,false,0,369,1841,0.008471132717139371,0.09710131359097354,18.41000000000008,18.41000000000008,6.392377554816188,0.13072132633042288,0.018076786555555568,0.08713132,true,true,true,true,0.9996746736724459
192,discovery__discovery_13__teb__delay_050,discovery,discovery_13,teb,delay_050,355a6b600b50409b680ffb0e06ee53d75e1a915fb3142bddfb3a3a3180f9c8d5,true,true,external_tolerance,external_tolerance,false,0,328,1640,0.07644412694834714,0.07958909896510746,16.399999999999764,16.399999999999764,6.033513136456806,0.11832380052491864,0.017327173996951207,0.037590465,true,true,true,true,0.9888984176164395
198,discovery__discovery_08__teb__tau_y_500,discovery,discovery_08,teb,tau_y_500,355a6b600b50409b680ffb0e06ee53d75e1a915fb3142bddfb3a3a3180f9c8d5,true,false,plugin returned no valid velocity command,plugin returned no valid velocity command,false,1,95,475,3.326551899808621,0.34424938886455125,4.749999999999943,4.749999999999943,1.951684423222623,0.10159113978043478,0.022654379541666672,0.034038852,true,true,true,true,0.31046260306100903
195,holdout__holdout_13__teb__tau_y_150,holdout,holdout_13,teb,tau_y_150,355a6b600b50409b680ffb0e06ee53d75e1a915fb3142bddfb3a3a3180f9c8d5,true,true,external_tolerance,external_tolerance,false,0,278,1387,0.056583787924372755,0.09669096190765786,13.869999999999749,13.869999999999749,5.931967769691467,0.10566411120335695,0.0195649300791367,0.047695809,true,true,true,true,0.9908801021778689
199,holdout__holdout_02__tr__tau_x_100,holdout,holdout_02,tr,tau_x_100,355a6b600b50409b680ffb0e06ee53d75e1a915fb3142bddfb3a3a3180f9c8d5,true,true,external_tolerance,external_tolerance,false,0,289,1442,0.07228661557714403,0.09918450462901157,14.419999999999737,14.419999999999737,4.99426813900174,0.1758760156311765,0.00987367698615917,0.016263046,true,true,true,true,0.9862817662517255
196,holdout__holdout_15__teb__tau_w_300,holdout,holdout_15,teb,tau_w_300,355a6b600b50409b680ffb0e06ee53d75e1a915fb3142bddfb3a3a3180f9c8d5,true,true,external_tolerance,external_tolerance,false,0,393,1961,0.054783711220200156,0.09668294400931397,19.610000000000266,19.610000000000266,5.571316952993697,0.17154954669166783,0.013590023687022905,0.036295717,true,true,true,true,0.9908320708779212
197,holdout__holdout_04__teb__delay_200,holdout,holdout_04,teb,delay_200,355a6b600b50409b680ffb0e06ee53d75e1a915fb3142bddfb3a3a3180f9c8d5,true,true,external_tolerance,external_tolerance,false,0,336,1676,0.008077373167907624,0.09893432316663081,16.75999999999982,16.75999999999982,5.246839892981801,0.0021313424451008256,0.015947472372023822,0.036182337,true,true,true,true,0.9995932998611262
201,discovery__discovery_07__tr__tau_x_100,discovery,discovery_07,tr,tau_x_100,355a6b600b50409b680ffb0e06ee53d75e1a915fb3142bddfb3a3a3180f9c8d5,true,true,external_tolerance,external_tolerance,false,0,298,1486,0.0730714650278686,0.09980993279438427,14.859999999999728,14.859999999999728,6.058305543918661,0.03704765414790548,0.011258029593959733,0.062303158,true,true,true,true,0.9895013234200785
204,discovery__discovery_18__tr__tau_y_300,discovery,discovery_18,tr,tau_y_300,355a6b600b50409b680ffb0e06ee53d75e1a915fb3142bddfb3a3a3180f9c8d5,true,true,external_tolerance,external_tolerance,false,0,254,1267,0.0786739809954731,0.09986234430721178,12.669999999999774,12.669999999999774,4.923355821967219,0.0948996084150328,0.011178663787401571,0.019321873,true,true,true,true,0.9852885383550823
200,holdout__holdout_09__teb__tau_x_300,holdout,holdout_09,teb,tau_x_300,355a6b600b50409b680ffb0e06ee53d75e1a915fb3142bddfb3a3a3180f9c8d5,true,true,external_tolerance,external_tolerance,false,0,387,1933,0.01954530109109496,0.09731857518490691,19.330000000000222,19.330000000000222,7.356370580291326,0.12770726146216194,0.014209715558139529,0.036550634,true,true,true,true,1.0
203,discovery__discovery_19__teb__delay_200,discovery,discovery_19,teb,delay_200,355a6b600b50409b680ffb0e06ee53d75e1a915fb3142bddfb3a3a3180f9c8d5,true,true,external_tolerance,external_tolerance,false,0,283,1411,0.07804692429835366,0.08478977453054422,14.109999999999744,14.109999999999744,5.039134850145701,0.11186030053837231,0.011837569996466435,0.051200841,true,true,true,true,0.9983135863795278
205,holdout__holdout_10__teb__tau_w_300,holdout,holdout_10,teb,tau_w_300,355a6b600b50409b680ffb0e06ee53d75e1a915fb3142bddfb3a3a3180f9c8d5,true,true,external_tolerance,external_tolerance,false,0,301,1505,0.023751700113202066,0.09741782358600556,15.049999999999724,15.049999999999724,5.760576111442359,0.11789151421838799,0.015034995421926906,0.088473533,true,true,true,true,0.9961182446139092
202,discovery__discovery_20__tr__e0,discovery,discovery_20,tr,e0,355a6b600b50409b680ffb0e06ee53d75e1a915fb3142bddfb3a3a3180f9c8d5,true,false,logical_timeout,duration,false,0,600,3000,4.474285619243002,0.6561384251341404,30.00000000000189,30.00000000000189,0.5738305391733323,0.47093888334053585,0.006849047031666668,0.026246524,true,true,true,true,0.07181594552402612
208,discovery__discovery_04__teb__tau_y_150,discovery,discovery_04,teb,tau_y_150,355a6b600b50409b680ffb0e06ee53d75e1a915fb3142bddfb3a3a3180f9c8d5,true,true,external_tolerance,external_tolerance,false,0,262,1309,0.07710070832570579,0.09925626239016563,13.089999999999765,13.089999999999765,5.685843074775281,0.16467697435076056,0.015128001538167948,0.033398167,true,true,true,true,0.987590322117406
207,holdout__holdout_18__teb__tau_y_150,holdout,holdout_18,teb,tau_y_150,355a6b600b50409b680ffb0e06ee53d75e1a915fb3142bddfb3a3a3180f9c8d5,true,true,external_tolerance,external_tolerance,false,0,275,1371,0.022092742485846112,0.09628427740794913,13.709999999999752,13.709999999999752,5.842202799976659,0.2292483819924552,0.017436711505454554,0.0382039,true,true,true,true,0.9979026730156692
206,discovery__discovery_02__tr__tau_x_300,discovery,discovery_02,tr,tau_x_300,355a6b600b50409b680ffb0e06ee53d75e1a915fb3142bddfb3a3a3180f9c8d5,true,false,logical_timeout,duration,false,0,600,3000,4.3854505532590204,0.8078466956329089,30.00000000000189,30.00000000000189,0.568811160401414,0.772199798778493,0.00774912130833333,0.057522291,true,true,true,true,0.09172920889998626
209,holdout__holdout_01__teb__tau_w_300,holdout,holdout_01,teb,tau_w_300,355a6b600b50409b680ffb0e06ee53d75e1a915fb3142bddfb3a3a3180f9c8d5,true,true,external_tolerance,external_tolerance,false,0,359,1795,0.02667276475392883,0.09940913990872677,17.950000000000006,17.950000000000006,5.544718516437368,0.19532691064535987,0.012941126752089112,0.041743613,true,true,true,true,0.995701729707735
212,discovery__discovery_18__teb__tau_y_150,discovery,discovery_18,teb,tau_y_150,355a6b600b50409b680ffb0e06ee53d75e1a915fb3142bddfb3a3a3180f9c8d5,true,true,external_tolerance,external_tolerance,false,0,240,1199,0.058954751783226025,0.09796657209688547,11.989999999999789,11.989999999999789,5.154815370673437,0.1773093399840222,0.012789848962500001,0.026404762,true,true,true,true,0.9906622891980146
210,holdout__holdout_08__tr__tau_y_500,holdout,holdout_08,tr,tau_y_500,355a6b600b50409b680ffb0e06ee53d75e1a915fb3142bddfb3a3a3180f9c8d5,true,false,logical_timeout,duration,false,0,600,3000,2.6412127103936025,0.7274409348145101,30.00000000000189,30.00000000000189,2.492601663495714,0.17825529137222731,0.008938649229999996,0.031045519,true,true,true,true,0.39857032912778445
211,holdout__holdout_13__teb__tau_y_500,holdout,holdout_13,teb,tau_y_500,355a6b600b50409b680ffb0e06ee53d75e1a915fb3142bddfb3a3a3180f9c8d5,true,false,footprint_collision,footprint_collision,true,0,220,1098,2.2010972097946757,0.009004466392140578,10.97999999999981,10.97999999999981,3.517259330161952,0.0,0.025997918554545453,0.054780511,true,true,true,true,0.5893761492328051
215,discovery__discovery_07__tr__delay_050,discovery,discovery_07,tr,delay_050,355a6b600b50409b680ffb0e06ee53d75e1a915fb3142bddfb3a3a3180f9c8d5,true,true,external_tolerance,external_tolerance,false,0,305,1521,0.07965936315161873,0.03914715519172533,15.20999999999972,15.20999999999972,6.119928697958791,0.0542153389246866,0.011661155177049186,0.026636043,true,true,true,true,0.9893528456963421
213,discovery__discovery_15__teb__tau_y_500,discovery,discovery_15,teb,tau_y_500,355a6b600b50409b680ffb0e06ee53d75e1a915fb3142bddfb3a3a3180f9c8d5,true,true,external_tolerance,external_tolerance,false,0,308,1536,0.058883745793985184,0.09751854393970125,15.359999999999717,15.359999999999717,5.210042623441857,0.1765339950205149,0.01465468895454545,0.034759642,true,true,true,true,0.9928012678442066
214,discovery__discovery_13__tr__tau_w_100,discovery,discovery_13,tr,tau_w_100,355a6b600b50409b680ffb0e06ee53d75e1a915fb3142bddfb3a3a3180f9c8d5,true,true,external_tolerance,external_tolerance,false,0,408,2036,0.07661179028520079,0.0998915449069378,20.360000000000383,20.360000000000383,5.8815981034719425,0.03510390870811871,0.009641934791666673,0.032573111,true,true,true,true,0.9878070256485437
216,discovery__discovery_11__teb__delay_050,discovery,discovery_11,teb,delay_050,355a6b600b50409b680ffb0e06ee53d75e1a915fb3142bddfb3a3a3180f9c8d5,true,true,external_tolerance,external_tolerance,false,0,231,1151,0.07571524504219584,0.044269064688665614,11.509999999999799,11.509999999999799,5.195577389369445,0.13687584541022516,0.015316981549783554,0.036841748,true,true,true,true,0.9888129143277693
218,holdout__holdout_09__teb__tau_x_100,holdout,holdout_09,teb,tau_x_100,355a6b600b50409b680ffb0e06ee53d75e1a915fb3142bddfb3a3a3180f9c8d5,true,true,external_tolerance,external_tolerance,false,0,342,1706,0.0315553903483246,0.09746838137122298,17.059999999999867,17.059999999999867,7.047600664248925,0.14188432649294486,0.014601118254385963,0.027636479,true,true,true,true,0.9968866586076891
220,holdout__holdout_13__teb__tau_x_100,holdout,holdout_13,teb,tau_x_100,355a6b600b50409b680ffb0e06ee53d75e1a915fb3142bddfb3a3a3180f9c8d5,true,true,external_tolerance,external_tolerance,false,0,278,1387,0.03340938377789117,0.0986508806622351,13.869999999999749,13.869999999999749,5.939432373033663,0.109779334119871,0.02029750394964029,0.050736338,true,true,true,true,0.9946201729253977
219,holdout__holdout_19__tr__tau_w_100,holdout,holdout_19,tr,tau_w_100,355a6b600b50409b680ffb0e06ee53d75e1a915fb3142bddfb3a3a3180f9c8d5,true,false,logical_timeout,duration,false,0,600,3000,4.360927625012047,0.825737790160148,30.00000000000189,30.00000000000189,0.8054957252206757,0.8148603255581067,0.00783291331166667,0.020495401,true,true,true,true,0.12193452277859547
221,discovery__discovery_08__tr__tau_x_300,discovery,discovery_08,tr,tau_x_300,355a6b600b50409b680ffb0e06ee53d75e1a915fb3142bddfb3a3a3180f9c8d5,true,true,external_tolerance,external_tolerance,false,0,424,2118,0.025835755753192764,0.09955554281640876,21.18000000000051,21.18000000000051,6.4209617407486945,0.09199764781895664,0.009472826865566046,0.021474993,true,true,true,true,0.9974587453477527
223,discovery__discovery_19__tr__delay_050,discovery,discovery_19,tr,delay_050,355a6b600b50409b680ffb0e06ee53d75e1a915fb3142bddfb3a3a3180f9c8d5,true,true,external_tolerance,external_tolerance,false,0,264,1318,0.07234408968362634,0.09931767733044335,13.179999999999763,13.179999999999763,4.898127468250797,0.049932520217613255,0.011462574609848487,0.026066817,true,true,true,true,0.9862018841041353
217,discovery__discovery_17__teb__tau_w_300,discovery,discovery_17,teb,tau_w_300,355a6b600b50409b680ffb0e06ee53d75e1a915fb3142bddfb3a3a3180f9c8d5,true,true,external_tolerance,external_tolerance,false,0,433,2161,0.049119362258224226,0.0999080681604926,21.61000000000058,21.61000000000058,5.6459661497729146,0.10410142377027289,0.016764522836027716,0.048824819,true,true,true,true,0.9917035152375787
225,discovery__discovery_10__tr__tau_w_300,discovery,discovery_10,tr,tau_w_300,355a6b600b50409b680ffb0e06ee53d75e1a915fb3142bddfb3a3a3180f9c8d5,true,true,external_tolerance,external_tolerance,false,0,260,1299,0.07997498009877335,0.08423018098611287,12.989999999999768,12.989999999999768,5.275669967642155,0.0521360763276859,0.012016640200000008,0.019925128,true,true,true,true,0.9900046736473042
224,holdout__holdout_04__teb__tau_y_150,holdout,holdout_04,teb,tau_y_150,355a6b600b50409b680ffb0e06ee53d75e1a915fb3142bddfb3a3a3180f9c8d5,true,true,external_tolerance,external_tolerance,false,0,244,1216,0.06450160074619904,0.0998196518713644,12.159999999999785,12.159999999999785,5.12895820026543,0.037647376193481914,0.017317229762295074,0.038702287,true,true,true,true,0.9929138800319045
226,holdout__holdout_06__tr__tau_y_150,holdout,holdout_06,tr,tau_y_150,355a6b600b50409b680ffb0e06ee53d75e1a915fb3142bddfb3a3a3180f9c8d5,true,true,external_tolerance,external_tolerance,false,0,256,1279,0.07530725164962736,0.0991636928324879,12.789999999999772,12.789999999999772,4.949379010176774,0.17817274718417125,0.011709670964843757,0.026064116,true,true,true,true,0.9858624803858302
222,discovery__discovery_04__tr__tau_x_100,discovery,discovery_04,tr,tau_x_100,355a6b600b50409b680ffb0e06ee53d75e1a915fb3142bddfb3a3a3180f9c8d5,true,false,logical_timeout,duration,false,0,600,3000,3.8879656712874393,0.6567406766116574,30.00000000000189,30.00000000000189,1.224481736953103,0.2987077664585629,0.00679614779333334,0.022037576,true,true,true,true,0.1928397773204508
227,discovery__discovery_18__teb__tau_x_300,discovery,discovery_18,teb,tau_x_300,355a6b600b50409b680ffb0e06ee53d75e1a915fb3142bddfb3a3a3180f9c8d5,true,true,external_tolerance,external_tolerance,false,0,253,1263,0.04199046394313284,0.09705858993164634,12.629999999999775,12.629999999999775,5.101724887582472,0.18770221138722443,0.014487116083003961,0.037872966,true,true,true,true,0.9948145972745881
228,discovery__discovery_13__tr__tau_y_150,discovery,discovery_13,tr,tau_y_150,355a6b600b50409b680ffb0e06ee53d75e1a915fb3142bddfb3a3a3180f9c8d5,true,false,logical_timeout,duration,false,0,600,3000,4.307685284886969,0.12976127758159334,30.00000000000189,30.00000000000189,1.2022164120052579,0.19843478560905603,0.008424940264999998,0.020176225,true,true,true,true,0.195957697900777
230,discovery__discovery_10__tr__tau_y_300,discovery,discovery_10,tr,tau_y_300,355a6b600b50409b680ffb0e06ee53d75e1a915fb3142bddfb3a3a3180f9c8d5,true,true,external_tolerance,external_tolerance,false,0,272,1356,0.07834138517797169,0.09961865200943833,13.559999999999755,13.559999999999755,5.234353001903307,0.09120111990230276,0.01086250545220588,0.050968417,true,true,true,true,0.9895552733354642
229,holdout__holdout_08__tr__tau_y_150,holdout,holdout_08,tr,tau_y_150,355a6b600b50409b680ffb0e06ee53d75e1a915fb3142bddfb3a3a3180f9c8d5,true,false,logical_timeout,duration,false,0,600,3000,2.642684483251172,0.853441978618547,30.00000000000189,30.00000000000189,2.4701208479302723,0.22061731543458815,0.007787435379999996,0.019494006,true,true,true,true,0.399963376109712
232,holdout__holdout_16__tr__tau_x_300,holdout,holdout_16,tr,tau_x_300,355a6b600b50409b680ffb0e06ee53d75e1a915fb3142bddfb3a3a3180f9c8d5,true,true,external_tolerance,external_tolerance,false,0,401,2003,0.061323348068362746,0.09943637275346448,20.03000000000033,20.03000000000033,5.917469974441293,0.08857339822859321,0.009871639561097257,0.046031559,true,true,true,true,1.0
233,discovery__discovery_18__tr__delay_200,discovery,discovery_18,tr,delay_200,355a6b600b50409b680ffb0e06ee53d75e1a915fb3142bddfb3a3a3180f9c8d5,true,true,external_tolerance,external_tolerance,false,0,354,1770,0.07928247511407809,0.019168248807659452,17.699999999999967,17.699999999999967,5.66824573036148,0.16588464741186457,0.011046079200564966,0.021927931,true,true,true,true,0.9851714285895642
231,holdout__holdout_19__teb__e0,holdout,holdout_19,teb,e0,355a6b600b50409b680ffb0e06ee53d75e1a915fb3142bddfb3a3a3180f9c8d5,true,true,external_tolerance,external_tolerance,false,0,273,1364,0.07592361783030811,0.06984227155558971,13.639999999999754,13.639999999999754,5.953723183219783,0.19975982083815771,0.018190939494505492,0.047036148,true,true,true,true,0.9879142739071987
235,holdout__holdout_06__teb__tau_y_300,holdout,holdout_06,teb,tau_y_300,355a6b600b50409b680ffb0e06ee53d75e1a915fb3142bddfb3a3a3180f9c8d5,true,true,external_tolerance,external_tolerance,false,0,272,1359,0.06234454381388328,0.09811135449393138,13.589999999999755,13.589999999999755,5.17463902489468,0.18330704063949635,0.017601553441176462,0.045797053,true,true,true,true,0.992239406238636
234,discovery__discovery_13__teb__tau_x_300,discovery,discovery_13,teb,tau_x_300,355a6b600b50409b680ffb0e06ee53d75e1a915fb3142bddfb3a3a3180f9c8d5,true,true,external_tolerance,external_tolerance,false,0,341,1705,0.07553891149575478,0.06014755469136373,17.049999999999866,17.049999999999866,6.101264907642337,0.10323128423416877,0.01859366984750735,0.041448189,true,true,true,true,0.9880845680676096
238,holdout__holdout_11__tr__tau_x_300,holdout,holdout_11,tr,tau_x_300,355a6b600b50409b680ffb0e06ee53d75e1a915fb3142bddfb3a3a3180f9c8d5,true,true,external_tolerance,external_tolerance,false,0,440,2196,0.02515088102353361,0.09916378137342474,21.960000000000633,21.960000000000633,6.893860168043926,0.07423706607156359,0.009459513777272725,0.022354111,true,true,true,true,1.0
236,holdout__holdout_15__tr__delay_100,holdout,holdout_15,tr,delay_100,355a6b600b50409b680ffb0e06ee53d75e1a915fb3142bddfb3a3a3180f9c8d5,true,false,logical_timeout,duration,false,0,600,3000,0.07306079911194355,0.6559363886538903,30.00000000000189,30.00000000000189,5.69683501355609,0.017610177349616847,0.008928519588333331,0.050916151,true,true,true,true,0.9878436902754778
240,holdout__holdout_14__tr__tau_y_300,holdout,holdout_14,tr,tau_y_300,355a6b600b50409b680ffb0e06ee53d75e1a915fb3142bddfb3a3a3180f9c8d5,true,true,external_tolerance,external_tolerance,false,0,327,1634,0.07798347367730302,0.09951651567974677,16.339999999999755,16.339999999999755,5.720227742722382,0.05727071315984896,0.010220100192660548,0.025232694,true,true,true,true,0.987925291995119
237,discovery__discovery_20__teb__tau_y_300,discovery,discovery_20,teb,tau_y_300,355a6b600b50409b680ffb0e06ee53d75e1a915fb3142bddfb3a3a3180f9c8d5,true,true,external_tolerance,external_tolerance,false,0,340,1696,0.05970563614375199,0.09996976073126619,16.95999999999985,16.95999999999985,6.395430856958081,0.07492556865645607,0.021706839105882343,0.071015953,true,true,true,true,0.9927113470705624
239,holdout__holdout_11__teb__tau_y_300,holdout,holdout_11,teb,tau_y_300,355a6b600b50409b680ffb0e06ee53d75e1a915fb3142bddfb3a3a3180f9c8d5,true,false,plugin returned no valid velocity command,plugin returned no valid velocity command,false,1,312,1560,1.4680481453617555,0.7089821512583407,15.599999999999712,15.599999999999712,5.2859983105612915,0.036859037413995425,0.02564246685623003,0.043388864,true,true,true,true,0.7339240385083187
245,holdout__holdout_15__teb__tau_x_100,holdout,holdout_15,teb,tau_x_100,355a6b600b50409b680ffb0e06ee53d75e1a915fb3142bddfb3a3a3180f9c8d5,true,true,external_tolerance,external_tolerance,false,0,265,1321,0.07596693532359074,0.09170092602667836,13.209999999999763,13.209999999999763,5.60385252607917,0.15029919063490751,0.014646391479245282,0.031192544,true,true,true,true,0.9873323404241322
246,discovery__discovery_19__tr__delay_100,discovery,discovery_19,tr,delay_100,355a6b600b50409b680ffb0e06ee53d75e1a915fb3142bddfb3a3a3180f9c8d5,true,true,external_tolerance,external_tolerance,false,0,278,1388,0.07150428517857983,0.09982952454097004,13.879999999999749,13.879999999999749,4.930946346186277,0.05250965115610575,0.010578585920863314,0.018997515,true,true,true,true,0.9865264983597587
241,holdout__holdout_17__teb__tau_w_300,holdout,holdout_17,teb,tau_w_300,355a6b600b50409b680ffb0e06ee53d75e1a915fb3142bddfb3a3a3180f9c8d5,true,true,external_tolerance,external_tolerance,false,0,351,1752,0.04330323271969397,0.0981413661269141,17.51999999999994,17.51999999999994,5.561584176877396,0.06358880153703073,0.0167340477920228,0.041004363,true,true,true,true,0.99624600367248
243,discovery__discovery_16__teb__tau_w_100,discovery,discovery_16,teb,tau_w_100,355a6b600b50409b680ffb0e06ee53d75e1a915fb3142bddfb3a3a3180f9c8d5,true,true,external_tolerance,external_tolerance,false,0,321,1604,0.02846737847867267,0.09331789895213342,16.039999999999708,16.039999999999708,5.949541858915021,0.1895912228399352,0.015061570613707147,0.028755381,true,true,true,true,0.9954685708985059
242,holdout__holdout_03__tr__tau_w_100,holdout,holdout_03,tr,tau_w_100,355a6b600b50409b680ffb0e06ee53d75e1a915fb3142bddfb3a3a3180f9c8d5,true,false,logical_timeout,duration,false,0,600,3000,4.398569046746242,0.8074148801187796,30.00000000000189,30.00000000000189,0.9935250279559875,0.5575699385137282,0.007610347444999997,0.02012117,true,true,true,true,0.10123253990644138
248,discovery__discovery_19__teb__tau_x_100,discovery,discovery_19,teb,tau_x_100,355a6b600b50409b680ffb0e06ee53d75e1a915fb3142bddfb3a3a3180f9c8d5,true,true,external_tolerance,external_tolerance,false,0,224,1118,0.06487392207370292,0.0974578475425767,11.179999999999806,11.179999999999806,4.925332610189386,0.11135534650325822,0.013801853107142855,0.03726984,true,true,true,true,0.994101389715408
247,holdout__holdout_14__tr__e0,holdout,holdout_14,tr,e0,355a6b600b50409b680ffb0e06ee53d75e1a915fb3142bddfb3a3a3180f9c8d5,true,true,external_tolerance,external_tolerance,false,0,327,1633,0.07910639515430525,0.09959100668687729,16.329999999999753,16.329999999999753,5.840152124638837,0.04585758835277653,0.010658450908256883,0.019801151,true,true,true,true,0.9877436511135343
244,holdout__holdout_17__tr__tau_y_300,holdout,holdout_17,tr,tau_y_300,355a6b600b50409b680ffb0e06ee53d75e1a915fb3142bddfb3a3a3180f9c8d5,true,false,logical_timeout,duration,false,0,600,3000,3.570668272123025,0.8034655837342071,30.00000000000189,30.00000000000189,1.2572182841217068,0.5437323161544925,0.009046256068333331,0.023543751,true,true,true,true,0.21981070361546454
249,discovery__discovery_16__teb__delay_100,discovery,discovery_16,teb,delay_100,355a6b600b50409b680ffb0e06ee53d75e1a915fb3142bddfb3a3a3180f9c8d5,true,true,external_tolerance,external_tolerance,false,0,330,1650,0.055182561161252086,0.09443017244542976,16.49999999999978,16.49999999999978,6.077758469450102,0.22059392837609354,0.01486673957272729,0.059578948,true,true,true,true,1.0
257,discovery__discovery_07__tr__tau_w_100,discovery,discovery_07,tr,tau_w_100,355a6b600b50409b680ffb0e06ee53d75e1a915fb3142bddfb3a3a3180f9c8d5,true,false,footprint_collision,footprint_collision,true,0,67,333,4.428237051250641,1.0658212972419006,3.329999999999973,3.329999999999973,1.3453987225784045,0.0,0.011265547805970149,0.034596866,true,true,true,true,0.2583911767704233
250,holdout__holdout_15__tr__delay_050,holdout,holdout_15,tr,delay_050,355a6b600b50409b680ffb0e06ee53d75e1a915fb3142bddfb3a3a3180f9c8d5,true,true,external_tolerance,external_tolerance,false,0,427,2133,0.07651764948362662,0.09926228265720692,21.330000000000535,21.330000000000535,5.498010750737349,0.025641466849475932,0.010270870676814998,0.056792434,true,true,true,true,0.9871968590187511
252,holdout__holdout_05__tr__delay_100,holdout,holdout_05,tr,delay_100,355a6b600b50409b680ffb0e06ee53d75e1a915fb3142bddfb3a3a3180f9c8d5,true,true,external_tolerance,external_tolerance,false,0,300,1500,0.06164853065065919,0.0999333276705447,14.999999999999725,14.999999999999725,5.243322686242656,0.04448165928848857,0.009918671883333341,0.018417677,true,true,true,true,0.9890664821597774
253,discovery__discovery_18__tr__tau_y_500,discovery,discovery_18,tr,tau_y_500,355a6b600b50409b680ffb0e06ee53d75e1a915fb3142bddfb3a3a3180f9c8d5,true,true,external_tolerance,external_tolerance,false,0,255,1274,0.0780841804340263,0.09984942946966889,12.739999999999773,12.739999999999773,4.918452302901658,0.09089162023267858,0.01154168718039215,0.022777839,true,true,true,true,0.9855865107049666
256,discovery__discovery_18__teb__delay_050,discovery,discovery_18,teb,delay_050,355a6b600b50409b680ffb0e06ee53d75e1a915fb3142bddfb3a3a3180f9c8d5,true,true,external_tolerance,external_tolerance,false,0,248,1236,0.06558809550848366,0.09679516160607715,12.359999999999781,12.359999999999781,5.134340466033044,0.1461183560003766,0.013898162213709674,0.034532772,true,true,true,true,1.0
251,holdout__holdout_17__tr__tau_y_150,holdout,holdout_17,tr,tau_y_150,355a6b600b50409b680ffb0e06ee53d75e1a915fb3142bddfb3a3a3180f9c8d5,true,false,logical_timeout,duration,false,0,600,3000,3.569046101952554,0.7803871322423179,30.00000000000189,30.00000000000189,1.2668753598411266,0.5530667482076861,0.00905649330166666,0.059478731,true,true,true,true,0.22009833275823323
259,discovery__discovery_11__tr__delay_100,discovery,discovery_11,tr,delay_100,355a6b600b50409b680ffb0e06ee53d75e1a915fb3142bddfb3a3a3180f9c8d5,true,true,external_tolerance,external_tolerance,false,0,281,1402,0.07439010294924045,0.09949098059805582,14.019999999999746,14.019999999999746,5.051297985504348,0.08841920030800772,0.01037649789679715,0.033584201,true,true,true,true,0.9871737007347448
254,holdout__holdout_17__teb__tau_x_300,holdout,holdout_17,teb,tau_x_300,355a6b600b50409b680ffb0e06ee53d75e1a915fb3142bddfb3a3a3180f9c8d5,true,true,external_tolerance,external_tolerance,false,0,258,1286,0.05320351075476784,0.09752075267658171,12.85999999999977,12.85999999999977,5.565330110113228,0.09007397777362856,0.02015183934883722,0.041934781,true,true,true,true,0.995280868529933
258,discovery__discovery_04__teb__tau_x_100,discovery,discovery_04,teb,tau_x_100,355a6b600b50409b680ffb0e06ee53d75e1a915fb3142bddfb3a3a3180f9c8d5,true,true,external_tolerance,external_tolerance,false,0,252,1260,0.0790756107112006,0.09094968809951731,12.599999999999776,12.599999999999776,5.6223686908046995,0.07543360673707744,0.015595783345238085,0.052765901,true,true,true,true,0.9940255915281556
260,holdout__holdout_16__teb__tau_x_100,holdout,holdout_16,teb,tau_x_100,355a6b600b50409b680ffb0e06ee53d75e1a915fb3142bddfb3a3a3180f9c8d5,true,true,external_tolerance,external_tolerance,false,0,255,1271,0.0378560272701993,0.09756673003759166,12.709999999999773,12.709999999999773,5.575293688810854,0.17938470293455935,0.012476991078431372,0.023809393,true,true,true,true,1.0
255,discovery__discovery_01__teb__tau_w_100,discovery,discovery_01,teb,tau_w_100,355a6b600b50409b680ffb0e06ee53d75e1a915fb3142bddfb3a3a3180f9c8d5,true,true,external_tolerance,external_tolerance,false,0,359,1794,0.02251758673863058,0.0990086332267116,17.940000000000005,17.940000000000005,6.276435794347563,0.07064174105594374,0.015768336236768824,0.064756542,true,true,true,true,0.9966359791733893
264,discovery__discovery_18__tr__tau_w_300,discovery,discovery_18,tr,tau_w_300,355a6b600b50409b680ffb0e06ee53d75e1a915fb3142bddfb3a3a3180f9c8d5,true,true,external_tolerance,external_tolerance,false,0,246,1230,0.07893547533092336,0.09835013425551818,12.299999999999782,12.299999999999782,4.93225757020953,0.06199286097167363,0.011430897902439029,0.039476452,true,true,true,true,0.9853342295500015
261,discovery__discovery_03__teb__delay_100,discovery,discovery_03,teb,delay_100,355a6b600b50409b680ffb0e06ee53d75e1a915fb3142bddfb3a3a3180f9c8d5,true,true,external_tolerance,external_tolerance,false,0,301,1505,0.07161965263274582,0.09744949894568294,15.049999999999724,15.049999999999724,5.60878602857179,0.1659720600812144,0.012311585893687705,0.023686663,true,true,true,true,1.0
263,holdout__holdout_18__teb__e0,holdout,holdout_18,teb,e0,355a6b600b50409b680ffb0e06ee53d75e1a915fb3142bddfb3a3a3180f9c8d5,true,true,external_tolerance,external_tolerance,false,0,271,1353,0.023283595399523353,0.09762988436656732,13.529999999999756,13.529999999999756,5.817361586983915,0.24069703742535614,0.017200335162361628,0.045659632,true,true,true,true,0.9961976035562727
262,discovery__discovery_02__tr__tau_y_500,discovery,discovery_02,tr,tau_y_500,355a6b600b50409b680ffb0e06ee53d75e1a915fb3142bddfb3a3a3180f9c8d5,true,false,logical_timeout,duration,false,0,600,3000,4.379620705978411,0.7062452598707635,30.00000000000189,30.00000000000189,0.5662824253633706,0.7851302408469318,0.0076116738183333345,0.03488906,true,true,true,true,0.09114957301868917
266,discovery__discovery_03__teb__tau_w_100,discovery,discovery_03,teb,tau_w_100,355a6b600b50409b680ffb0e06ee53d75e1a915fb3142bddfb3a3a3180f9c8d5,true,true,external_tolerance,external_tolerance,false,0,273,1361,0.049349052544054466,0.09736246114808769,13.609999999999754,13.609999999999754,5.498617902129924,0.15305048470127136,0.013046236329670335,0.030264125,true,true,true,true,0.9952510059906298
270,discovery__discovery_08__teb__delay_200,discovery,discovery_08,teb,delay_200,355a6b600b50409b680ffb0e06ee53d75e1a915fb3142bddfb3a3a3180f9c8d5,true,false,plugin returned no valid velocity command,plugin returned no valid velocity command,false,1,123,615,3.2820164675655916,0.27433046063944744,6.149999999999913,6.149999999999913,1.961265818216584,0.07398518029846057,0.02507997681451611,0.033990827,true,true,true,true,0.30934217998180363
265,discovery__discovery_07__tr__delay_200,discovery,discovery_07,tr,delay_200,355a6b600b50409b680ffb0e06ee53d75e1a915fb3142bddfb3a3a3180f9c8d5,true,true,external_tolerance,external_tolerance,false,0,497,2485,0.033391542467966336,0.0992960229724743,24.850000000001085,24.850000000001085,7.5781440394143775,0.0048338027500626915,0.009842348094567408,0.027846353,true,true,true,true,1.0
268,discovery__discovery_08__tr__delay_050,discovery,discovery_08,tr,delay_050,355a6b600b50409b680ffb0e06ee53d75e1a915fb3142bddfb3a3a3180f9c8d5,true,true,external_tolerance,external_tolerance,false,0,366,1826,0.07454740225018913,0.09917717200675076,18.260000000000055,18.260000000000055,5.890050641355377,0.07922026087630031,0.00990972778415301,0.018121351,true,true,true,true,0.9883764966787775
269,discovery__discovery_11__teb__delay_100,discovery,discovery_11,teb,delay_100,355a6b600b50409b680ffb0e06ee53d75e1a915fb3142bddfb3a3a3180f9c8d5,true,true,external_tolerance,external_tolerance,false,0,252,1258,0.07967946417466272,0.01726580950857875,12.579999999999776,12.579999999999776,5.241338532485821,0.1502971322556223,0.015252632996031749,0.035949835,true,true,true,true,0.9875099403884036
271,holdout__holdout_14__tr__delay_050,holdout,holdout_14,tr,delay_050,355a6b600b50409b680ffb0e06ee53d75e1a915fb3142bddfb3a3a3180f9c8d5,true,true,external_tolerance,external_tolerance,false,0,323,1613,0.07702286130942952,0.09892335001402532,16.129999999999722,16.129999999999722,5.9103871880346945,0.06196407038389107,0.010788845343653253,0.034556563,true,true,true,true,0.989132406371249
267,discovery__discovery_05__teb__delay_200,discovery,discovery_05,teb,delay_200,355a6b600b50409b680ffb0e06ee53d75e1a915fb3142bddfb3a3a3180f9c8d5,true,true,external_tolerance,external_tolerance,false,0,404,2016,0.07950403699612289,0.019776382189306847,20.160000000000352,20.160000000000352,5.61441444300293,0.080111264386243,0.01529126091831684,0.04438135,true,true,true,true,0.9904774141965796
272,holdout__holdout_07__teb__delay_100,holdout,holdout_07,teb,delay_100,355a6b600b50409b680ffb0e06ee53d75e1a915fb3142bddfb3a3a3180f9c8d5,true,true,external_tolerance,external_tolerance,false,0,345,1724,0.07958119529610988,0.08967642810195782,17.239999999999895,17.239999999999895,5.854797979225234,0.15817615854352401,0.015582929469565207,0.041177198,true,true,true,true,0.9886242274974053
273,discovery__discovery_17__teb__tau_w_100,discovery,discovery_17,teb,tau_w_100,355a6b600b50409b680ffb0e06ee53d75e1a915fb3142bddfb3a3a3180f9c8d5,true,true,external_tolerance,external_tolerance,false,0,274,1370,0.0792843880203214,0.073919754778872,13.699999999999752,13.699999999999752,5.6284948670845125,0.0640290656725787,0.016325982726277374,0.028895071,true,true,true,true,0.9866045951275962
277,discovery__discovery_06__teb__e0,discovery,discovery_06,teb,e0,355a6b600b50409b680ffb0e06ee53d75e1a915fb3142bddfb3a3a3180f9c8d5,true,true,external_tolerance,external_tolerance,false,0,222,1108,0.07379644238319959,0.09689579810210909,11.079999999999808,11.079999999999808,4.953761132868166,0.18638350327298792,0.013941486536036033,0.030592383,true,true,true,true,0.9925204199092578
274,holdout__holdout_07__tr__tau_x_100,holdout,holdout_07,tr,tau_x_100,355a6b600b50409b680ffb0e06ee53d75e1a915fb3142bddfb3a3a3180f9c8d5,true,false,logical_timeout,duration,false,0,600,3000,4.525580583442753,0.1608388061373261,30.00000000000189,30.00000000000189,0.9641862645913795,0.20106316536625468,0.0073532670916666674,0.05550442,true,true,true,true,0.13893351691145533
278,discovery__discovery_09__tr__tau_x_100,discovery,discovery_09,tr,tau_x_100,355a6b600b50409b680ffb0e06ee53d75e1a915fb3142bddfb3a3a3180f9c8d5,true,true,external_tolerance,external_tolerance,false,0,261,1301,0.06724170375317473,0.09916977333443759,13.009999999999767,13.009999999999767,5.040229723512004,0.10500844008557043,0.01182593141762452,0.018520891,true,true,true,true,0.9877557691490124
275,discovery__discovery_14__teb__delay_050,discovery,discovery_14,teb,delay_050,355a6b600b50409b680ffb0e06ee53d75e1a915fb3142bddfb3a3a3180f9c8d5,true,true,external_tolerance,external_tolerance,false,0,305,1522,0.024352590194007855,0.09898978198665603,15.21999999999972,15.21999999999972,6.627169438168077,0.08354892339532158,0.01729447729180328,0.032528772,true,true,true,true,1.0
280,discovery__discovery_15__tr__tau_y_300,discovery,discovery_15,tr,tau_y_300,355a6b600b50409b680ffb0e06ee53d75e1a915fb3142bddfb3a3a3180f9c8d5,true,true,external_tolerance,external_tolerance,false,0,258,1289,0.07586524152818265,0.09946618731518192,12.88999999999977,12.88999999999977,4.974057335569873,0.043908923971015604,0.011299141290697666,0.017919014,true,true,true,true,0.9858988584399662
279,holdout__holdout_10__tr__tau_y_300,holdout,holdout_10,tr,tau_y_300,355a6b600b50409b680ffb0e06ee53d75e1a915fb3142bddfb3a3a3180f9c8d5,true,true,external_tolerance,external_tolerance,false,0,327,1634,0.07417082696144532,0.09909948672934431,16.339999999999755,16.339999999999755,5.547947622869081,0.10889274984152322,0.009840127822629975,0.021582936,true,true,true,true,0.9882789318175051
281,discovery__discovery_16__tr__delay_100,discovery,discovery_16,tr,delay_100,355a6b600b50409b680ffb0e06ee53d75e1a915fb3142bddfb3a3a3180f9c8d5,true,true,external_tolerance,external_tolerance,false,0,344,1719,0.0709783632651455,0.09915893434641403,17.189999999999888,17.189999999999888,5.838948862400668,0.09667729235825819,0.009927097194767438,0.019614551,true,true,true,true,0.9889530151593283
276,holdout__holdout_17__tr__tau_w_100,holdout,holdout_17,tr,tau_w_100,355a6b600b50409b680ffb0e06ee53d75e1a915fb3142bddfb3a3a3180f9c8d5,true,false,logical_timeout,duration,false,0,600,3000,3.5695561712629296,0.8138364175334215,30.00000000000189,30.00000000000189,1.288767799906383,0.5555211321924144,0.008816404166666665,0.024377576,true,true,true,true,0.2202667420140847
283,discovery__discovery_05__teb__tau_y_150,discovery,discovery_05,teb,tau_y_150,355a6b600b50409b680ffb0e06ee53d75e1a915fb3142bddfb3a3a3180f9c8d5,true,true,external_tolerance,external_tolerance,false,0,269,1345,0.07910125062133513,0.009001092482989241,13.449999999999758,13.449999999999758,5.611389827271238,0.10761516542313267,0.01571198180297398,0.038922372,true,true,true,true,0.9871566550170017
282,holdout__holdout_08__tr__tau_w_300,holdout,holdout_08,tr,tau_w_300,355a6b600b50409b680ffb0e06ee53d75e1a915fb3142bddfb3a3a3180f9c8d5,true,false,logical_timeout,duration,false,0,600,3000,2.6421167122770775,0.830601013295333,30.00000000000189,30.00000000000189,2.4874580837763047,0.20846164984083107,0.00743165983,0.020620879,true,true,true,true,0.4001363109087394
285,discovery__discovery_05__tr__e0,discovery,discovery_05,tr,e0,355a6b600b50409b680ffb0e06ee53d75e1a915fb3142bddfb3a3a3180f9c8d5,true,true,external_tolerance,external_tolerance,false,0,308,1536,0.07872292068437164,0.09954316576768701,15.359999999999717,15.359999999999717,5.292484959483349,0.05781717511418776,0.009770358753246756,0.037813268,true,true,true,true,0.9868090459544234
287,discovery__discovery_08__teb__tau_x_300,discovery,discovery_08,teb,tau_x_300,355a6b600b50409b680ffb0e06ee53d75e1a915fb3142bddfb3a3a3180f9c8d5,true,false,plugin returned no valid velocity command,plugin returned no valid velocity command,false,1,108,540,3.345871073553703,0.3315629329537793,5.399999999999929,5.399999999999929,1.9123353477556473,0.12049648543078416,0.024378841293577976,0.041072855,true,true,true,true,0.3092581044504289
284,holdout__holdout_03__tr__delay_200,holdout,holdout_03,tr,delay_200,355a6b600b50409b680ffb0e06ee53d75e1a915fb3142bddfb3a3a3180f9c8d5,true,false,logical_timeout,duration,false,0,600,3000,4.371467343760685,0.7444791267669355,30.00000000000189,30.00000000000189,2.0562595217172306,0.4558769477123778,0.006086668043333332,0.022063928,true,true,true,true,0.10896455053509964
291,holdout__holdout_04__tr__tau_x_100,holdout,holdout_04,tr,tau_x_100,355a6b600b50409b680ffb0e06ee53d75e1a915fb3142bddfb3a3a3180f9c8d5,true,true,external_tolerance,external_tolerance,false,0,264,1319,0.07046685231187493,0.09986504073316635,13.189999999999763,13.189999999999763,4.971089924534596,0.07116045627062009,0.011457162049242416,0.036904013,true,true,true,true,0.9867797061668651
289,holdout__holdout_11__tr__tau_y_150,holdout,holdout_11,tr,tau_y_150,355a6b600b50409b680ffb0e06ee53d75e1a915fb3142bddfb3a3a3180f9c8d5,true,true,external_tolerance,external_tolerance,false,0,371,1854,0.07489866562122394,0.09922413517198979,18.5400000000001,18.5400000000001,6.538922205467038,0.07250712027378423,0.010000490962264144,0.024874742,true,true,true,true,0.989563270285207
293,discovery__discovery_18__tr__tau_x_100,discovery,discovery_18,tr,tau_x_100,355a6b600b50409b680ffb0e06ee53d75e1a915fb3142bddfb3a3a3180f9c8d5,true,true,external_tolerance,external_tolerance,false,0,249,1241,0.07983723340290223,0.07482573049609147,12.40999999999978,12.40999999999978,4.97509404253828,0.13319618662044402,0.011751518040160653,0.022656774,true,true,true,true,0.9851178992869863
290,discovery__discovery_20__tr__tau_y_300,discovery,discovery_20,tr,tau_y_300,355a6b600b50409b680ffb0e06ee53d75e1a915fb3142bddfb3a3a3180f9c8d5,true,false,logical_timeout,duration,false,0,600,3000,4.477925491040854,0.46982372728813226,30.00000000000189,30.00000000000189,0.6276633829738665,0.4407517026941757,0.00673198873833334,0.024523967,true,true,true,true,0.07151112764225992
288,holdout__holdout_09__tr__tau_y_500,holdout,holdout_09,tr,tau_y_500,355a6b600b50409b680ffb0e06ee53d75e1a915fb3142bddfb3a3a3180f9c8d5,true,false,logical_timeout,duration,false,0,600,3000,1.7119091268047086,0.810425318288643,30.00000000000189,30.00000000000189,3.7894218729281257,0.15730482569321697,0.008814974185000003,0.025441252,true,true,true,true,0.5389139157460454
286,discovery__discovery_07__teb__delay_050,discovery,discovery_07,teb,delay_050,355a6b600b50409b680ffb0e06ee53d75e1a915fb3142bddfb3a3a3180f9c8d5,true,true,external_tolerance,external_tolerance,false,0,304,1516,0.04868070948019269,0.09502336980659548,15.159999999999721,15.159999999999721,6.303909319626298,0.12992087423979765,0.021811165167763148,0.050490137,true,true,true,true,0.9932982309103211
296,discovery__discovery_08__teb__tau_y_300,discovery,discovery_08,teb,tau_y_300,355a6b600b50409b680ffb0e06ee53d75e1a915fb3142bddfb3a3a3180f9c8d5,true,false,plugin returned no valid velocity command,plugin returned no valid velocity command,false,1,89,445,3.3278841523667317,0.3588951428602451,4.4499999999999496,4.4499999999999496,1.9026334894256096,0.1137017223976704,0.022315864388888888,0.03394886,true,true,true,true,0.3045908577238397
295,holdout__holdout_15__teb__e0,holdout,holdout_15,teb,e0,355a6b600b50409b680ffb0e06ee53d75e1a915fb3142bddfb3a3a3180f9c8d5,true,true,external_tolerance,external_tolerance,false,0,257,1284,0.07639840480012801,0.07812678847097818,12.83999999999977,12.83999999999977,5.579772386959828,0.22254036248576806,0.013676805143968867,0.036426471,true,true,true,true,0.9872336494286568
292,discovery__discovery_10__teb__tau_w_100,discovery,discovery_10,teb,tau_w_100,355a6b600b50409b680ffb0e06ee53d75e1a915fb3142bddfb3a3a3180f9c8d5,true,true,external_tolerance,external_tolerance,false,0,282,1406,0.07947250246169928,0.0010975923793819901,14.059999999999745,14.059999999999745,5.484506521936705,0.14714814019870276,0.020645828503546095,0.04443784,true,true,true,true,0.9876463545236172
298,discovery__discovery_15__tr__delay_050,discovery,discovery_15,tr,delay_050,355a6b600b50409b680ffb0e06ee53d75e1a915fb3142bddfb3a3a3180f9c8d5,true,true,external_tolerance,external_tolerance,false,0,263,1314,0.06892440464187907,0.0998650365736371,13.139999999999764,13.139999999999764,5.005761682112227,0.1359565896618733,0.010861202266159694,0.017977674,true,true,true,true,0.9871005337863922
297,discovery__discovery_05__teb__tau_x_100,discovery,discovery_05,teb,tau_x_100,355a6b600b50409b680ffb0e06ee53d75e1a915fb3142bddfb3a3a3180f9c8d5,true,true,external_tolerance,external_tolerance,false,0,252,1259,0.07579923733396315,0.02320497419084661,12.589999999999776,12.589999999999776,5.523145831993445,0.13628064696134415,0.014880189539682545,0.035193787,true,true,true,true,0.9872890316014205
299,holdout__holdout_12__tr__tau_x_300,holdout,holdout_12,tr,tau_x_300,355a6b600b50409b680ffb0e06ee53d75e1a915fb3142bddfb3a3a3180f9c8d5,true,true,external_tolerance,external_tolerance,false,0,258,1288,0.07959365166830908,0.007852021763958822,12.87999999999977,12.87999999999977,4.949169600615951,0.03865275486608558,0.01133579315891472,0.01941381,true,true,true,true,0.9861434740568308
294,discovery__discovery_09__teb__delay_200,discovery,discovery_09,teb,delay_200,355a6b600b50409b680ffb0e06ee53d75e1a915fb3142bddfb3a3a3180f9c8d5,true,true,external_tolerance,external_tolerance,false,0,413,2063,0.04283260873533698,0.0985421192156216,20.630000000000425,20.630000000000425,5.581436900302144,0.10538512753805884,0.01778193113075061,0.042323306,true,true,true,true,0.9944323201883911
305,holdout__holdout_03__teb__tau_w_300,holdout,holdout_03,teb,tau_w_300,355a6b600b50409b680ffb0e06ee53d75e1a915fb3142bddfb3a3a3180f9c8d5,true,false,plugin returned no valid velocity command,plugin returned no valid velocity command,false,1,71,355,3.5299707480471816,0.31757084517439876,3.5499999999999683,3.5499999999999683,1.7443862186060013,0.04002878281625111,0.02406377181944444,0.037202357,true,true,true,true,0.308536498771176
300,holdout__holdout_11__tr__delay_100,holdout,holdout_11,tr,delay_100,355a6b600b50409b680ffb0e06ee53d75e1a915fb3142bddfb3a3a3180f9c8d5,true,true,external_tolerance,external_tolerance,false,0,383,1913,0.06707131149275616,0.09895965797001538,19.13000000000019,19.13000000000019,6.6469562782732226,0.09469169791024248,0.009354719464751958,0.019377991,true,true,true,true,0.9905816116103048
304,discovery__discovery_15__tr__tau_x_300,discovery,discovery_15,tr,tau_x_300,355a6b600b50409b680ffb0e06ee53d75e1a915fb3142bddfb3a3a3180f9c8d5,true,true,external_tolerance,external_tolerance,false,0,258,1286,0.07837053715185874,0.00781303171729795,12.85999999999977,12.85999999999977,5.0799604886204515,0.16129334883130841,0.01165354096124031,0.016766552,true,true,true,true,0.9854663639286568
302,holdout__holdout_06__teb__tau_x_100,holdout,holdout_06,teb,tau_x_100,355a6b600b50409b680ffb0e06ee53d75e1a915fb3142bddfb3a3a3180f9c8d5,true,true,external_tolerance,external_tolerance,false,0,252,1257,0.06230166289770548,0.09783463221455843,12.569999999999776,12.569999999999776,5.046035993515712,0.18242542338689716,0.016204070388888887,0.051997288,true,true,true,true,0.9937694028748534
303,discovery__discovery_04__teb__tau_y_300,discovery,discovery_04,teb,tau_y_300,355a6b600b50409b680ffb0e06ee53d75e1a915fb3142bddfb3a3a3180f9c8d5,true,true,external_tolerance,external_tolerance,false,0,293,1464,0.06351035152318134,0.09847578892440667,14.639999999999732,14.639999999999732,5.729871185603613,0.15983714370699348,0.014360715662116025,0.032171312,true,true,true,true,0.9927228379630174
308,discovery__discovery_19__teb__delay_050,discovery,discovery_19,teb,delay_050,355a6b600b50409b680ffb0e06ee53d75e1a915fb3142bddfb3a3a3180f9c8d5,true,true,external_tolerance,external_tolerance,false,0,227,1133,0.07439674659969259,0.09944011351188041,11.329999999999803,11.329999999999803,4.948972842359409,0.12006079731528455,0.01244069088105727,0.025772668,true,true,true,true,1.0
301,discovery__discovery_02__tr__tau_x_100,discovery,discovery_02,tr,tau_x_100,355a6b600b50409b680ffb0e06ee53d75e1a915fb3142bddfb3a3a3180f9c8d5,true,false,logical_timeout,duration,false,0,600,3000,4.3769816795562555,0.7717942165211533,30.00000000000189,30.00000000000189,0.5424432469919069,0.7861967793383219,0.007744349913333326,0.017917052,true,true,true,true,0.09338172338438698
306,holdout__holdout_01__teb__delay_200,holdout,holdout_01,teb,delay_200,355a6b600b50409b680ffb0e06ee53d75e1a915fb3142bddfb3a3a3180f9c8d5,true,true,external_tolerance,external_tolerance,false,0,346,1726,0.01913891557068296,0.09446743688997322,17.2599999999999,17.2599999999999,5.705413783995589,0.17563332266505122,0.014080221294797692,0.033109517,true,true,true,true,1.0
307,discovery__discovery_12__teb__tau_x_100,discovery,discovery_12,teb,tau_x_100,355a6b600b50409b680ffb0e06ee53d75e1a915fb3142bddfb3a3a3180f9c8d5,true,true,external_tolerance,external_tolerance,false,0,262,1307,0.041337321328648126,0.0962596118822527,13.069999999999766,13.069999999999766,5.835242267671004,0.13476626851826357,0.019647610656488533,0.039181994,true,true,true,true,0.9932492904874662
309,holdout__holdout_04__teb__tau_x_300,holdout,holdout_04,teb,tau_x_300,355a6b600b50409b680ffb0e06ee53d75e1a915fb3142bddfb3a3a3180f9c8d5,true,true,external_tolerance,external_tolerance,false,0,247,1235,0.05821184076272246,0.09904303517467693,12.349999999999781,12.349999999999781,5.039815834344939,0.06031545438394735,0.017497598433198373,0.035719594,true,true,true,true,0.9942270956790132
312,discovery__discovery_06__teb__delay_050,discovery,discovery_06,teb,delay_050,355a6b600b50409b680ffb0e06ee53d75e1a915fb3142bddfb3a3a3180f9c8d5,true,true,external_tolerance,external_tolerance,false,0,233,1163,0.07992582057193745,0.09565169685842308,11.629999999999797,11.629999999999797,4.940896342027124,0.17392484133053862,0.013124313605150208,0.027540893,true,true,true,true,0.9920777354384628
313,discovery__discovery_05__tr__tau_x_100,discovery,discovery_05,tr,tau_x_100,355a6b600b50409b680ffb0e06ee53d75e1a915fb3142bddfb3a3a3180f9c8d5,true,true,external_tolerance,external_tolerance,false,0,301,1501,0.06366769726264906,0.09914533097315675,15.009999999999724,15.009999999999724,5.361080645052692,0.05924530600879095,0.010051345003322254,0.046980631,true,true,true,true,0.9893942929570991
311,discovery__discovery_20__tr__delay_050,discovery,discovery_20,tr,delay_050,355a6b600b50409b680ffb0e06ee53d75e1a915fb3142bddfb3a3a3180f9c8d5,true,false,logical_timeout,duration,false,0,600,3000,4.480310551068433,0.6090941268950789,30.00000000000189,30.00000000000189,0.614930111997917,0.47560924125357246,0.006533363504999999,0.024594866,true,true,true,true,0.07182366302909958
310,holdout__holdout_13__tr__e0,holdout,holdout_13,tr,e0,355a6b600b50409b680ffb0e06ee53d75e1a915fb3142bddfb3a3a3180f9c8d5,true,false,logical_timeout,duration,false,0,600,3000,4.179462731485598,0.9471061930060312,30.00000000000189,30.00000000000189,1.093797808939638,0.37647510903493187,0.00864882163666666,0.024341774,true,true,true,true,0.1722862310162096
314,holdout__holdout_14__teb__tau_y_500,holdout,holdout_14,teb,tau_y_500,355a6b600b50409b680ffb0e06ee53d75e1a915fb3142bddfb3a3a3180f9c8d5,true,true,external_tolerance,external_tolerance,false,0,375,1875,0.024714831236654064,0.0988310472062677,18.75000000000013,18.75000000000013,6.1843275759546446,0.0744226679000959,0.014744442978666655,0.030151552,true,true,true,true,0.9973857378586514
319,holdout__holdout_04__tr__tau_w_300,holdout,holdout_04,tr,tau_w_300,355a6b600b50409b680ffb0e06ee53d75e1a915fb3142bddfb3a3a3180f9c8d5,true,true,external_tolerance,external_tolerance,false,0,246,1226,0.07998995064523562,0.09788408360879268,12.259999999999783,12.259999999999783,4.981398153723629,0.06610070658891755,0.012272345833333335,0.024236241,true,true,true,true,0.984993504773531
316,discovery__discovery_14__teb__tau_y_150,discovery,discovery_14,teb,tau_y_150,355a6b600b50409b680ffb0e06ee53d75e1a915fb3142bddfb3a3a3180f9c8d5,true,true,external_tolerance,external_tolerance,false,0,329,1644,0.013638423555398321,0.09693435830748853,16.43999999999977,16.43999999999977,6.769985785241376,0.06400076320685126,0.017583193920972635,0.032795523,true,true,true,true,0.998268142493672
315,discovery__discovery_12__tr__delay_200,discovery,discovery_12,tr,delay_200,355a6b600b50409b680ffb0e06ee53d75e1a915fb3142bddfb3a3a3180f9c8d5,true,false,logical_timeout,duration,false,0,600,3000,4.34024076546097,0.9953920329283956,30.00000000000189,30.00000000000189,3.007784935133651,0.5262349644318645,0.00924174357,0.025501984,true,true,true,true,0.10797121717203476
318,holdout__holdout_19__teb__tau_w_100,holdout,holdout_19,teb,tau_w_100,355a6b600b50409b680ffb0e06ee53d75e1a915fb3142bddfb3a3a3180f9c8d5,true,true,external_tolerance,external_tolerance,false,0,306,1529,0.07830642667201483,0.08735558538317172,15.289999999999718,15.289999999999718,5.953326052608456,0.20402616733885462,0.017516719281045732,0.038268278,true,true,true,true,0.9875226529824204
317,holdout__holdout_17__tr__delay_200,holdout,holdout_17,tr,delay_200,355a6b600b50409b680ffb0e06ee53d75e1a915fb3142bddfb3a3a3180f9c8d5,true,false,logical_timeout,duration,false,0,600,3000,3.570179904606576,0.8385886876145212,30.00000000000189,30.00000000000189,1.8505607980918963,0.5658109742142999,0.008739231173333339,0.055937494,true,true,true,true,0.22039239286634363
320,holdout__holdout_10__teb__e0,holdout,holdout_10,teb,e0,355a6b600b50409b680ffb0e06ee53d75e1a915fb3142bddfb3a3a3180f9c8d5,true,true,external_tolerance,external_tolerance,false,0,259,1291,0.01918856065611588,0.09994620870433701,12.90999999999977,12.90999999999977,5.790758234050448,0.11828636369282552,0.01672074582625484,0.03266677,true,true,true,true,0.9968680758393378
323,holdout__holdout_20__tr__tau_w_100,holdout,holdout_20,tr,tau_w_100,355a6b600b50409b680ffb0e06ee53d75e1a915fb3142bddfb3a3a3180f9c8d5,true,true,external_tolerance,external_tolerance,false,0,259,1295,0.07729040068778456,0.0997566613922899,12.949999999999768,12.949999999999768,4.890658334955719,0.07893500340035882,0.011438214216216212,0.023781577,true,true,true,true,0.9854923788627066
322,discovery__discovery_13__tr__e0,discovery,discovery_13,tr,e0,355a6b600b50409b680ffb0e06ee53d75e1a915fb3142bddfb3a3a3180f9c8d5,true,true,external_tolerance,external_tolerance,false,0,436,2177,0.07416013218825386,0.09965250652548986,21.770000000000604,21.770000000000604,5.876100708903748,0.03367961231317305,0.009825524619266059,0.047791688,true,true,true,true,0.9882647861567073
321,discovery__discovery_02__tr__delay_200,discovery,discovery_02,tr,delay_200,355a6b600b50409b680ffb0e06ee53d75e1a915fb3142bddfb3a3a3180f9c8d5,true,false,logical_timeout,duration,false,0,600,3000,4.384872975152625,0.8310092065483303,30.00000000000189,30.00000000000189,0.5904697241864011,0.7575944485015269,0.0077029850149999924,0.054965877,true,true,true,true,0.09154581802754139
325,discovery__discovery_17__teb__tau_y_150,discovery,discovery_17,teb,tau_y_150,355a6b600b50409b680ffb0e06ee53d75e1a915fb3142bddfb3a3a3180f9c8d5,true,true,external_tolerance,external_tolerance,false,0,297,1482,0.0799247957560564,0.047711546684868926,14.819999999999729,14.819999999999729,5.81606494927629,0.03103362744094756,0.01561529166666668,0.032526305,true,true,true,true,0.988015640787912
326,holdout__holdout_02__tr__tau_x_300,holdout,holdout_02,tr,tau_x_300,355a6b600b50409b680ffb0e06ee53d75e1a915fb3142bddfb3a3a3180f9c8d5,true,true,external_tolerance,external_tolerance,false,0,402,2010,0.04369345834691738,0.09927400179194747,20.100000000000342,20.100000000000342,5.643023011318531,0.14497696198278193,0.009335445049751248,0.025012831,true,true,true,true,1.0
324,holdout__holdout_19__teb__tau_w_300,holdout,holdout_19,teb,tau_w_300,355a6b600b50409b680ffb0e06ee53d75e1a915fb3142bddfb3a3a3180f9c8d5,true,true,external_tolerance,external_tolerance,false,0,400,1996,0.045386489243153756,0.09628797646579151,19.96000000000032,19.96000000000032,5.963996521007345,0.19532019044945093,0.016372096805,0.037629221,true,true,true,true,0.9927680794900365
327,holdout__holdout_18__teb__tau_w_100,holdout,holdout_18,teb,tau_w_100,355a6b600b50409b680ffb0e06ee53d75e1a915fb3142bddfb3a3a3180f9c8d5,true,true,external_tolerance,external_tolerance,false,0,305,1525,0.0314429603336539,0.0973503272649938,15.24999999999972,15.24999999999972,5.8169115257663755,0.23680092079013884,0.01755858741311475,0.048809902,true,true,true,true,0.9949325379073568
329,discovery__discovery_07__tr__delay_100,discovery,discovery_07,tr,delay_100,355a6b600b50409b680ffb0e06ee53d75e1a915fb3142bddfb3a3a3180f9c8d5,true,true,external_tolerance,external_tolerance,false,0,352,1759,0.07600950948874677,0.09832789803991464,17.58999999999995,17.58999999999995,6.516594330323227,0.07919604953741954,0.011559922622159087,0.027464374,true,true,true,true,0.990281592914445
328,holdout__holdout_18__teb__tau_x_100,holdout,holdout_18,teb,tau_x_100,355a6b600b50409b680ffb0e06ee53d75e1a915fb3142bddfb3a3a3180f9c8d5,true,true,external_tolerance,external_tolerance,false,0,275,1372,0.005871959386847401,0.09683958345515727,13.719999999999752,13.719999999999752,5.845057826620236,0.24111630261767575,0.01801170541818181,0.039446979,true,true,true,true,0.9996792233593044
331,holdout__holdout_17__teb__tau_x_100,holdout,holdout_17,teb,tau_x_100,355a6b600b50409b680ffb0e06ee53d75e1a915fb3142bddfb3a3a3180f9c8d5,true,true,external_tolerance,external_tolerance,false,0,244,1220,0.06086081833832002,0.09656207700279636,12.199999999999784,12.199999999999784,5.542207457759068,0.09459978860759233,0.01955253898770491,0.042923445,true,true,true,true,0.9959119646664167
333,discovery__discovery_13__tr__tau_x_100,discovery,discovery_13,tr,tau_x_100,355a6b600b50409b680ffb0e06ee53d75e1a915fb3142bddfb3a3a3180f9c8d5,true,true,external_tolerance,external_tolerance,false,0,399,1995,0.06958446208621254,0.09916631196811687,19.95000000000032,19.95000000000032,5.886234611284904,0.056800860311942654,0.009554441639097742,0.027065434,true,true,true,true,0.9889457535351055
330,holdout__holdout_05__teb__delay_100,holdout,holdout_05,teb,delay_100,355a6b600b50409b680ffb0e06ee53d75e1a915fb3142bddfb3a3a3180f9c8d5,true,true,external_tolerance,external_tolerance,false,0,324,1619,0.07937311191323068,0.08023238950490802,16.18999999999973,16.18999999999973,5.3092301899013865,0.11508067651054008,0.018034962293209885,0.043273927,true,true,true,true,0.9879186767002577
335,holdout__holdout_16__teb__tau_y_500,holdout,holdout_16,teb,tau_y_500,355a6b600b50409b680ffb0e06ee53d75e1a915fb3142bddfb3a3a3180f9c8d5,true,true,external_tolerance,external_tolerance,false,0,355,1772,0.07925015376715802,0.0885950410664301,17.71999999999997,17.71999999999997,5.559635359250319,0.11182865648741551,0.01259891853239437,0.033739814,true,true,true,true,0.9943000044613065
332,holdout__holdout_13__teb__delay_100,holdout,holdout_13,teb,delay_100,355a6b600b50409b680ffb0e06ee53d75e1a915fb3142bddfb3a3a3180f9c8d5,true,true,external_tolerance,external_tolerance,false,0,329,1642,0.049983549206958904,0.09937789211281087,16.419999999999767,16.419999999999767,5.949616225818405,0.10310175753027441,0.020289923328267463,0.049084364,true,true,true,true,0.9919254644268046
337,discovery__discovery_03__teb__tau_y_500,discovery,discovery_03,teb,tau_y_500,355a6b600b50409b680ffb0e06ee53d75e1a915fb3142bddfb3a3a3180f9c8d5,true,true,external_tolerance,external_tolerance,false,0,361,1802,0.057710181807228686,0.09625212644610873,18.020000000000017,18.020000000000017,5.782318184355407,0.12894025809766108,0.012799434950138496,0.023768487,true,true,true,true,0.9919439659887681
334,holdout__holdout_13__teb__tau_w_300,holdout,holdout_13,teb,tau_w_300,355a6b600b50409b680ffb0e06ee53d75e1a915fb3142bddfb3a3a3180f9c8d5,true,true,external_tolerance,external_tolerance,false,0,421,2102,0.03606344237296899,0.0957213676223586,21.020000000000486,21.020000000000486,5.8890926884977235,0.05799254801347354,0.019369958168646086,0.05479989,true,true,true,true,0.9941276189088047
341,discovery__discovery_15__tr__tau_x_100,discovery,discovery_15,tr,tau_x_100,355a6b600b50409b680ffb0e06ee53d75e1a915fb3142bddfb3a3a3180f9c8d5,true,true,external_tolerance,external_tolerance,false,0,258,1287,0.07351037993049817,0.09975599466778935,12.86999999999977,12.86999999999977,5.009680389795566,0.12991106599502084,0.011837741356589137,0.026736556,true,true,true,true,0.9862469848051562
336,discovery__discovery_07__teb__tau_y_150,discovery,discovery_07,teb,tau_y_150,355a6b600b50409b680ffb0e06ee53d75e1a915fb3142bddfb3a3a3180f9c8d5,true,true,external_tolerance,external_tolerance,false,0,316,1578,0.07882443528357604,0.09092177184308882,15.779999999999708,15.779999999999708,6.499553561707878,0.09864953986545233,0.01967869788291137,0.0555195,true,true,true,true,0.9930265455640596
338,holdout__holdout_02__teb__delay_200,holdout,holdout_02,teb,delay_200,355a6b600b50409b680ffb0e06ee53d75e1a915fb3142bddfb3a3a3180f9c8d5,true,true,external_tolerance,external_tolerance,false,0,322,1609,0.07875416878750653,0.09579451305991597,16.089999999999716,16.089999999999716,5.246716168956629,0.0968513751270955,0.01769630310248447,0.043067524,true,true,true,true,0.9870836417411771
342,holdout__holdout_10__tr__tau_x_100,holdout,holdout_10,tr,tau_x_100,355a6b600b50409b680ffb0e06ee53d75e1a915fb3142bddfb3a3a3180f9c8d5,true,true,external_tolerance,external_tolerance,false,0,337,1681,0.066782654309009,0.09930453005092821,16.809999999999828,16.809999999999828,5.718777065099106,0.13403323251256408,0.010148574976261131,0.022028625,true,true,true,true,0.9890482064313233
340,holdout__holdout_17__teb__tau_y_500,holdout,holdout_17,teb,tau_y_500,355a6b600b50409b680ffb0e06ee53d75e1a915fb3142bddfb3a3a3180f9c8d5,true,false,plugin returned no valid velocity command,plugin returned no valid velocity command,false,1,224,1120,2.0026237268604445,0.21091710091597338,11.199999999999806,11.199999999999806,3.685985929940329,0.010998412644544452,0.02757669235999999,0.052778027,true,true,true,true,0.6111438871496256
339,holdout__holdout_13__teb__tau_w_100,holdout,holdout_13,teb,tau_w_100,355a6b600b50409b680ffb0e06ee53d75e1a915fb3142bddfb3a3a3180f9c8d5,true,true,external_tolerance,external_tolerance,false,0,312,1560,0.05928791790368622,0.09865604484894451,15.599999999999712,15.599999999999712,5.899972221792592,0.10264534007467363,0.019786934769230772,0.048108709,true,true,true,true,0.9903480362681142
345,discovery__discovery_09__tr__delay_100,discovery,discovery_09,tr,delay_100,355a6b600b50409b680ffb0e06ee53d75e1a915fb3142bddfb3a3a3180f9c8d5,true,true,external_tolerance,external_tolerance,false,0,242,1209,0.07794490383744347,0.09773168812040084,12.089999999999787,12.089999999999787,5.035219567662561,0.04785414740945828,0.012056770487603305,0.058881789,true,true,true,true,0.9877942459182396
343,holdout__holdout_03__tr__tau_y_150,holdout,holdout_03,tr,tau_y_150,355a6b600b50409b680ffb0e06ee53d75e1a915fb3142bddfb3a3a3180f9c8d5,true,false,logical_timeout,duration,false,0,600,3000,4.402941988476637,0.7285362015478093,30.00000000000189,30.00000000000189,0.7938097694816364,0.5944392919461965,0.006950311834999998,0.063039885,true,true,true,true,0.09902919889312492
344,holdout__holdout_12__teb__tau_y_300,holdout,holdout_12,teb,tau_y_300,355a6b600b50409b680ffb0e06ee53d75e1a915fb3142bddfb3a3a3180f9c8d5,true,true,external_tolerance,external_tolerance,false,0,316,1580,0.07917026169389375,0.06755902461216659,15.799999999999708,15.799999999999708,5.178295695428528,0.010315233875119772,0.015135538316455682,0.06386861,true,true,true,true,0.9998730603409647
346,holdout__holdout_14__tr__tau_x_300,holdout,holdout_14,tr,tau_x_300,355a6b600b50409b680ffb0e06ee53d75e1a915fb3142bddfb3a3a3180f9c8d5,true,true,external_tolerance,external_tolerance,false,0,438,2186,0.03685728415206546,0.09973760533349253,21.860000000000618,21.860000000000618,6.543604173246255,0.0401672258859942,0.009475995890410953,0.02222351,true,true,true,true,1.0
347,holdout__holdout_06__tr__tau_w_100,holdout,holdout_06,tr,tau_w_100,355a6b600b50409b680ffb0e06ee53d75e1a915fb3142bddfb3a3a3180f9c8d5,true,true,external_tolerance,external_tolerance,false,0,260,1300,0.07435510181004067,0.09910746015137561,12.999999999999767,12.999999999999767,4.919222495958893,0.059023572271568465,0.011027624642307698,0.020315237,true,true,true,true,0.986039186698159
348,holdout__holdout_10__tr__e0,holdout,holdout_10,tr,e0,355a6b600b50409b680ffb0e06ee53d75e1a915fb3142bddfb3a3a3180f9c8d5,true,true,external_tolerance,external_tolerance,false,0,332,1657,0.07546493114236431,0.09912504939716658,16.56999999999979,16.56999999999979,5.724113390849763,0.13623932905666641,0.010071721566265061,0.022960214,true,true,true,true,0.987691787749909
350,discovery__discovery_14__tr__tau_w_100,discovery,discovery_14,tr,tau_w_100,355a6b600b50409b680ffb0e06ee53d75e1a915fb3142bddfb3a3a3180f9c8d5,true,false,logical_timeout,duration,false,0,600,3000,2.6405804295014734,0.8401340645600631,30.00000000000189,30.00000000000189,2.589763051697077,0.1248643263749112,0.007611765754999997,0.046282443,true,true,true,true,0.3688401432815428
349,holdout__holdout_08__tr__tau_y_300,holdout,holdout_08,tr,tau_y_300,355a6b600b50409b680ffb0e06ee53d75e1a915fb3142bddfb3a3a3180f9c8d5,true,false,logical_timeout,duration,false,0,600,3000,2.6415727249246483,0.7707117483602319,30.00000000000189,30.00000000000189,2.4678199921428337,0.2033393866020154,0.007967936686666684,0.021361161,true,true,true,true,0.39864995491621635
354,holdout__holdout_06__tr__tau_w_300,holdout,holdout_06,tr,tau_w_300,355a6b600b50409b680ffb0e06ee53d75e1a915fb3142bddfb3a3a3180f9c8d5,true,true,external_tolerance,external_tolerance,false,0,297,1481,0.07954674843858399,0.09894446984614198,14.809999999999729,14.809999999999729,4.919669400635259,0.07004015203914761,0.010414344232323222,0.0528683,true,true,true,true,0.985154604808332
351,discovery__discovery_02__tr__tau_y_150,discovery,discovery_02,tr,tau_y_150,355a6b600b50409b680ffb0e06ee53d75e1a915fb3142bddfb3a3a3180f9c8d5,true,false,logical_timeout,duration,false,0,600,3000,4.377429806718021,0.7115773269906429,30.00000000000189,30.00000000000189,0.5152657936199385,0.787806193966784,0.00790894007499999,0.029865746,true,true,true,true,0.09268114873190736
352,discovery__discovery_14__tr__tau_y_150,discovery,discovery_14,tr,tau_y_150,355a6b600b50409b680ffb0e06ee53d75e1a915fb3142bddfb3a3a3180f9c8d5,true,false,logical_timeout,duration,false,0,600,3000,2.6429159380865928,0.6794843059032999,30.00000000000189,30.00000000000189,2.512590826743812,0.14894222580538316,0.007418539198333332,0.056930653,true,true,true,true,0.3693201677303209
355,discovery__discovery_16__teb__e0,discovery,discovery_16,teb,e0,355a6b600b50409b680ffb0e06ee53d75e1a915fb3142bddfb3a3a3180f9c8d5,true,true,external_tolerance,external_tolerance,false,0,278,1390,0.01768914863161069,0.09825566009769951,13.899999999999748,13.899999999999748,6.008999884507039,0.20729285962149838,0.015380765856115114,0.028445777,true,true,true,true,0.9972175352009836
357,discovery__discovery_17__teb__e0,discovery,discovery_17,teb,e0,355a6b600b50409b680ffb0e06ee53d75e1a915fb3142bddfb3a3a3180f9c8d5,true,true,external_tolerance,external_tolerance,false,0,250,1250,0.07964671443499961,0.030431514973537025,12.499999999999778,12.499999999999778,5.650874968096419,0.11074787468146591,0.016675606012000004,0.031553478,true,true,true,true,0.9865444428462702
353,discovery__discovery_12__teb__tau_y_150,discovery,discovery_12,teb,tau_y_150,355a6b600b50409b680ffb0e06ee53d75e1a915fb3142bddfb3a3a3180f9c8d5,true,true,external_tolerance,external_tolerance,false,0,272,1356,0.051541472736831434,0.09649080678169782,13.559999999999755,13.559999999999755,5.854088874344625,0.15908130769999299,0.020862773952205902,0.04083585,true,true,true,true,0.9921382833175544
358,discovery__discovery_11__teb__tau_x_300,discovery,discovery_11,teb,tau_x_300,355a6b600b50409b680ffb0e06ee53d75e1a915fb3142bddfb3a3a3180f9c8d5,true,true,external_tolerance,external_tolerance,false,0,240,1200,0.07740935027784956,0.01149498635093274,11.999999999999789,11.999999999999789,5.1222760683492154,0.12657436843207776,0.01665983367083333,0.038359662,true,true,true,true,0.987984914678013
359,discovery__discovery_04__teb__tau_w_100,discovery,discovery_04,teb,tau_w_100,355a6b600b50409b680ffb0e06ee53d75e1a915fb3142bddfb3a3a3180f9c8d5,true,true,external_tolerance,external_tolerance,false,0,287,1434,0.04105834909470158,0.09645147253206578,14.339999999999739,14.339999999999739,5.6194264891601975,0.11686826744604158,0.014624884937282244,0.035196221,true,true,true,true,0.9946362094052809
356,discovery__discovery_04__teb__tau_w_300,discovery,discovery_04,teb,tau_w_300,355a6b600b50409b680ffb0e06ee53d75e1a915fb3142bddfb3a3a3180f9c8d5,true,true,external_tolerance,external_tolerance,false,0,442,2208,0.02952672836970859,0.09653469201654828,22.080000000000652,22.080000000000652,5.669082608382043,0.10228775932817238,0.014647059006787314,0.034075758,true,true,true,true,0.9970817622811866
360,discovery__discovery_03__teb__tau_w_300,discovery,discovery_03,teb,tau_w_300,355a6b600b50409b680ffb0e06ee53d75e1a915fb3142bddfb3a3a3180f9c8d5,true,true,external_tolerance,external_tolerance,false,0,410,2047,0.03227263827861515,0.09539337193844219,20.4700000000004,20.4700000000004,5.474677522659313,0.14134713760476475,0.011968879909756114,0.02806122,true,true,true,true,0.9960406017795468
361,discovery__discovery_01__teb__tau_x_300,discovery,discovery_01,teb,tau_x_300,355a6b600b50409b680ffb0e06ee53d75e1a915fb3142bddfb3a3a3180f9c8d5,true,true,external_tolerance,external_tolerance,false,0,370,1850,0.07673608280356606,0.0640432501018716,18.500000000000092,18.500000000000092,6.81952195938642,0.05865596753890292,0.01349466504324324,0.026810104,true,true,true,true,1.0
365,holdout__holdout_07__tr__tau_y_150,holdout,holdout_07,tr,tau_y_150,355a6b600b50409b680ffb0e06ee53d75e1a915fb3142bddfb3a3a3180f9c8d5,true,true,external_tolerance,external_tolerance,false,0,416,2077,0.0784547977577731,0.09922578926941716,20.770000000000447,20.770000000000447,5.678246529956097,0.007825505325042965,0.009720635774038453,0.023135515,true,true,true,true,0.9871354234519215
362,holdout__holdout_11__teb__tau_x_300,holdout,holdout_11,teb,tau_x_300,355a6b600b50409b680ffb0e06ee53d75e1a915fb3142bddfb3a3a3180f9c8d5,true,false,plugin returned no valid velocity command,plugin returned no valid velocity command,false,1,260,1300,1.4320427797785955,0.7685496420334914,12.999999999999767,12.999999999999767,5.148743317515943,0.03804249754611111,0.02535298343295018,0.038818488,true,true,true,true,0.7431582165211179
370,discovery__discovery_10__tr__delay_100,discovery,discovery_10,tr,delay_100,355a6b600b50409b680ffb0e06ee53d75e1a915fb3142bddfb3a3a3180f9c8d5,true,true,external_tolerance,external_tolerance,false,0,276,1376,0.04273828528710473,0.0995003009332992,13.759999999999751,13.759999999999751,5.286481041005128,0.08986233315785976,0.011924145782608697,0.055653678,true,true,true,true,0.996193598845733
364,holdout__holdout_03__tr__tau_w_300,holdout,holdout_03,tr,tau_w_300,355a6b600b50409b680ffb0e06ee53d75e1a915fb3142bddfb3a3a3180f9c8d5,true,false,logical_timeout,duration,false,0,600,3000,4.331364482518271,1.0004693401245413,30.00000000000189,30.00000000000189,0.8462805491597957,0.5453517786466436,0.008977979341666668,0.043857934,true,true,true,true,0.1133146298862408
371,holdout__holdout_12__tr__delay_100,holdout,holdout_12,tr,delay_100,355a6b600b50409b680ffb0e06ee53d75e1a915fb3142bddfb3a3a3180f9c8d5,true,true,external_tolerance,external_tolerance,false,0,276,1377,0.06791528388161305,0.09887236647898237,13.76999999999975,13.76999999999975,4.9556680729327915,0.040462464507374396,0.011259197539855067,0.041535806,true,true,true,true,0.987284766061476
368,discovery__discovery_17__teb__delay_200,discovery,discovery_17,teb,delay_200,355a6b600b50409b680ffb0e06ee53d75e1a915fb3142bddfb3a3a3180f9c8d5,true,false,plugin returned no valid velocity command,plugin returned no valid velocity command,false,1,251,1255,1.897018513384445,0.7080762054946406,12.549999999999777,12.549999999999777,3.976995975560413,0.015547740139931054,0.022779698837301566,0.037317454,true,true,true,true,0.6395745650154204
363,holdout__holdout_18__teb__delay_200,holdout,holdout_18,teb,delay_200,355a6b600b50409b680ffb0e06ee53d75e1a915fb3142bddfb3a3a3180f9c8d5,true,true,external_tolerance,external_tolerance,false,0,425,2122,0.07955886307007916,0.013213404834823111,21.220000000000518,21.220000000000518,5.933703414945759,0.1735158317758784,0.01859072446352942,0.052368154,true,true,true,true,0.9869117602255696
367,holdout__holdout_15__tr__tau_y_150,holdout,holdout_15,tr,tau_y_150,355a6b600b50409b680ffb0e06ee53d75e1a915fb3142bddfb3a3a3180f9c8d5,true,false,logical_timeout,duration,false,0,600,3000,4.357534242341137,0.008054409921195035,30.00000000000189,30.00000000000189,0.9315031139976925,0.24709212018105856,0.008979467569999998,0.033464943,true,true,true,true,0.15643284857392273
366,discovery__discovery_16__teb__delay_200,discovery,discovery_16,teb,delay_200,355a6b600b50409b680ffb0e06ee53d75e1a915fb3142bddfb3a3a3180f9c8d5,true,true,external_tolerance,external_tolerance,false,0,421,2101,0.026635848859614716,0.09968998869576332,21.010000000000485,21.010000000000485,6.15476741933035,0.17490467242270358,0.015485769106888352,0.037306405,true,true,true,true,1.0
369,holdout__holdout_19__tr__delay_050,holdout,holdout_19,tr,delay_050,355a6b600b50409b680ffb0e06ee53d75e1a915fb3142bddfb3a3a3180f9c8d5,true,false,logical_timeout,duration,false,0,600,3000,4.36187328153892,0.7741919959895786,30.00000000000189,30.00000000000189,0.7961769986751647,0.8166200742627178,0.008281522876666666,0.024578812,true,true,true,true,0.12234645618261974
372,holdout__holdout_06__teb__tau_w_100,holdout,holdout_06,teb,tau_w_100,355a6b600b50409b680ffb0e06ee53d75e1a915fb3142bddfb3a3a3180f9c8d5,true,true,external_tolerance,external_tolerance,false,0,265,1323,0.058962872299998643,0.09767407046692057,13.229999999999762,13.229999999999762,5.063714777673853,0.191211490427643,0.017439317000000003,0.051353691,true,true,true,true,0.9950887003581905
373,holdout__holdout_03__teb__delay_050,holdout,holdout_03,teb,delay_050,355a6b600b50409b680ffb0e06ee53d75e1a915fb3142bddfb3a3a3180f9c8d5,true,true,external_tolerance,external_tolerance,false,0,257,1284,0.07037851923217289,0.09830839763243374,12.83999999999977,12.83999999999977,5.798292616221301,0.04293111898966841,0.01656565871984435,0.044107555,true,true,true,true,0.988492155181984
374,discovery__discovery_13__tr__tau_x_300,discovery,discovery_13,tr,tau_x_300,355a6b600b50409b680ffb0e06ee53d75e1a915fb3142bddfb3a3a3180f9c8d5,true,true,external_tolerance,external_tolerance,false,0,443,2214,0.023524984761602898,0.09902595535782702,22.14000000000066,22.14000000000066,6.482338159124459,0.04223671051368991,0.009746924115124159,0.039850769,true,true,true,true,0.9973163182844247
375,holdout__holdout_02__teb__delay_050,holdout,holdout_02,teb,delay_050,355a6b600b50409b680ffb0e06ee53d75e1a915fb3142bddfb3a3a3180f9c8d5,true,true,external_tolerance,external_tolerance,false,0,235,1171,0.07672624995869545,0.09145162916090266,11.709999999999795,11.709999999999795,5.084151000070644,0.17665831555988995,0.01918403060000003,0.037465658,true,true,true,true,0.9860876932182032
378,discovery__discovery_09__tr__tau_y_500,discovery,discovery_09,tr,tau_y_500,355a6b600b50409b680ffb0e06ee53d75e1a915fb3142bddfb3a3a3180f9c8d5,true,true,external_tolerance,external_tolerance,false,0,262,1310,0.07802953550261041,0.09972227425930005,13.099999999999765,13.099999999999765,5.012329360366247,0.1285891243407859,0.01160399523664121,0.038357596,true,true,true,true,0.9861587136909248
379,discovery__discovery_19__tr__tau_w_100,discovery,discovery_19,tr,tau_w_100,355a6b600b50409b680ffb0e06ee53d75e1a915fb3142bddfb3a3a3180f9c8d5,true,true,external_tolerance,external_tolerance,false,0,263,1311,0.07482926657586388,0.09933274247214452,13.109999999999765,13.109999999999765,4.902304393206166,0.05051725122905303,0.011792461250950584,0.054631397,true,true,true,true,0.9857351963937987
383,discovery__discovery_19__tr__tau_y_150,discovery,discovery_19,tr,tau_y_150,355a6b600b50409b680ffb0e06ee53d75e1a915fb3142bddfb3a3a3180f9c8d5,true,true,external_tolerance,external_tolerance,false,0,253,1262,0.07733118048445901,0.09984718033323929,12.619999999999775,12.619999999999775,4.875182076517861,0.046754171211948324,0.012042802407114632,0.061533451,true,true,true,true,0.9852528955809474
377,discovery__discovery_10__teb__e0,discovery,discovery_10,teb,e0,355a6b600b50409b680ffb0e06ee53d75e1a915fb3142bddfb3a3a3180f9c8d5,true,true,external_tolerance,external_tolerance,false,0,259,1292,0.06822571449501846,0.09925464198541864,12.919999999999769,12.919999999999769,5.50597578232431,0.13304944152990136,0.021239282575289585,0.048619486,true,true,true,true,0.9886667760387662
382,holdout__holdout_20__tr__delay_200,holdout,holdout_20,tr,delay_200,355a6b600b50409b680ffb0e06ee53d75e1a915fb3142bddfb3a3a3180f9c8d5,true,true,external_tolerance,external_tolerance,false,0,300,1496,0.07867553810108574,0.031342956140295836,14.959999999999726,14.959999999999726,5.403671180679909,0.14831928468761263,0.011301120113333328,0.02346531,true,true,true,true,1.0
376,holdout__holdout_19__tr__tau_y_300,holdout,holdout_19,tr,tau_y_300,355a6b600b50409b680ffb0e06ee53d75e1a915fb3142bddfb3a3a3180f9c8d5,true,false,logical_timeout,duration,false,0,600,3000,4.3610145106139235,0.8163824392482608,30.00000000000189,30.00000000000189,0.8462781200630571,0.8110368652075111,0.008864167120000004,0.021772726,true,true,true,true,0.12321054250620753
380,holdout__holdout_01__tr__tau_y_500,holdout,holdout_01,tr,tau_y_500,355a6b600b50409b680ffb0e06ee53d75e1a915fb3142bddfb3a3a3180f9c8d5,true,false,logical_timeout,duration,false,0,600,3000,2.822614486799598,0.749998747883327,30.00000000000189,30.00000000000189,2.1340861160875493,0.17917459969479355,0.00919843468333333,0.047083772,true,true,true,true,0.33752827617274844
384,holdout__holdout_01__teb__tau_y_150,holdout,holdout_01,teb,tau_y_150,355a6b600b50409b680ffb0e06ee53d75e1a915fb3142bddfb3a3a3180f9c8d5,true,true,external_tolerance,external_tolerance,false,0,261,1305,0.03790981045650784,0.09770656494662697,13.049999999999766,13.049999999999766,5.625525402694872,0.20982500201157556,0.014946388260536392,0.053562305,true,true,true,true,0.9978988800973518
381,discovery__discovery_01__teb__delay_100,discovery,discovery_01,teb,delay_100,355a6b600b50409b680ffb0e06ee53d75e1a915fb3142bddfb3a3a3180f9c8d5,true,true,external_tolerance,external_tolerance,false,0,404,2017,0.014534484737262243,0.09902833127121016,20.170000000000353,20.170000000000353,6.434905748575278,0.08074033056459952,0.016649848091584162,0.038258761,true,true,true,true,1.0
387,discovery__discovery_09__tr__tau_y_300,discovery,discovery_09,tr,tau_y_300,355a6b600b50409b680ffb0e06ee53d75e1a915fb3142bddfb3a3a3180f9c8d5,true,true,external_tolerance,external_tolerance,false,0,256,1280,0.07779081679363045,0.09980895989902251,12.799999999999772,12.799999999999772,4.959475892846605,0.08829859093455267,0.012105405601562499,0.026733767,true,true,true,true,0.9859847483648934
389,holdout__holdout_20__tr__delay_100,holdout,holdout_20,tr,delay_100,355a6b600b50409b680ffb0e06ee53d75e1a915fb3142bddfb3a3a3180f9c8d5,true,true,external_tolerance,external_tolerance,false,0,273,1364,0.07224063041739526,0.09904843917018209,13.639999999999754,13.639999999999754,4.921231025891428,0.07842360612628996,0.010884902399267397,0.02051277,true,true,true,true,0.9864500639853652
395,holdout__holdout_05__tr__tau_y_300,holdout,holdout_05,tr,tau_y_300,355a6b600b50409b680ffb0e06ee53d75e1a915fb3142bddfb3a3a3180f9c8d5,true,false,footprint_collision,footprint_collision,true,0,39,192,4.296327425914384,0.17562275041360453,1.9200000000000015,1.9200000000000015,0.5932019239377135,0.0,0.010619797051282054,0.047560347,true,true,true,true,0.08778517522208104
385,holdout__holdout_03__tr__tau_x_100,holdout,holdout_03,tr,tau_x_100,355a6b600b50409b680ffb0e06ee53d75e1a915fb3142bddfb3a3a3180f9c8d5,true,false,logical_timeout,duration,false,0,600,3000,4.410670283756353,0.7908112955512586,30.00000000000189,30.00000000000189,1.6097926306827355,0.5395668571168968,0.008026504803333329,0.018790637,true,true,true,true,0.09782853653597577
386,holdout__holdout_15__tr__tau_x_300,holdout,holdout_15,tr,tau_x_300,355a6b600b50409b680ffb0e06ee53d75e1a915fb3142bddfb3a3a3180f9c8d5,true,true,external_tolerance,external_tolerance,false,0,361,1801,0.07914672076752181,0.06772873784636886,18.010000000000016,18.010000000000016,5.973375362315374,0.06848320572359451,0.011584383310249304,0.01864376,true,true,true,true,1.0
392,holdout__holdout_11__tr__delay_200,holdout,holdout_11,tr,delay_200,355a6b600b50409b680ffb0e06ee53d75e1a915fb3142bddfb3a3a3180f9c8d5,true,false,footprint_collision,footprint_collision,true,0,225,1124,2.6183855901106075,0.9302158510824333,11.239999999999805,11.239999999999805,3.6884108099331994,0.0,0.010653605968888884,0.039788432,true,true,true,true,0.5253537665777787
390,discovery__discovery_05__teb__delay_100,discovery,discovery_05,teb,delay_100,355a6b600b50409b680ffb0e06ee53d75e1a915fb3142bddfb3a3a3180f9c8d5,true,true,external_tolerance,external_tolerance,false,0,307,1535,0.07924441995841763,0.01516237310376636,15.349999999999717,15.349999999999717,5.57277901271253,0.12423867321344782,0.015148873478827363,0.039161991,true,true,true,true,0.9870765286604293
388,discovery__discovery_04__tr__delay_050,discovery,discovery_04,tr,delay_050,355a6b600b50409b680ffb0e06ee53d75e1a915fb3142bddfb3a3a3180f9c8d5,true,false,logical_timeout,duration,false,0,600,3000,3.8942004592457895,0.7581815073266495,30.00000000000189,30.00000000000189,1.1237786483923884,0.32762650260972365,0.008390861273333331,0.037973526,true,true,true,true,0.19151693742644552
396,discovery__discovery_08__teb__e0,discovery,discovery_08,teb,e0,355a6b600b50409b680ffb0e06ee53d75e1a915fb3142bddfb3a3a3180f9c8d5,true,false,plugin returned no valid velocity command,plugin returned no valid velocity command,false,1,88,440,3.3451159037870166,0.3441937874549538,4.399999999999951,4.399999999999951,1.90618394270404,0.11878509938364967,0.021953071280898875,0.029869954,true,true,true,true,0.3093335979515548
391,holdout__holdout_09__teb__delay_100,holdout,holdout_09,teb,delay_100,355a6b600b50409b680ffb0e06ee53d75e1a915fb3142bddfb3a3a3180f9c8d5,true,true,external_tolerance,external_tolerance,false,0,384,1917,0.01805010106572946,0.09389332495567529,19.170000000000197,19.170000000000197,7.113847837952445,0.1165380640623646,0.014724465361979173,0.083002261,true,true,true,true,0.9975275928604558
398,discovery__discovery_06__teb__delay_100,discovery,discovery_06,teb,delay_100,355a6b600b50409b680ffb0e06ee53d75e1a915fb3142bddfb3a3a3180f9c8d5,true,true,external_tolerance,external_tolerance,false,0,248,1240,0.06721841237224215,0.09789968911507219,12.39999999999978,12.39999999999978,4.976132705016909,0.15639037065512404,0.012615668830645159,0.028150772,true,true,true,true,0.9960952389074901
399,holdout__holdout_20__teb__tau_x_100,holdout,holdout_20,teb,tau_x_100,355a6b600b50409b680ffb0e06ee53d75e1a915fb3142bddfb3a3a3180f9c8d5,true,true,external_tolerance,external_tolerance,false,0,221,1102,0.0711220939297268,0.09858395081735113,11.01999999999981,11.01999999999981,5.20997703867077,0.13300506436607806,0.014892963221719456,0.110573298,true,true,true,true,0.9914384894797377
403,holdout__holdout_03__teb__tau_w_100,holdout,holdout_03,teb,tau_w_100,355a6b600b50409b680ffb0e06ee53d75e1a915fb3142bddfb3a3a3180f9c8d5,true,false,plugin returned no valid velocity command,plugin returned no valid velocity command,false,1,72,360,3.492843078239355,0.310704347627039,3.5999999999999672,3.5999999999999672,1.7824495489896486,0.03592014755263972,0.02534096002739726,0.051298475,true,true,true,true,0.31530185507915226
393,discovery__discovery_09__teb__tau_w_300,discovery,discovery_09,teb,tau_w_300,355a6b600b50409b680ffb0e06ee53d75e1a915fb3142bddfb3a3a3180f9c8d5,true,true,external_tolerance,external_tolerance,false,0,469,2343,0.03475994295803293,0.09823425230645018,23.430000000000863,23.430000000000863,5.172903074555028,0.11563017603317802,0.017616056859275014,0.044721286,true,true,true,true,0.995452871173254
394,holdout__holdout_19__teb__delay_200,holdout,holdout_19,teb,delay_200,355a6b600b50409b680ffb0e06ee53d75e1a915fb3142bddfb3a3a3180f9c8d5,true,true,external_tolerance,external_tolerance,false,0,449,2242,0.0794029560057216,0.05006754616054164,22.420000000000705,22.420000000000705,6.332583545997267,0.17509821983323298,0.01476215065033407,0.028878315,true,true,true,true,0.9917898785561744
402,holdout__holdout_05__teb__tau_x_300,holdout,holdout_05,teb,tau_x_300,355a6b600b50409b680ffb0e06ee53d75e1a915fb3142bddfb3a3a3180f9c8d5,true,true,external_tolerance,external_tolerance,false,0,254,1267,0.07765816016961756,0.07976723717254605,12.669999999999774,12.669999999999774,5.2508961557149485,0.16165797469271032,0.018576054944881886,0.047902105,true,true,true,true,0.9862815428585314
401,holdout__holdout_14__teb__tau_y_300,holdout,holdout_14,teb,tau_y_300,355a6b600b50409b680ffb0e06ee53d75e1a915fb3142bddfb3a3a3180f9c8d5,true,true,external_tolerance,external_tolerance,false,0,325,1625,0.02165135219618071,0.0949583338805068,16.24999999999974,16.24999999999974,6.170191223255296,0.059052453586361804,0.014799049224615387,0.064019545,true,true,true,true,0.9979458121693475
397,holdout__holdout_07__teb__delay_200,holdout,holdout_07,teb,delay_200,355a6b600b50409b680ffb0e06ee53d75e1a915fb3142bddfb3a3a3180f9c8d5,true,true,external_tolerance,external_tolerance,false,0,429,2145,0.0783654485504789,0.0929992800863612,21.450000000000554,21.450000000000554,5.9849880673759905,0.17080526814779287,0.015634175606060598,0.042624525,true,true,true,true,0.9890738626586358
400,discovery__discovery_02__tr__tau_w_100,discovery,discovery_02,tr,tau_w_100,355a6b600b50409b680ffb0e06ee53d75e1a915fb3142bddfb3a3a3180f9c8d5,true,false,logical_timeout,duration,false,0,600,3000,4.378032181003307,0.704457135312249,30.00000000000189,30.00000000000189,0.5184250660720988,0.7887884940213716,0.007698887981666666,0.01909993,true,true,true,true,0.0912597719598476
406,discovery__discovery_10__tr__tau_y_500,discovery,discovery_10,tr,tau_y_500,355a6b600b50409b680ffb0e06ee53d75e1a915fb3142bddfb3a3a3180f9c8d5,true,true,external_tolerance,external_tolerance,false,0,275,1373,0.0794888282531058,0.09931314389037008,13.729999999999752,13.729999999999752,5.255664781935642,0.11968020564350704,0.01094163346909091,0.030646769,true,true,true,true,0.9905270032876807
405,discovery__discovery_12__teb__e0,discovery,discovery_12,teb,e0,355a6b600b50409b680ffb0e06ee53d75e1a915fb3142bddfb3a3a3180f9c8d5,true,true,external_tolerance,external_tolerance,false,0,250,1250,0.05682650465992272,0.09779842277806912,12.499999999999778,12.499999999999778,5.815481354215202,0.1708547250223221,0.019210965752,0.044894284,true,true,true,true,0.9926842412706129
404,discovery__discovery_14__tr__tau_x_100,discovery,discovery_14,tr,tau_x_100,355a6b600b50409b680ffb0e06ee53d75e1a915fb3142bddfb3a3a3180f9c8d5,true,false,logical_timeout,duration,false,0,600,3000,2.6456840507684993,0.4824626893270591,30.00000000000189,30.00000000000189,2.5741824929262727,0.166846029262929,0.007125506394999998,0.017873682,true,true,true,true,0.36887230774118696
411,holdout__holdout_17__teb__delay_050,holdout,holdout_17,teb,delay_050,355a6b600b50409b680ffb0e06ee53d75e1a915fb3142bddfb3a3a3180f9c8d5,true,false,plugin returned no valid velocity command,plugin returned no valid velocity command,false,1,131,655,2.4298307545317814,0.2559938685945235,6.549999999999905,6.549999999999905,2.982003764751159,0.04195718068202367,0.026888300060606073,0.040200655,true,true,true,true,0.5311979351278666
408,holdout__holdout_15__teb__tau_x_300,holdout,holdout_15,teb,tau_x_300,355a6b600b50409b680ffb0e06ee53d75e1a915fb3142bddfb3a3a3180f9c8d5,true,true,external_tolerance,external_tolerance,false,0,277,1383,0.07558823716997545,0.045765854399384784,13.82999999999975,13.82999999999975,5.590588670103639,0.206237266373909,0.014231298288808663,0.057575707,true,true,true,true,0.9875643496961648
407,discovery__discovery_09__teb__tau_w_100,discovery,discovery_09,teb,tau_w_100,355a6b600b50409b680ffb0e06ee53d75e1a915fb3142bddfb3a3a3180f9c8d5,true,true,external_tolerance,external_tolerance,false,0,293,1463,0.04915549278308222,0.09588769938444114,14.629999999999733,14.629999999999733,5.152165076288165,0.14949380249114133,0.018176602740614334,0.032774142,true,true,true,true,0.9940059055683236
410,discovery__discovery_08__tr__tau_x_100,discovery,discovery_08,tr,tau_x_100,355a6b600b50409b680ffb0e06ee53d75e1a915fb3142bddfb3a3a3180f9c8d5,true,true,external_tolerance,external_tolerance,false,0,354,1770,0.0648036360591377,0.0995555915471815,17.699999999999967,17.699999999999967,5.946811131440249,0.08777737219328874,0.010356110884180793,0.021338259,true,true,true,true,0.989630920239581
412,discovery__discovery_07__tr__e0,discovery,discovery_07,tr,e0,355a6b600b50409b680ffb0e06ee53d75e1a915fb3142bddfb3a3a3180f9c8d5,true,true,external_tolerance,external_tolerance,false,0,289,1441,0.07964594139774307,0.017817332185807184,14.409999999999737,14.409999999999737,6.028559117141854,0.018807267212949393,0.012164318048442905,0.055123683,true,true,true,true,0.9887736344857319
414,holdout__holdout_02__tr__e0,holdout,holdout_02,tr,e0,355a6b600b50409b680ffb0e06ee53d75e1a915fb3142bddfb3a3a3180f9c8d5,true,true,external_tolerance,external_tolerance,false,0,292,1457,0.07550739889977806,0.09995009455157036,14.569999999999734,14.569999999999734,4.985559566363123,0.13502618561406032,0.010890845897260262,0.039515616,true,true,true,true,0.9856762480762191
416,discovery__discovery_11__tr__delay_200,discovery,discovery_11,tr,delay_200,355a6b600b50409b680ffb0e06ee53d75e1a915fb3142bddfb3a3a3180f9c8d5,true,true,external_tolerance,external_tolerance,false,0,306,1527,0.03412273270999709,0.09956714686905452,15.269999999999719,15.269999999999719,5.1772481839586115,0.08082261116545413,0.00977035024836602,0.021560283,true,true,true,true,1.0
409,holdout__holdout_11__teb__delay_050,holdout,holdout_11,teb,delay_050,355a6b600b50409b680ffb0e06ee53d75e1a915fb3142bddfb3a3a3180f9c8d5,true,false,plugin returned no valid velocity command,plugin returned no valid velocity command,false,1,258,1290,1.4582301372153297,0.7129572256064782,12.89999999999977,12.89999999999977,5.139484515069456,0.04038397750790046,0.02460211754826255,0.043640903,true,true,true,true,0.7368879208745948
415,discovery__discovery_20__tr__delay_200,discovery,discovery_20,tr,delay_200,355a6b600b50409b680ffb0e06ee53d75e1a915fb3142bddfb3a3a3180f9c8d5,true,false,logical_timeout,duration,false,0,600,3000,4.486042409125285,0.16176564010375127,30.00000000000189,30.00000000000189,0.7577164486244379,0.4643207258009248,0.006575107759999998,0.029814923,true,true,true,true,0.07129452889120762
417,discovery__discovery_04__tr__tau_x_300,discovery,discovery_04,tr,tau_x_300,355a6b600b50409b680ffb0e06ee53d75e1a915fb3142bddfb3a3a3180f9c8d5,true,false,logical_timeout,duration,false,0,600,3000,3.8965251646015857,0.5763500788088957,30.00000000000189,30.00000000000189,1.3065690224592046,0.30254952578976474,0.0064976746333333365,0.020769071,true,true,true,true,0.19133447412151425
413,discovery__discovery_12__teb__delay_200,discovery,discovery_12,teb,delay_200,355a6b600b50409b680ffb0e06ee53d75e1a915fb3142bddfb3a3a3180f9c8d5,true,true,external_tolerance,external_tolerance,false,0,408,2037,0.025825103978631813,0.09966513824541157,20.370000000000385,20.370000000000385,6.135600219211043,0.15837711186184,0.020890364752450964,0.04696226,true,true,true,true,0.9992825566040301
419,holdout__holdout_01__teb__tau_x_100,holdout,holdout_01,teb,tau_x_100,355a6b600b50409b680ffb0e06ee53d75e1a915fb3142bddfb3a3a3180f9c8d5,true,true,external_tolerance,external_tolerance,false,0,265,1324,0.04944103462185808,0.09499751839333273,13.239999999999762,13.239999999999762,5.644614074541108,0.20720710843964324,0.015182852667924523,0.030592127,true,true,true,true,1.0
421,holdout__holdout_12__teb__tau_x_300,holdout,holdout_12,teb,tau_x_300,355a6b600b50409b680ffb0e06ee53d75e1a915fb3142bddfb3a3a3180f9c8d5,true,true,external_tolerance,external_tolerance,false,0,241,1204,0.05283098954979467,0.09469384247119465,12.039999999999788,12.039999999999788,5.07696562455622,0.1029161659323601,0.01686074356431535,0.034236671,true,true,true,true,0.9948869443601662
422,holdout__holdout_18__tr__tau_y_150,holdout,holdout_18,tr,tau_y_150,355a6b600b50409b680ffb0e06ee53d75e1a915fb3142bddfb3a3a3180f9c8d5,true,true,external_tolerance,external_tolerance,false,0,300,1496,0.07863520769891676,0.09905011072049545,14.959999999999726,14.959999999999726,5.614767709914551,0.0584648748593687,0.011036944316666665,0.059493896,true,true,true,true,0.9879275722871455
418,discovery__discovery_12__teb__tau_y_500,discovery,discovery_12,teb,tau_y_500,355a6b600b50409b680ffb0e06ee53d75e1a915fb3142bddfb3a3a3180f9c8d5,true,true,external_tolerance,external_tolerance,false,0,374,1867,0.052017751094562935,0.09514951082686739,18.67000000000012,18.67000000000012,6.09430879357748,0.13298345932673047,0.01921820425133688,0.040439293,true,true,true,true,0.9914732704893893
420,discovery__discovery_01__tr__tau_y_500,discovery,discovery_01,tr,tau_y_500,355a6b600b50409b680ffb0e06ee53d75e1a915fb3142bddfb3a3a3180f9c8d5,true,false,logical_timeout,duration,false,0,600,3000,4.592301469714867,0.3295492184688264,30.00000000000189,30.00000000000189,0.9676369000953797,0.22276379846530509,0.006801902466666667,0.036591428,true,true,true,true,0.08452098861854947
424,discovery__discovery_15__teb__tau_x_100,discovery,discovery_15,teb,tau_x_100,355a6b600b50409b680ffb0e06ee53d75e1a915fb3142bddfb3a3a3180f9c8d5,true,true,external_tolerance,external_tolerance,false,0,233,1165,0.055814312171351,0.09595814926189022,11.649999999999796,11.649999999999796,5.061508649732773,0.18065374488842234,0.015394120678111583,0.044061231,true,true,true,true,0.9938572304237937
425,holdout__holdout_16__tr__tau_y_500,holdout,holdout_16,tr,tau_y_500,355a6b600b50409b680ffb0e06ee53d75e1a915fb3142bddfb3a3a3180f9c8d5,true,true,external_tolerance,external_tolerance,false,0,297,1485,0.07899546735907889,0.09911584065700157,14.849999999999728,14.849999999999728,5.244623626005005,0.08151978742913542,0.010593695252525247,0.053665588,true,true,true,true,0.9868549698732251
426,holdout__holdout_18__teb__tau_x_300,holdout,holdout_18,teb,tau_x_300,355a6b600b50409b680ffb0e06ee53d75e1a915fb3142bddfb3a3a3180f9c8d5,true,true,external_tolerance,external_tolerance,false,0,292,1459,0.04567627401132785,0.09918071080726314,14.589999999999733,14.589999999999733,5.889335124731221,0.24456793659124687,0.017484433530821915,0.036517532,true,true,true,true,1.0
423,discovery__discovery_16__teb__tau_w_300,discovery,discovery_16,teb,tau_w_300,355a6b600b50409b680ffb0e06ee53d75e1a915fb3142bddfb3a3a3180f9c8d5,true,true,external_tolerance,external_tolerance,false,0,426,2128,0.01646549318789125,0.09731155821238273,21.280000000000527,21.280000000000527,5.988341227253239,0.21131419605847204,0.014433534868544592,0.039482798,true,true,true,true,0.9973738783135445
428,discovery__discovery_16__tr__tau_w_300,discovery,discovery_16,tr,tau_w_300,355a6b600b50409b680ffb0e06ee53d75e1a915fb3142bddfb3a3a3180f9c8d5,true,true,external_tolerance,external_tolerance,false,0,363,1812,0.0784717846470878,0.09799612290676478,18.120000000000033,18.120000000000033,5.855248182943089,0.07932018299792626,0.009144468661157024,0.020681951,true,true,true,true,0.9877684851764104
427,holdout__holdout_17__teb__tau_y_150,holdout,holdout_17,teb,tau_y_150,355a6b600b50409b680ffb0e06ee53d75e1a915fb3142bddfb3a3a3180f9c8d5,true,true,external_tolerance,external_tolerance,false,0,266,1330,0.07951452773116346,0.032571432896485654,13.299999999999761,13.299999999999761,5.712897070950074,0.07260101848807725,0.017386893499999993,0.040849903,true,true,true,true,1.0
429,discovery__discovery_08__tr__tau_w_300,discovery,discovery_08,tr,tau_w_300,355a6b600b50409b680ffb0e06ee53d75e1a915fb3142bddfb3a3a3180f9c8d5,true,true,external_tolerance,external_tolerance,false,0,372,1856,0.07937325862437669,0.09619412148052482,18.5600000000001,18.5600000000001,5.900509367349537,0.03447219518534733,0.009741355276881726,0.019946273,true,true,true,true,0.987611646330507
431,holdout__holdout_06__tr__tau_x_300,holdout,holdout_06,tr,tau_x_300,355a6b600b50409b680ffb0e06ee53d75e1a915fb3142bddfb3a3a3180f9c8d5,true,true,external_tolerance,external_tolerance,false,0,257,1283,0.07952769821018368,0.007847326564076829,12.829999999999771,12.829999999999771,4.943637342976279,0.04963572732874111,0.012387908459143962,0.023502708,true,true,true,true,0.9853808925099157
434,discovery__discovery_03__tr__tau_w_300,discovery,discovery_03,tr,tau_w_300,355a6b600b50409b680ffb0e06ee53d75e1a915fb3142bddfb3a3a3180f9c8d5,true,true,external_tolerance,external_tolerance,false,0,266,1329,0.07899154811616112,0.09762183006589652,13.289999999999761,13.289999999999761,5.3413475146832186,0.07129266115193245,0.012170289011278191,0.022525763,true,true,true,true,0.9868664359163465
433,holdout__holdout_06__tr__tau_y_500,holdout,holdout_06,tr,tau_y_500,355a6b600b50409b680ffb0e06ee53d75e1a915fb3142bddfb3a3a3180f9c8d5,true,true,external_tolerance,external_tolerance,false,0,260,1297,0.07861480511283214,0.09949511606546754,12.969999999999768,12.969999999999768,4.960643716762526,0.14985682878285597,0.011843239261538461,0.023187475,true,true,true,true,0.9855737435716848
432,discovery__discovery_15__teb__delay_200,discovery,discovery_15,teb,delay_200,355a6b600b50409b680ffb0e06ee53d75e1a915fb3142bddfb3a3a3180f9c8d5,true,true,external_tolerance,external_tolerance,false,0,311,1552,0.06855314788004316,0.09680946842594845,15.519999999999714,15.519999999999714,5.202301955637058,0.1876892939551129,0.016427855263665598,0.036305686,true,true,true,true,1.0
435,discovery__discovery_01__tr__tau_y_300,discovery,discovery_01,tr,tau_y_300,355a6b600b50409b680ffb0e06ee53d75e1a915fb3142bddfb3a3a3180f9c8d5,true,false,logical_timeout,duration,false,0,600,3000,4.595457847693929,0.22705959721157026,30.00000000000189,30.00000000000189,0.8494879995436977,0.2081428965391343,0.006407209164999996,0.018821863,true,true,true,true,0.08254695040988062
430,holdout__holdout_13__teb__delay_050,holdout,holdout_13,teb,delay_050,355a6b600b50409b680ffb0e06ee53d75e1a915fb3142bddfb3a3a3180f9c8d5,true,true,external_tolerance,external_tolerance,false,0,299,1493,0.04586655689145565,0.09413475556611875,14.929999999999726,14.929999999999726,5.921715345424988,0.10421138071433679,0.020668765207357834,0.049372939,true,true,true,true,0.9925395357880724
437,discovery__discovery_06__tr__tau_w_300,discovery,discovery_06,tr,tau_w_300,355a6b600b50409b680ffb0e06ee53d75e1a915fb3142bddfb3a3a3180f9c8d5,true,true,external_tolerance,external_tolerance,false,0,250,1249,0.07952932920723983,0.07993828802126957,12.489999999999778,12.489999999999778,4.959049865291408,0.0293273116678435,0.011778305268000002,0.017985524,true,true,true,true,0.9864945066455176
438,discovery__discovery_15__tr__tau_w_300,discovery,discovery_15,tr,tau_w_300,355a6b600b50409b680ffb0e06ee53d75e1a915fb3142bddfb3a3a3180f9c8d5,true,true,external_tolerance,external_tolerance,false,0,299,1492,0.07812426014928285,0.09909084256933531,14.919999999999726,14.919999999999726,4.953432261420158,0.05238352238552554,0.009610977204013382,0.046445633,true,true,true,true,0.9854949676667282
436,holdout__holdout_17__tr__tau_y_500,holdout,holdout_17,tr,tau_y_500,355a6b600b50409b680ffb0e06ee53d75e1a915fb3142bddfb3a3a3180f9c8d5,true,false,logical_timeout,duration,false,0,600,3000,3.5672693295301343,0.8708561900537356,30.00000000000189,30.00000000000189,1.5038203232730631,0.5336375465244442,0.008018399498333323,0.018434813,true,true,true,true,0.22029467883485856
439,discovery__discovery_03__teb__tau_x_100,discovery,discovery_03,teb,tau_x_100,355a6b600b50409b680ffb0e06ee53d75e1a915fb3142bddfb3a3a3180f9c8d5,true,true,external_tolerance,external_tolerance,false,0,242,1209,0.06061735342841886,0.09747739020730711,12.089999999999787,12.089999999999787,5.468083350136349,0.15920386196221015,0.013153381028925626,0.023144007,true,true,true,true,0.9931212254676993
441,discovery__discovery_08__teb__tau_w_300,discovery,discovery_08,teb,tau_w_300,355a6b600b50409b680ffb0e06ee53d75e1a915fb3142bddfb3a3a3180f9c8d5,true,false,plugin returned no valid velocity command,plugin returned no valid velocity command,false,1,116,580,3.3674860654132077,0.31659927866189114,5.799999999999921,5.799999999999921,1.8735511948817924,0.14931076007722363,0.022770165068376057,0.052913826,true,true,true,true,0.3042764205401218
442,discovery__discovery_19__tr__tau_y_300,discovery,discovery_19,tr,tau_y_300,355a6b600b50409b680ffb0e06ee53d75e1a915fb3142bddfb3a3a3180f9c8d5,true,true,external_tolerance,external_tolerance,false,0,256,1279,0.07627998210464089,0.09914400347714145,12.789999999999772,12.789999999999772,4.860934589404954,0.060706051896091774,0.010764147492187497,0.015628072,true,true,true,true,0.985490094313907
440,holdout__holdout_08__teb__tau_y_150,holdout,holdout_08,teb,tau_y_150,355a6b600b50409b680ffb0e06ee53d75e1a915fb3142bddfb3a3a3180f9c8d5,true,true,external_tolerance,external_tolerance,false,0,309,1544,0.04573823535430687,0.09855394853948607,15.439999999999715,15.439999999999715,6.374550644797768,0.1284872995133478,0.016559143365695785,0.053447748,true,true,true,true,1.0
446,discovery__discovery_18__tr__delay_100,discovery,discovery_18,tr,delay_100,355a6b600b50409b680ffb0e06ee53d75e1a915fb3142bddfb3a3a3180f9c8d5,true,true,external_tolerance,external_tolerance,false,0,282,1406,0.06779434935808197,0.09990259367062282,14.059999999999745,14.059999999999745,5.012544595944697,0.11040932455416338,0.010628104063829783,0.020691752,true,true,true,true,0.9873669880565055
443,discovery__discovery_04__tr__tau_y_500,discovery,discovery_04,tr,tau_y_500,355a6b600b50409b680ffb0e06ee53d75e1a915fb3142bddfb3a3a3180f9c8d5,true,false,logical_timeout,duration,false,0,600,3000,3.8897021065828805,0.49837698444702866,30.00000000000189,30.00000000000189,1.1602430800611099,0.29934471372741983,0.0066478865949999985,0.055230209,true,true,true,true,0.19282821237085915
447,holdout__holdout_06__tr__tau_y_300,holdout,holdout_06,tr,tau_y_300,355a6b600b50409b680ffb0e06ee53d75e1a915fb3142bddfb3a3a3180f9c8d5,true,true,external_tolerance,external_tolerance,false,0,259,1291,0.07589185030753275,0.09972711905027665,12.90999999999977,12.90999999999977,4.968726449307899,0.1960186630640552,0.011572747339768341,0.020520685,true,true,true,true,0.9858639621601348
450,discovery__discovery_06__teb__tau_x_100,discovery,discovery_06,teb,tau_x_100,355a6b600b50409b680ffb0e06ee53d75e1a915fb3142bddfb3a3a3180f9c8d5,true,true,external_tolerance,external_tolerance,false,0,228,1136,0.06716740259710574,0.09470091968832987,11.359999999999802,11.359999999999802,4.960593305038891,0.1813942109737043,0.014163114315789463,0.030875004,true,true,true,true,0.9952126337174654
444,discovery__discovery_13__teb__tau_y_300,discovery,discovery_13,teb,tau_y_300,355a6b600b50409b680ffb0e06ee53d75e1a915fb3142bddfb3a3a3180f9c8d5,true,true,external_tolerance,external_tolerance,false,0,380,1899,0.07794746709782933,0.06230694784821909,18.99000000000017,18.99000000000017,6.177145587580468,0.07097268320560458,0.014999722255263156,0.032545343,true,true,true,true,0.9888805039736018
445,discovery__discovery_12__teb__tau_x_300,discovery,discovery_12,teb,tau_x_300,355a6b600b50409b680ffb0e06ee53d75e1a915fb3142bddfb3a3a3180f9c8d5,true,true,external_tolerance,external_tolerance,false,0,275,1373,0.03402858816465769,0.09962495359473716,13.729999999999752,13.729999999999752,5.857878782454516,0.19213836774781412,0.020726875007272723,0.041325783,true,true,true,true,0.9944352809667674
448,discovery__discovery_16__teb__tau_y_150,discovery,discovery_16,teb,tau_y_150,355a6b600b50409b680ffb0e06ee53d75e1a915fb3142bddfb3a3a3180f9c8d5,true,true,external_tolerance,external_tolerance,false,0,295,1473,0.015321996140543144,0.09885945421792933,14.72999999999973,14.72999999999973,6.077770982451351,0.1893677248209941,0.014905623454237273,0.033183551,true,true,true,true,0.9987785377862792
451,discovery__discovery_18__teb__tau_y_300,discovery,discovery_18,teb,tau_y_300,355a6b600b50409b680ffb0e06ee53d75e1a915fb3142bddfb3a3a3180f9c8d5,true,true,external_tolerance,external_tolerance,false,0,255,1273,0.05766764283689635,0.09791545996168785,12.729999999999773,12.729999999999773,5.114013500069412,0.14472815274625395,0.013464852450980393,0.029130664,true,true,true,true,0.9897306222516855
452,holdout__holdout_11__tr__tau_y_300,holdout,holdout_11,tr,tau_y_300,355a6b600b50409b680ffb0e06ee53d75e1a915fb3142bddfb3a3a3180f9c8d5,true,true,external_tolerance,external_tolerance,false,0,375,1873,0.07378839275257852,0.09972085184091287,18.73000000000013,18.73000000000013,6.595836521015263,0.09483442045337413,0.009629425616000001,0.019309434,true,true,true,true,0.9897541988329639
454,discovery__discovery_11__teb__tau_w_300,discovery,discovery_11,teb,tau_w_300,355a6b600b50409b680ffb0e06ee53d75e1a915fb3142bddfb3a3a3180f9c8d5,true,true,external_tolerance,external_tolerance,false,0,236,1180,0.07617891459062327,0.006539133297111414,11.799999999999793,11.799999999999793,5.116533903923901,0.1418732812564052,0.013999649470338984,0.036592601,true,true,true,true,0.9873949394648683
449,holdout__holdout_19__tr__tau_w_300,holdout,holdout_19,tr,tau_w_300,355a6b600b50409b680ffb0e06ee53d75e1a915fb3142bddfb3a3a3180f9c8d5,true,false,logical_timeout,duration,false,0,600,3000,4.36116864385051,0.895380307044632,30.00000000000189,30.00000000000189,0.8051221454130085,0.8168614967082851,0.008766576923333337,0.056735405,true,true,true,true,0.12216313482356292
453,holdout__holdout_02__teb__tau_x_100,holdout,holdout_02,teb,tau_x_100,355a6b600b50409b680ffb0e06ee53d75e1a915fb3142bddfb3a3a3180f9c8d5,true,true,external_tolerance,external_tolerance,false,0,229,1141,0.06631580469538109,0.09759830686710086,11.409999999999801,11.409999999999801,5.0422101836867865,0.21500085331119004,0.018239086550218355,0.044072064,true,true,true,true,0.9876849459621898
455,discovery__discovery_10__tr__delay_200,discovery,discovery_10,tr,delay_200,355a6b600b50409b680ffb0e06ee53d75e1a915fb3142bddfb3a3a3180f9c8d5,true,true,external_tolerance,external_tolerance,false,0,348,1740,0.031939318264100146,0.0999389373936898,17.39999999999992,17.39999999999992,5.743869345499585,0.06829899303265641,0.00989638481034483,0.02937401,true,true,true,true,1.0
456,discovery__discovery_14__tr__delay_200,discovery,discovery_14,tr,delay_200,355a6b600b50409b680ffb0e06ee53d75e1a915fb3142bddfb3a3a3180f9c8d5,true,false,footprint_collision,footprint_collision,true,0,348,1739,2.040837108436414,0.25042270740575945,17.38999999999992,17.38999999999992,4.262055612113455,0.0,0.009901139577586208,0.056178356,true,true,true,true,0.529923065387448
459,holdout__holdout_16__tr__tau_w_300,holdout,holdout_16,tr,tau_w_300,355a6b600b50409b680ffb0e06ee53d75e1a915fb3142bddfb3a3a3180f9c8d5,true,true,external_tolerance,external_tolerance,false,0,323,1615,0.07793262547620548,0.09736526903831384,16.149999999999725,16.149999999999725,5.2832419347983715,0.0548036708565838,0.00903898926625387,0.021278787,true,true,true,true,0.9864213046884924
461,holdout__holdout_04__tr__delay_050,holdout,holdout_04,tr,delay_050,355a6b600b50409b680ffb0e06ee53d75e1a915fb3142bddfb3a3a3180f9c8d5,true,true,external_tolerance,external_tolerance,false,0,266,1330,0.07008295442585007,0.09946909307767311,13.299999999999761,13.299999999999761,4.940025078700136,0.06323710068140831,0.010826215078947375,0.0307055,true,true,true,true,0.9868421357848636
457,holdout__holdout_02__teb__tau_y_300,holdout,holdout_02,teb,tau_y_300,355a6b600b50409b680ffb0e06ee53d75e1a915fb3142bddfb3a3a3180f9c8d5,true,true,external_tolerance,external_tolerance,false,0,332,1657,0.07931168525220868,0.040142241626483686,16.56999999999979,16.56999999999979,5.31750858460389,0.08960253997426414,0.016280959451807235,0.035872367,true,true,true,true,0.9880484428164242
463,discovery__discovery_19__tr__e0,discovery,discovery_19,tr,e0,355a6b600b50409b680ffb0e06ee53d75e1a915fb3142bddfb3a3a3180f9c8d5,true,true,external_tolerance,external_tolerance,false,0,253,1262,0.07703845637682555,0.09940702902836518,12.619999999999775,12.619999999999775,4.915341342244312,0.060254678388648036,0.011475414806324104,0.033004273,true,true,true,true,0.9853109222144004
466,discovery__discovery_08__teb__tau_w_100,discovery,discovery_08,teb,tau_w_100,355a6b600b50409b680ffb0e06ee53d75e1a915fb3142bddfb3a3a3180f9c8d5,true,false,plugin returned no valid velocity command,plugin returned no valid velocity command,false,1,91,455,3.37446276011443,0.3703119381462725,4.549999999999947,4.549999999999947,1.8632648686166295,0.15357112996449596,0.023436313195652165,0.039975679,true,true,true,true,0.30299286539158427
458,holdout__holdout_04__teb__tau_y_500,holdout,holdout_04,teb,tau_y_500,355a6b600b50409b680ffb0e06ee53d75e1a915fb3142bddfb3a3a3180f9c8d5,true,true,external_tolerance,external_tolerance,false,0,360,1800,0.07805867458569524,0.09958489760562131,18.000000000000014,18.000000000000014,5.271390563672396,0.03762362165824125,0.016013303355555553,0.034766077,true,true,true,true,0.9920353613339217
460,discovery__discovery_13__teb__tau_y_150,discovery,discovery_13,teb,tau_y_150,355a6b600b50409b680ffb0e06ee53d75e1a915fb3142bddfb3a3a3180f9c8d5,true,true,external_tolerance,external_tolerance,false,0,328,1638,0.07766397134968837,0.08322917650158984,16.37999999999976,16.37999999999976,6.114839761498742,0.09908185920319328,0.0161961055457317,0.040582418,true,true,true,true,0.988454974812421
464,discovery__discovery_08__tr__delay_200,discovery,discovery_08,tr,delay_200,355a6b600b50409b680ffb0e06ee53d75e1a915fb3142bddfb3a3a3180f9c8d5,true,true,external_tolerance,external_tolerance,false,0,405,2025,0.014473788294569849,0.09662692513295576,20.250000000000366,20.250000000000366,6.21042496483801,0.04890296605347562,0.00876200763703704,0.017169348,true,true,true,true,0.9984153299834622
469,discovery__discovery_15__tr__delay_100,discovery,discovery_15,tr,delay_100,355a6b600b50409b680ffb0e06ee53d75e1a915fb3142bddfb3a3a3180f9c8d5,true,true,external_tolerance,external_tolerance,false,0,273,1363,0.07237975748436813,0.09963871566405856,13.629999999999754,13.629999999999754,5.03254525551379,0.17667222905770832,0.01063903486446886,0.017772319,true,true,true,true,0.986584381880987
465,holdout__holdout_17__tr__tau_x_100,holdout,holdout_17,tr,tau_x_100,355a6b600b50409b680ffb0e06ee53d75e1a915fb3142bddfb3a3a3180f9c8d5,true,false,logical_timeout,duration,false,0,600,3000,3.5687404533609395,0.8112120518460711,30.00000000000189,30.00000000000189,1.2984840260330153,0.5545133567368201,0.008550896076666661,0.04588912,true,true,true,true,0.22032810474202374
468,holdout__holdout_14__teb__tau_x_100,holdout,holdout_14,teb,tau_x_100,355a6b600b50409b680ffb0e06ee53d75e1a915fb3142bddfb3a3a3180f9c8d5,true,true,external_tolerance,external_tolerance,false,0,284,1418,0.046204500250077836,0.0985511521814445,14.179999999999742,14.179999999999742,6.072303195278612,0.028147371453750025,0.01452949089788733,0.043398848,true,true,true,true,1.0
470,holdout__holdout_20__tr__tau_x_100,holdout,holdout_20,tr,tau_x_100,355a6b600b50409b680ffb0e06ee53d75e1a915fb3142bddfb3a3a3180f9c8d5,true,true,external_tolerance,external_tolerance,false,0,254,1267,0.07154560553243182,0.0997483816446321,12.669999999999774,12.669999999999774,4.92713212428109,0.06407020485380013,0.012062951287401568,0.052918182,true,true,true,true,0.9865761135394134
467,discovery__discovery_01__teb__tau_y_150,discovery,discovery_01,teb,tau_y_150,355a6b600b50409b680ffb0e06ee53d75e1a915fb3142bddfb3a3a3180f9c8d5,true,true,external_tolerance,external_tolerance,false,0,327,1632,0.01735794665383993,0.09488179374590378,16.31999999999975,16.31999999999975,6.461938132651139,0.08371740660351668,0.01658134298165138,0.031562239,true,true,true,true,0.9973975316746426
462,discovery__discovery_13__teb__tau_w_300,discovery,discovery_13,teb,tau_w_300,355a6b600b50409b680ffb0e06ee53d75e1a915fb3142bddfb3a3a3180f9c8d5,true,true,external_tolerance,external_tolerance,false,0,563,2811,0.06066573387295369,0.09979767748627326,28.110000000001595,28.110000000001595,5.995731185422828,0.14418366268835303,0.01650375420248668,0.045246857,true,true,true,true,0.9903321131516849
471,discovery__discovery_04__tr__delay_200,discovery,discovery_04,tr,delay_200,355a6b600b50409b680ffb0e06ee53d75e1a915fb3142bddfb3a3a3180f9c8d5,true,false,logical_timeout,duration,false,0,600,3000,3.8924941449969706,0.8349081804975864,30.00000000000189,30.00000000000189,1.6123329655439294,0.29702865853019383,0.007848817733333336,0.044196224,true,true,true,true,0.19181162460668424
476,holdout__holdout_02__tr__delay_200,holdout,holdout_02,tr,delay_200,355a6b600b50409b680ffb0e06ee53d75e1a915fb3142bddfb3a3a3180f9c8d5,true,true,external_tolerance,external_tolerance,false,0,309,1543,0.0686271626773467,0.09993790659670303,15.429999999999715,15.429999999999715,5.21139165877663,0.1761849350011182,0.01062765015857605,0.054827087,true,true,true,true,1.0
475,discovery__discovery_18__teb__delay_200,discovery,discovery_18,teb,delay_200,355a6b600b50409b680ffb0e06ee53d75e1a915fb3142bddfb3a3a3180f9c8d5,true,true,external_tolerance,external_tolerance,false,0,314,1567,0.04700478720195755,0.09788908634833646,15.66999999999971,15.66999999999971,5.145408427441289,0.18510553552656225,0.01479928299681529,0.084451404,true,true,true,true,1.0
472,holdout__holdout_08__tr__delay_200,holdout,holdout_08,tr,delay_200,355a6b600b50409b680ffb0e06ee53d75e1a915fb3142bddfb3a3a3180f9c8d5,true,false,logical_timeout,duration,false,0,600,3000,2.6432336169389634,0.7776880364748738,30.00000000000189,30.00000000000189,3.019947889437129,0.07104138688223013,0.009584536531666668,0.029514422,true,true,true,true,0.3982162423177871
474,discovery__discovery_14__teb__tau_x_300,discovery,discovery_14,teb,tau_x_300,355a6b600b50409b680ffb0e06ee53d75e1a915fb3142bddfb3a3a3180f9c8d5,true,true,external_tolerance,external_tolerance,false,0,369,1842,0.07801588123423808,0.059647206061820036,18.42000000000008,18.42000000000008,7.095657960849871,0.0841813454102839,0.015457129831978313,0.043517656,true,true,true,true,1.0
473,discovery__discovery_01__tr__tau_x_100,discovery,discovery_01,tr,tau_x_100,355a6b600b50409b680ffb0e06ee53d75e1a915fb3142bddfb3a3a3180f9c8d5,true,false,logical_timeout,duration,false,0,600,3000,4.617027527839496,0.04039617858362803,30.00000000000189,30.00000000000189,0.5282543318896449,0.2548748433646006,0.008886088781666662,0.031668262,true,true,true,true,0.08408238003303968
477,discovery__discovery_19__teb__delay_100,discovery,discovery_19,teb,delay_100,355a6b600b50409b680ffb0e06ee53d75e1a915fb3142bddfb3a3a3180f9c8d5,true,true,external_tolerance,external_tolerance,false,0,244,1216,0.07815032450966115,0.04486714474762052,12.159999999999785,12.159999999999785,4.988944187458018,0.11316213599555218,0.012811079540983615,0.028230009,true,true,true,true,1.0
478,discovery__discovery_07__tr__tau_w_300,discovery,discovery_07,tr,tau_w_300,355a6b600b50409b680ffb0e06ee53d75e1a915fb3142bddfb3a3a3180f9c8d5,true,true,external_tolerance,external_tolerance,false,0,311,1552,0.07981027290300294,0.024477546525083726,15.519999999999714,15.519999999999714,6.170919743748007,0.010972517609165735,0.011904034971061099,0.056502844,true,true,true,true,0.9898002731465158
481,discovery__discovery_08__tr__tau_y_150,discovery,discovery_08,tr,tau_y_150,355a6b600b50409b680ffb0e06ee53d75e1a915fb3142bddfb3a3a3180f9c8d5,true,true,external_tolerance,external_tolerance,false,0,347,1735,0.07705985704546649,0.0989823895686418,17.349999999999913,17.349999999999913,5.885793787699126,0.07830938251729336,0.01013155425072046,0.025923156,true,true,true,true,0.9879766013098403
480,holdout__holdout_07__teb__e0,holdout,holdout_07,teb,e0,355a6b600b50409b680ffb0e06ee53d75e1a915fb3142bddfb3a3a3180f9c8d5,true,true,external_tolerance,external_tolerance,false,0,266,1328,0.07602589879096765,0.0632233011844171,13.279999999999761,13.279999999999761,5.811400616387253,0.17220325543163745,0.016298114398496235,0.053029615,true,true,true,true,0.9875310682885516
479,holdout__holdout_07__tr__e0,holdout,holdout_07,tr,e0,355a6b600b50409b680ffb0e06ee53d75e1a915fb3142bddfb3a3a3180f9c8d5,true,true,external_tolerance,external_tolerance,false,0,437,2185,0.07822145591531802,0.0991076197655766,21.850000000000616,21.850000000000616,5.647984803243063,0.027263608475542964,0.009720046878718528,0.018411072,true,true,true,true,0.987159117429357
483,discovery__discovery_03__tr__tau_w_100,discovery,discovery_03,tr,tau_w_100,355a6b600b50409b680ffb0e06ee53d75e1a915fb3142bddfb3a3a3180f9c8d5,true,true,external_tolerance,external_tolerance,false,0,285,1421,0.07423900045494998,0.09914562879201083,14.209999999999742,14.209999999999742,5.340779246025998,0.08504231197026554,0.011219469912280702,0.039111554,true,true,true,true,0.987294743114737
485,holdout__holdout_12__tr__tau_x_100,holdout,holdout_12,tr,tau_x_100,355a6b600b50409b680ffb0e06ee53d75e1a915fb3142bddfb3a3a3180f9c8d5,true,true,external_tolerance,external_tolerance,false,0,246,1228,0.07952931112811287,0.09220430975896361,12.279999999999783,12.279999999999783,4.934029986927354,0.04383922830446925,0.01176106255691057,0.024877926,true,true,true,true,0.9851622849921968
484,holdout__holdout_16__tr__tau_w_100,holdout,holdout_16,tr,tau_w_100,355a6b600b50409b680ffb0e06ee53d75e1a915fb3142bddfb3a3a3180f9c8d5,true,true,external_tolerance,external_tolerance,false,0,277,1383,0.07881039746311674,0.09955570365235478,13.82999999999975,13.82999999999975,5.3154172892583595,0.09765143482689714,0.011450209707581222,0.026104832,true,true,true,true,0.9876850595706628
482,holdout__holdout_09__tr__tau_y_300,holdout,holdout_09,tr,tau_y_300,355a6b600b50409b680ffb0e06ee53d75e1a915fb3142bddfb3a3a3180f9c8d5,true,false,logical_timeout,duration,false,0,600,3000,1.7086361937397672,0.8803075401112701,30.00000000000189,30.00000000000189,3.7738921797755904,0.12631392417675935,0.008647030939999996,0.023028662,true,true,true,true,0.5392751430253827
486,holdout__holdout_20__teb__e0,holdout,holdout_20,teb,e0,355a6b600b50409b680ffb0e06ee53d75e1a915fb3142bddfb3a3a3180f9c8d5,true,true,external_tolerance,external_tolerance,false,0,213,1062,0.07758089133106971,0.09730861228866064,10.619999999999818,10.619999999999818,5.213677905825909,0.12769963755567754,0.014523068154929571,0.034296819,true,true,true,true,0.9906725012354347
489,discovery__discovery_11__tr__tau_w_100,discovery,discovery_11,tr,tau_w_100,355a6b600b50409b680ffb0e06ee53d75e1a915fb3142bddfb3a3a3180f9c8d5,true,true,external_tolerance,external_tolerance,false,0,263,1314,0.07954048096173207,0.09907900261419059,13.139999999999764,13.139999999999764,5.027865479259567,0.08900863669959645,0.01098813287452472,0.021647183,true,true,true,true,0.9863111374165536
490,holdout__holdout_16__tr__tau_y_300,holdout,holdout_16,tr,tau_y_300,355a6b600b50409b680ffb0e06ee53d75e1a915fb3142bddfb3a3a3180f9c8d5,true,true,external_tolerance,external_tolerance,false,0,295,1474,0.07823252659934007,0.09999539947453832,14.73999999999973,14.73999999999973,5.2501437150491785,0.08137184765060448,0.010020559077966106,0.023718256,true,true,true,true,0.986591301059633
487,holdout__holdout_15__tr__tau_x_100,holdout,holdout_15,tr,tau_x_100,355a6b600b50409b680ffb0e06ee53d75e1a915fb3142bddfb3a3a3180f9c8d5,true,false,logical_timeout,duration,false,0,600,3000,4.355698602661635,0.0855002915486913,30.00000000000189,30.00000000000189,0.894804178407026,0.24631181519915948,0.009110818824999995,0.024079415,true,true,true,true,0.15607569207828642
492,discovery__discovery_06__teb__tau_y_500,discovery,discovery_06,teb,tau_y_500,355a6b600b50409b680ffb0e06ee53d75e1a915fb3142bddfb3a3a3180f9c8d5,true,true,external_tolerance,external_tolerance,false,0,318,1588,0.0797640051937749,0.03955499334097166,15.879999999999706,15.879999999999706,5.2545336835685115,0.0641073389955984,0.010316184088050306,0.048466713,true,true,true,true,1.0
493,discovery__discovery_19__teb__tau_w_300,discovery,discovery_19,teb,tau_w_300,355a6b600b50409b680ffb0e06ee53d75e1a915fb3142bddfb3a3a3180f9c8d5,true,true,external_tolerance,external_tolerance,false,0,275,1371,0.054836846246903055,0.09642975432587825,13.709999999999752,13.709999999999752,4.930274489564886,0.1305418023403766,0.011125375229090914,0.025592918,true,true,true,true,0.9936098728129461
491,holdout__holdout_14__teb__delay_050,holdout,holdout_14,teb,delay_050,355a6b600b50409b680ffb0e06ee53d75e1a915fb3142bddfb3a3a3180f9c8d5,true,true,external_tolerance,external_tolerance,false,0,303,1515,0.0049317056251736045,0.09545587744152143,15.149999999999721,15.149999999999721,6.044762505659798,0.032752416808128605,0.014074308811881181,0.04281352,true,true,true,true,0.9993363560353149
497,discovery__discovery_18__tr__tau_w_100,discovery,discovery_18,tr,tau_w_100,355a6b600b50409b680ffb0e06ee53d75e1a915fb3142bddfb3a3a3180f9c8d5,true,true,external_tolerance,external_tolerance,false,0,266,1327,0.0745544156373057,0.09952912148871772,13.269999999999762,13.269999999999762,4.94463527408858,0.07408786661950682,0.010703123586466162,0.018901632,true,true,true,true,0.9860034502588301
495,discovery__discovery_16__tr__e0,discovery,discovery_16,tr,e0,355a6b600b50409b680ffb0e06ee53d75e1a915fb3142bddfb3a3a3180f9c8d5,true,true,external_tolerance,external_tolerance,false,0,332,1659,0.07528671854345184,0.09947864317619307,16.589999999999794,16.589999999999794,5.80624536911259,0.08707936316482967,0.01003616574096385,0.025787866,true,true,true,true,0.9881657683837658
488,holdout__holdout_11__teb__delay_200,holdout,holdout_11,teb,delay_200,355a6b600b50409b680ffb0e06ee53d75e1a915fb3142bddfb3a3a3180f9c8d5,true,false,plugin returned no valid velocity command,plugin returned no valid velocity command,false,1,350,1750,1.5242043356060386,0.5148497619265777,17.499999999999936,17.499999999999936,5.102463589477445,0.019537025487838866,0.025588843444444426,0.041863922,true,true,true,true,0.7162110686993077
494,discovery__discovery_14__tr__e0,discovery,discovery_14,tr,e0,355a6b600b50409b680ffb0e06ee53d75e1a915fb3142bddfb3a3a3180f9c8d5,true,false,logical_timeout,duration,false,0,600,3000,2.6430971429262744,0.5878332402309849,30.00000000000189,30.00000000000189,2.514292213937572,0.1610754992268849,0.00755871803333333,0.030586593,true,true,true,true,0.36949138100561635
496,discovery__discovery_20__teb__tau_x_300,discovery,discovery_20,teb,tau_x_300,355a6b600b50409b680ffb0e06ee53d75e1a915fb3142bddfb3a3a3180f9c8d5,true,true,external_tolerance,external_tolerance,false,0,295,1472,0.04894858666422199,0.09910929184168504,14.71999999999973,14.71999999999973,6.26890204102942,0.12449441969921038,0.021512569176271187,0.051828737,true,true,true,true,0.9960633453914608
500,holdout__holdout_20__teb__tau_x_300,holdout,holdout_20,teb,tau_x_300,355a6b600b50409b680ffb0e06ee53d75e1a915fb3142bddfb3a3a3180f9c8d5,true,true,external_tolerance,external_tolerance,false,0,233,1163,0.05826866212290956,0.09743796052728118,11.629999999999797,11.629999999999797,5.252033433052753,0.15621497345504082,0.016027066849785394,0.044741364,true,true,true,true,0.9940359574633654
499,holdout__holdout_15__tr__tau_w_300,holdout,holdout_15,tr,tau_w_300,355a6b600b50409b680ffb0e06ee53d75e1a915fb3142bddfb3a3a3180f9c8d5,true,false,logical_timeout,duration,false,0,600,3000,4.356565390408712,0.035808070142023474,30.00000000000189,30.00000000000189,0.9100018785357219,0.2554388538749526,0.008507974508333335,0.021921809,true,true,true,true,0.15625621779422977
501,holdout__holdout_20__teb__delay_050,holdout,holdout_20,teb,delay_050,355a6b600b50409b680ffb0e06ee53d75e1a915fb3142bddfb3a3a3180f9c8d5,true,true,external_tolerance,external_tolerance,false,0,234,1170,0.056777196966278975,0.09558891447750377,11.699999999999795,11.699999999999795,5.354520250051223,0.13153621295259033,0.013922177705128212,0.032307075,true,true,true,true,0.9936572751386783
498,discovery__discovery_12__teb__delay_100,discovery,discovery_12,teb,delay_100,355a6b600b50409b680ffb0e06ee53d75e1a915fb3142bddfb3a3a3180f9c8d5,true,true,external_tolerance,external_tolerance,false,0,323,1614,0.06471929912037758,0.09969324292051797,16.139999999999723,16.139999999999723,5.8288702050556305,0.1807274537928048,0.021244069693498464,0.046202276,true,true,true,true,0.9912825729164658
503,holdout__holdout_09__tr__tau_x_300,holdout,holdout_09,tr,tau_x_300,355a6b600b50409b680ffb0e06ee53d75e1a915fb3142bddfb3a3a3180f9c8d5,true,true,external_tolerance,external_tolerance,false,0,408,2039,0.07329346191741627,0.09975439905591171,20.390000000000388,20.390000000000388,6.6552785992122585,0.04309919679728853,0.009344955696078433,0.05752077,true,true,true,true,1.0
507,discovery__discovery_19__teb__tau_y_150,discovery,discovery_19,teb,tau_y_150,355a6b600b50409b680ffb0e06ee53d75e1a915fb3142bddfb3a3a3180f9c8d5,true,true,external_tolerance,external_tolerance,false,0,241,1202,0.0796878419692413,0.0549472593906472,12.019999999999788,12.019999999999788,4.977220409425123,0.1354888643566954,0.011495057182572627,0.040165717,true,true,true,true,1.0
502,discovery__discovery_02__tr__tau_w_300,discovery,discovery_02,tr,tau_w_300,355a6b600b50409b680ffb0e06ee53d75e1a915fb3142bddfb3a3a3180f9c8d5,true,false,logical_timeout,duration,false,0,600,3000,4.378020477200425,0.8118724993802309,30.00000000000189,30.00000000000189,0.5269535965049613,0.7888125494138519,0.007744530578333334,0.016863284,true,true,true,true,0.0911951842877982
505,holdout__holdout_10__teb__tau_w_100,holdout,holdout_10,teb,tau_w_100,355a6b600b50409b680ffb0e06ee53d75e1a915fb3142bddfb3a3a3180f9c8d5,true,true,external_tolerance,external_tolerance,false,0,275,1372,0.027210524185666586,0.0980542692464051,13.719999999999752,13.719999999999752,5.774585199022775,0.1208852475988172,0.01488226430909091,0.028496959,true,true,true,true,0.9955813811468627
504,discovery__discovery_10__teb__tau_y_300,discovery,discovery_10,teb,tau_y_300,355a6b600b50409b680ffb0e06ee53d75e1a915fb3142bddfb3a3a3180f9c8d5,true,true,external_tolerance,external_tolerance,false,0,375,1872,0.07821658520128795,0.05895159709127145,18.720000000000127,18.720000000000127,5.844323257019529,0.005635278581270331,0.01617541898933331,0.050609373,true,true,true,true,0.9911213019484094
510,holdout__holdout_10__tr__tau_y_150,holdout,holdout_10,tr,tau_y_150,355a6b600b50409b680ffb0e06ee53d75e1a915fb3142bddfb3a3a3180f9c8d5,true,true,external_tolerance,external_tolerance,false,0,334,1670,0.07484407306199639,0.09951454820135619,16.69999999999981,16.69999999999981,5.700331556341359,0.10676317488936597,0.009628752272455092,0.02588497,true,true,true,true,0.9880944812689568
509,holdout__holdout_06__teb__delay_050,holdout,holdout_06,teb,delay_050,355a6b600b50409b680ffb0e06ee53d75e1a915fb3142bddfb3a3a3180f9c8d5,true,true,external_tolerance,external_tolerance,false,0,259,1295,0.07186768818377406,0.09907209290910095,12.949999999999768,12.949999999999768,5.080149698738175,0.19007312758513367,0.01676547281467183,0.038305475,true,true,true,true,0.9970252949799681
511,holdout__holdout_12__teb__delay_050,holdout,holdout_12,teb,delay_050,355a6b600b50409b680ffb0e06ee53d75e1a915fb3142bddfb3a3a3180f9c8d5,true,true,external_tolerance,external_tolerance,false,0,237,1184,0.037611630175285925,0.09602710984458156,11.839999999999792,11.839999999999792,5.196261236369164,0.08807539908309603,0.015055470472573832,0.05940332,true,true,true,true,0.9931032540761769
513,discovery__discovery_18__teb__tau_w_100,discovery,discovery_18,teb,tau_w_100,355a6b600b50409b680ffb0e06ee53d75e1a915fb3142bddfb3a3a3180f9c8d5,true,true,external_tolerance,external_tolerance,false,0,252,1259,0.05270747158991474,0.09349280864631704,12.589999999999776,12.589999999999776,5.074959189810187,0.18947566895032408,0.012530924619047612,0.026737675,true,true,true,true,0.9934656833793023
506,discovery__discovery_10__teb__tau_y_500,discovery,discovery_10,teb,tau_y_500,355a6b600b50409b680ffb0e06ee53d75e1a915fb3142bddfb3a3a3180f9c8d5,true,false,footprint_collision,footprint_collision,true,0,374,1866,0.9486427011287422,0.4869782130994376,18.660000000000117,18.660000000000117,5.147787192620726,0.0,0.020097593425133703,0.122037802,true,true,true,true,0.8108107540519705
508,discovery__discovery_01__teb__tau_y_300,discovery,discovery_01,teb,tau_y_300,355a6b600b50409b680ffb0e06ee53d75e1a915fb3142bddfb3a3a3180f9c8d5,true,true,external_tolerance,external_tolerance,false,0,397,1981,0.02794940934231036,0.09937311581826572,19.810000000000297,19.810000000000297,6.543138655377988,0.06770426776707483,0.017032963090680087,0.042287349,true,true,true,true,0.9960994194047181
512,holdout__holdout_14__teb__tau_x_300,holdout,holdout_14,teb,tau_x_300,355a6b600b50409b680ffb0e06ee53d75e1a915fb3142bddfb3a3a3180f9c8d5,true,true,external_tolerance,external_tolerance,false,0,355,1773,0.07862208215475876,0.06738025419133536,17.729999999999972,17.729999999999972,6.586541626195861,0.026303154297147434,0.01294768752394366,0.028883184,true,true,true,true,1.0
514,holdout__holdout_03__tr__tau_y_300,holdout,holdout_03,tr,tau_y_300,355a6b600b50409b680ffb0e06ee53d75e1a915fb3142bddfb3a3a3180f9c8d5,true,false,logical_timeout,duration,false,0,600,3000,4.385298783212793,0.5760375331505065,30.00000000000189,30.00000000000189,1.1551494537978906,0.581493891473431,0.0069245131483333345,0.033169288,true,true,true,true,0.10256565759300006
516,discovery__discovery_03__teb__tau_y_150,discovery,discovery_03,teb,tau_y_150,355a6b600b50409b680ffb0e06ee53d75e1a915fb3142bddfb3a3a3180f9c8d5,true,true,external_tolerance,external_tolerance,false,0,264,1319,0.07572012310697265,0.0996014931665142,13.189999999999763,13.189999999999763,5.59359984767989,0.11701515124214412,0.012304874803030313,0.024988544,true,true,true,true,0.9955365965026884
518,holdout__holdout_13__tr__tau_y_150,holdout,holdout_13,tr,tau_y_150,355a6b600b50409b680ffb0e06ee53d75e1a915fb3142bddfb3a3a3180f9c8d5,true,false,logical_timeout,duration,false,0,600,3000,4.187683327589782,0.720247641683086,30.00000000000189,30.00000000000189,1.3090116887810879,0.38189110635817425,0.004417951540000002,0.020275832,true,true,true,true,0.17181941110954968
521,discovery__discovery_08__teb__delay_050,discovery,discovery_08,teb,delay_050,355a6b600b50409b680ffb0e06ee53d75e1a915fb3142bddfb3a3a3180f9c8d5,true,false,plugin returned no valid velocity command,plugin returned no valid velocity command,false,1,94,470,3.3280348070410795,0.3265781026078886,4.699999999999944,4.699999999999944,1.931608614365674,0.10067570851131835,0.022773187242105267,0.032320027,true,true,true,true,0.31209583628927234
515,discovery__discovery_20__tr__tau_w_100,discovery,discovery_20,tr,tau_w_100,355a6b600b50409b680ffb0e06ee53d75e1a915fb3142bddfb3a3a3180f9c8d5,true,false,logical_timeout,duration,false,0,600,3000,4.478383733929045,0.6144046350341957,30.00000000000189,30.00000000000189,0.5654579642775334,0.4632111199179295,0.007156020713333326,0.018301642,true,true,true,true,0.0715419444099141
517,discovery__discovery_20__teb__tau_y_150,discovery,discovery_20,teb,tau_y_150,355a6b600b50409b680ffb0e06ee53d75e1a915fb3142bddfb3a3a3180f9c8d5,true,true,external_tolerance,external_tolerance,false,0,298,1487,0.07999512997177313,0.09694947633102778,14.869999999999727,14.869999999999727,6.249707587222943,0.1101161364953951,0.0199145499966443,0.060569465,true,true,true,true,0.992389121909158
519,discovery__discovery_15__teb__tau_w_100,discovery,discovery_15,teb,tau_w_100,355a6b600b50409b680ffb0e06ee53d75e1a915fb3142bddfb3a3a3180f9c8d5,true,true,external_tolerance,external_tolerance,false,0,250,1248,0.04592323722883477,0.09560073071350236,12.479999999999778,12.479999999999778,5.067384637261067,0.18649500853706522,0.013516283643999986,0.030920655,true,true,true,true,0.9937580979435193
520,holdout__holdout_10__teb__tau_x_100,holdout,holdout_10,teb,tau_x_100,355a6b600b50409b680ffb0e06ee53d75e1a915fb3142bddfb3a3a3180f9c8d5,true,true,external_tolerance,external_tolerance,false,0,268,1337,0.04967094655798462,0.09624703126394836,13.36999999999976,13.36999999999976,5.850528867287136,0.11889518617181735,0.0158644888544776,0.029874727,true,true,true,true,1.0
522,holdout__holdout_01__teb__e0,holdout,holdout_01,teb,e0,355a6b600b50409b680ffb0e06ee53d75e1a915fb3142bddfb3a3a3180f9c8d5,true,true,external_tolerance,external_tolerance,false,0,260,1300,0.016093033641698302,0.09474721548229591,12.999999999999767,12.999999999999767,5.5876789424849,0.20962995070279244,0.015294296811538466,0.032667759,true,true,true,true,0.997306047106038
523,holdout__holdout_09__tr__tau_y_150,holdout,holdout_09,tr,tau_y_150,355a6b600b50409b680ffb0e06ee53d75e1a915fb3142bddfb3a3a3180f9c8d5,true,true,external_tolerance,external_tolerance,false,0,528,2639,0.07851893055314271,0.09910611068727113,26.390000000001326,26.390000000001326,6.598074013762436,0.0800595309642481,0.009151552689393935,0.033442412,true,true,true,true,0.989440706718465
527,holdout__holdout_18__tr__e0,holdout,holdout_18,tr,e0,355a6b600b50409b680ffb0e06ee53d75e1a915fb3142bddfb3a3a3180f9c8d5,true,true,external_tolerance,external_tolerance,false,0,290,1447,0.0795725252912737,0.09996576020409159,14.469999999999736,14.469999999999736,5.660025249554628,0.06329677000857147,0.01123269564482758,0.027046311,true,true,true,true,0.9883670715949127
524,discovery__discovery_13__tr__tau_y_500,discovery,discovery_13,tr,tau_y_500,355a6b600b50409b680ffb0e06ee53d75e1a915fb3142bddfb3a3a3180f9c8d5,true,true,external_tolerance,external_tolerance,false,0,506,2527,0.07919313180821637,0.09938967414077972,25.27000000000115,25.27000000000115,6.031926674829951,0.036580423571747955,0.009002038499999997,0.022384749,true,true,true,true,0.9880686503913716
525,discovery__discovery_10__teb__delay_050,discovery,discovery_10,teb,delay_050,355a6b600b50409b680ffb0e06ee53d75e1a915fb3142bddfb3a3a3180f9c8d5,true,true,external_tolerance,external_tolerance,false,0,280,1396,0.07999582239543294,0.010383783414933503,13.959999999999747,13.959999999999747,5.533684503358684,0.08959165966874236,0.019422549642857143,0.04082176,true,true,true,true,0.9893812039994142
532,holdout__holdout_15__tr__tau_y_500,holdout,holdout_15,tr,tau_y_500,355a6b600b50409b680ffb0e06ee53d75e1a915fb3142bddfb3a3a3180f9c8d5,true,false,footprint_collision,footprint_collision,true,0,216,1078,4.123121976105205,0.20912161216141162,10.779999999999815,10.779999999999815,1.404546196544066,0.0,0.008617180685185187,0.022893901,true,true,true,true,0.19524268798778924
526,holdout__holdout_18__teb__tau_y_500,holdout,holdout_18,teb,tau_y_500,355a6b600b50409b680ffb0e06ee53d75e1a915fb3142bddfb3a3a3180f9c8d5,true,true,external_tolerance,external_tolerance,false,0,287,1435,0.06403202078780176,0.09739351791752723,14.349999999999739,14.349999999999739,5.80525124438031,0.21789352935647033,0.01732069862369337,0.078633531,true,true,true,true,0.9953088560111174
531,holdout__holdout_20__teb__tau_w_300,holdout,holdout_20,teb,tau_w_300,355a6b600b50409b680ffb0e06ee53d75e1a915fb3142bddfb3a3a3180f9c8d5,true,true,external_tolerance,external_tolerance,false,0,326,1628,0.025990093456484054,0.09663367545240276,16.279999999999745,16.279999999999745,5.245985490758299,0.12783809255437859,0.012808573567484665,0.043450137,true,true,true,true,0.9972677178102859
528,holdout__holdout_04__teb__tau_w_300,holdout,holdout_04,teb,tau_w_300,355a6b600b50409b680ffb0e06ee53d75e1a915fb3142bddfb3a3a3180f9c8d5,true,true,external_tolerance,external_tolerance,false,0,301,1505,0.034454678194180105,0.09793916879936558,15.049999999999724,15.049999999999724,5.0282675622421955,0.029466520735051755,0.015626888239202646,0.04021318,true,true,true,true,0.995336469336692
529,holdout__holdout_09__teb__tau_w_100,holdout,holdout_09,teb,tau_w_100,355a6b600b50409b680ffb0e06ee53d75e1a915fb3142bddfb3a3a3180f9c8d5,true,true,external_tolerance,external_tolerance,false,0,355,1775,0.008837720752703355,0.09771245078550718,17.749999999999975,17.749999999999975,6.93545234506618,0.14093204592697492,0.014700885225352095,0.034833228,true,true,true,true,0.9987865171881283
530,holdout__holdout_11__teb__tau_x_100,holdout,holdout_11,teb,tau_x_100,355a6b600b50409b680ffb0e06ee53d75e1a915fb3142bddfb3a3a3180f9c8d5,true,false,plugin returned no valid velocity command,plugin returned no valid velocity command,false,1,257,1285,1.3476023402459953,0.8863966013905565,12.84999999999977,12.84999999999977,5.286667087349383,0.015520987642940298,0.02457193620542638,0.072233313,true,true,true,true,0.7604273551584227
534,discovery__discovery_20__tr__delay_100,discovery,discovery_20,tr,delay_100,355a6b600b50409b680ffb0e06ee53d75e1a915fb3142bddfb3a3a3180f9c8d5,true,false,logical_timeout,duration,false,0,600,3000,4.476677022303733,0.3365697523564075,30.00000000000189,30.00000000000189,0.6589587492790487,0.46810760948069813,0.0060462560783333345,0.034698508,true,true,true,true,0.07061087856440622
533,holdout__holdout_15__tr__tau_y_300,holdout,holdout_15,tr,tau_y_300,355a6b600b50409b680ffb0e06ee53d75e1a915fb3142bddfb3a3a3180f9c8d5,true,false,logical_timeout,duration,false,0,600,3000,4.36010649447077,0.11165419249738961,30.00000000000189,30.00000000000189,0.9608924171654131,0.24177912913170663,0.00938531587833334,0.022721711,true,true,true,true,0.15685889325744692
537,discovery__discovery_03__tr__tau_x_300,discovery,discovery_03,tr,tau_x_300,355a6b600b50409b680ffb0e06ee53d75e1a915fb3142bddfb3a3a3180f9c8d5,true,true,external_tolerance,external_tolerance,false,0,279,1394,0.07801456706409639,0.07048969873458262,13.939999999999747,13.939999999999747,5.377942120451948,0.08527512248318388,0.012204120964157718,0.02269561,true,true,true,true,0.9870089974297065
538,discovery__discovery_10__tr__tau_x_300,discovery,discovery_10,tr,tau_x_300,355a6b600b50409b680ffb0e06ee53d75e1a915fb3142bddfb3a3a3180f9c8d5,true,true,external_tolerance,external_tolerance,false,0,321,1602,0.05572964282667838,0.09997731412159021,16.019999999999705,16.019999999999705,5.499860752425684,0.08088046703668063,0.010839939099688478,0.027051311,true,true,true,true,1.0
536,discovery__discovery_13__tr__tau_y_300,discovery,discovery_13,tr,tau_y_300,355a6b600b50409b680ffb0e06ee53d75e1a915fb3142bddfb3a3a3180f9c8d5,true,false,logical_timeout,duration,false,0,600,3000,0.07971061011018293,0.7773313315430723,30.00000000000189,30.00000000000189,5.885005196827342,0.00730303166254025,0.008534500491666663,0.041398507,true,true,true,true,0.9873896136391833
535,discovery__discovery_02__tr__delay_100,discovery,discovery_02,tr,delay_100,355a6b600b50409b680ffb0e06ee53d75e1a915fb3142bddfb3a3a3180f9c8d5,true,false,logical_timeout,duration,false,0,600,3000,4.384961180807477,0.7891646470874549,30.00000000000189,30.00000000000189,0.4895346036828808,0.7965548382088048,0.009208918505000007,0.05731584,true,true,true,true,0.09169567296907032
541,holdout__holdout_18__tr__delay_200,holdout,holdout_18,tr,delay_200,355a6b600b50409b680ffb0e06ee53d75e1a915fb3142bddfb3a3a3180f9c8d5,true,true,external_tolerance,external_tolerance,false,0,364,1819,0.020245684514499748,0.09914122333904016,18.190000000000044,18.190000000000044,6.204955038739388,0.10862844049226744,0.010830885912087905,0.039869881,true,true,true,true,0.9999472936943963
543,holdout__holdout_16__tr__e0,holdout,holdout_16,tr,e0,355a6b600b50409b680ffb0e06ee53d75e1a915fb3142bddfb3a3a3180f9c8d5,true,true,external_tolerance,external_tolerance,false,0,285,1421,0.07957249232253727,0.09958623510837243,14.209999999999742,14.209999999999742,5.288624569277598,0.08035550070719329,0.011211742585964904,0.025133988,true,true,true,true,0.9866010184453524
542,holdout__holdout_13__tr__tau_x_100,holdout,holdout_13,tr,tau_x_100,355a6b600b50409b680ffb0e06ee53d75e1a915fb3142bddfb3a3a3180f9c8d5,true,false,logical_timeout,duration,false,0,600,3000,4.182786592129162,0.883992443187168,30.00000000000189,30.00000000000189,1.7356468080834904,0.329928659206254,0.006873643213333335,0.024127945,true,true,true,true,0.17134334942089205
540,holdout__holdout_02__teb__tau_y_500,holdout,holdout_02,teb,tau_y_500,355a6b600b50409b680ffb0e06ee53d75e1a915fb3142bddfb3a3a3180f9c8d5,true,true,external_tolerance,external_tolerance,false,0,339,1692,0.07961532758709061,0.04075424987349579,16.919999999999845,16.919999999999845,5.216112895728505,0.0857305331166078,0.019506201713864295,0.044461523,true,true,true,true,0.9878936655280329
539,discovery__discovery_20__teb__delay_050,discovery,discovery_20,teb,delay_050,355a6b600b50409b680ffb0e06ee53d75e1a915fb3142bddfb3a3a3180f9c8d5,true,true,external_tolerance,external_tolerance,false,0,310,1547,0.06298651007055174,0.09694337161039793,15.469999999999715,15.469999999999715,6.2822729025247765,0.11860295961367662,0.022442716196774206,0.056792865,true,true,true,true,0.9981805450565485
546,discovery__discovery_19__teb__e0,discovery,discovery_19,teb,e0,355a6b600b50409b680ffb0e06ee53d75e1a915fb3142bddfb3a3a3180f9c8d5,true,true,external_tolerance,external_tolerance,false,0,219,1095,0.07428148079051973,0.09530002678070347,10.949999999999811,10.949999999999811,4.916992223973917,0.13782149207880234,0.012355704867579904,0.03082212,true,true,true,true,0.9936099342472615
544,discovery__discovery_12__tr__tau_w_300,discovery,discovery_12,tr,tau_w_300,355a6b600b50409b680ffb0e06ee53d75e1a915fb3142bddfb3a3a3180f9c8d5,true,false,logical_timeout,duration,false,0,600,3000,4.311085114815012,0.6672130821462848,30.00000000000189,30.00000000000189,1.3499507245945244,0.6301079474921318,0.006982037256666665,0.02323803,true,true,true,true,0.12207096181963525
545,discovery__discovery_09__teb__tau_x_100,discovery,discovery_09,teb,tau_x_100,355a6b600b50409b680ffb0e06ee53d75e1a915fb3142bddfb3a3a3180f9c8d5,true,true,external_tolerance,external_tolerance,false,0,250,1246,0.047394487463388396,0.09728291815377807,12.459999999999779,12.459999999999779,5.190615678467895,0.12196791390505758,0.018799073060000004,0.084820193,true,true,true,true,0.9932410040642858
548,discovery__discovery_18__teb__e0,discovery,discovery_18,teb,e0,355a6b600b50409b680ffb0e06ee53d75e1a915fb3142bddfb3a3a3180f9c8d5,true,true,external_tolerance,external_tolerance,false,0,229,1145,0.06866543970028346,0.09758280295058493,11.4499999999998,11.4499999999998,5.064510667506286,0.18018564996170516,0.01290237994323144,0.031933724,true,true,true,true,0.9940801033903307
551,holdout__holdout_04__tr__tau_y_300,holdout,holdout_04,tr,tau_y_300,355a6b600b50409b680ffb0e06ee53d75e1a915fb3142bddfb3a3a3180f9c8d5,true,true,external_tolerance,external_tolerance,false,0,264,1320,0.07973625815398426,0.09993744937381717,13.199999999999763,13.199999999999763,4.932850380767694,0.08556707202048444,0.010631707643939396,0.016874348,true,true,true,true,0.9851411978035722
549,holdout__holdout_05__teb__tau_x_100,holdout,holdout_05,teb,tau_x_100,355a6b600b50409b680ffb0e06ee53d75e1a915fb3142bddfb3a3a3180f9c8d5,true,true,external_tolerance,external_tolerance,false,0,245,1225,0.07547505618931391,0.055507440217513034,12.249999999999783,12.249999999999783,5.28465257517124,0.18020474658506852,0.01706081156734692,0.042817738,true,true,true,true,0.9866499668962098
547,holdout__holdout_03__tr__e0,holdout,holdout_03,tr,e0,355a6b600b50409b680ffb0e06ee53d75e1a915fb3142bddfb3a3a3180f9c8d5,true,false,logical_timeout,duration,false,0,600,3000,4.3985401823510895,0.7948975648730753,30.00000000000189,30.00000000000189,1.0306467741913308,0.5852547458297098,0.007503567224999995,0.038924061,true,true,true,true,0.10156047535645085
554,holdout__holdout_06__tr__e0,holdout,holdout_06,tr,e0,355a6b600b50409b680ffb0e06ee53d75e1a915fb3142bddfb3a3a3180f9c8d5,true,true,external_tolerance,external_tolerance,false,0,254,1266,0.07511148151002987,0.09986907408358679,12.659999999999775,12.659999999999775,4.9439335262636,0.08867952945473843,0.011585877299212604,0.057334901,true,true,true,true,0.9859054796521324
550,holdout__holdout_18__teb__delay_050,holdout,holdout_18,teb,delay_050,355a6b600b50409b680ffb0e06ee53d75e1a915fb3142bddfb3a3a3180f9c8d5,true,true,external_tolerance,external_tolerance,false,0,289,1442,0.003789195156342263,0.09985230166406606,14.419999999999737,14.419999999999737,5.839327860595831,0.23007892211896375,0.017542642543252582,0.035996599,true,true,true,true,0.9993755631484316
552,holdout__holdout_20__teb__delay_200,holdout,holdout_20,teb,delay_200,355a6b600b50409b680ffb0e06ee53d75e1a915fb3142bddfb3a3a3180f9c8d5,true,true,external_tolerance,external_tolerance,false,0,339,1691,0.04360657429001103,0.09900962405113956,16.909999999999844,16.909999999999844,5.673038072478039,0.11634867133188209,0.012822031259587025,0.034726546,true,true,true,true,0.9983572529770741
553,discovery__discovery_06__tr__delay_200,discovery,discovery_06,tr,delay_200,355a6b600b50409b680ffb0e06ee53d75e1a915fb3142bddfb3a3a3180f9c8d5,true,true,external_tolerance,external_tolerance,false,0,295,1471,0.06605412496562385,0.09613094040192595,14.70999999999973,14.70999999999973,5.362556072654262,0.0939448995507745,0.011590310810169493,0.029389075,true,true,true,true,0.9951779877963247
555,holdout__holdout_11__tr__tau_w_300,holdout,holdout_11,tr,tau_w_300,355a6b600b50409b680ffb0e06ee53d75e1a915fb3142bddfb3a3a3180f9c8d5,true,true,external_tolerance,external_tolerance,false,0,390,1950,0.07874191983989051,0.09734163871103728,19.50000000000025,19.50000000000025,6.407817893143929,0.029956245944574075,0.008986378864102564,0.018713598,true,true,true,true,0.9898162432881809
559,discovery__discovery_03__tr__tau_y_150,discovery,discovery_03,tr,tau_y_150,355a6b600b50409b680ffb0e06ee53d75e1a915fb3142bddfb3a3a3180f9c8d5,true,true,external_tolerance,external_tolerance,false,0,274,1370,0.07448109356228219,0.09988716316234805,13.699999999999752,13.699999999999752,5.379415797480252,0.059873123741251894,0.01136439864963503,0.042779847,true,true,true,true,0.9872519772763027
556,discovery__discovery_17__teb__tau_x_300,discovery,discovery_17,teb,tau_x_300,355a6b600b50409b680ffb0e06ee53d75e1a915fb3142bddfb3a3a3180f9c8d5,true,true,external_tolerance,external_tolerance,false,0,267,1334,0.0747348427910755,0.0553799194301636,13.33999999999976,13.33999999999976,5.658609101061075,0.08786099166456225,0.016626968104868918,0.040442789,true,true,true,true,0.9874864519975057
557,holdout__holdout_09__teb__delay_050,holdout,holdout_09,teb,delay_050,355a6b600b50409b680ffb0e06ee53d75e1a915fb3142bddfb3a3a3180f9c8d5,true,true,external_tolerance,external_tolerance,false,0,354,1766,0.0105274230702588,0.09390327586610482,17.65999999999996,17.65999999999996,7.004471029310769,0.1592244533400888,0.014662719658192097,0.029358625,true,true,true,true,0.998554550977466
558,holdout__holdout_13__tr__delay_050,holdout,holdout_13,tr,delay_050,355a6b600b50409b680ffb0e06ee53d75e1a915fb3142bddfb3a3a3180f9c8d5,true,false,logical_timeout,duration,false,0,600,3000,4.184999012647275,0.729455041245075,30.00000000000189,30.00000000000189,1.5354164696009602,0.35948256730299155,0.007417858548333336,0.043012386,true,true,true,true,0.1720020997154727
565,discovery__discovery_16__tr__tau_y_150,discovery,discovery_16,tr,tau_y_150,355a6b600b50409b680ffb0e06ee53d75e1a915fb3142bddfb3a3a3180f9c8d5,true,true,external_tolerance,external_tolerance,false,0,342,1708,0.07664017040009341,0.09974760420668453,17.07999999999987,17.07999999999987,5.8615257063952395,0.10253578128793,0.010249237248538016,0.028956062,true,true,true,true,0.9880341425407903
568,holdout__holdout_07__tr__tau_y_300,holdout,holdout_07,tr,tau_y_300,355a6b600b50409b680ffb0e06ee53d75e1a915fb3142bddfb3a3a3180f9c8d5,true,false,footprint_collision,footprint_collision,true,0,144,719,4.311844071850158,0.0007796374847907731,7.189999999999891,7.189999999999891,1.3204463125535815,0.0,0.010129149541666662,0.042662333,true,true,true,true,0.21731673780674773
562,holdout__holdout_06__teb__delay_100,holdout,holdout_06,teb,delay_100,355a6b600b50409b680ffb0e06ee53d75e1a915fb3142bddfb3a3a3180f9c8d5,true,true,external_tolerance,external_tolerance,false,0,284,1416,0.04558049531312758,0.0954105825327301,14.159999999999743,14.159999999999743,5.11578848412344,0.16426743556091805,0.017942014795774664,0.039047567,true,true,true,true,0.9991578504119105
560,holdout__holdout_08__teb__tau_w_100,holdout,holdout_08,teb,tau_w_100,355a6b600b50409b680ffb0e06ee53d75e1a915fb3142bddfb3a3a3180f9c8d5,true,true,external_tolerance,external_tolerance,false,0,341,1703,0.013981542642810254,0.09466960371645446,17.029999999999863,17.029999999999863,6.219837355472608,0.1381056966315681,0.017656649117302047,0.0488603,true,true,true,true,0.9978588353741218
561,holdout__holdout_20__teb__tau_y_500,holdout,holdout_20,teb,tau_y_500,355a6b600b50409b680ffb0e06ee53d75e1a915fb3142bddfb3a3a3180f9c8d5,true,true,external_tolerance,external_tolerance,false,0,493,2461,0.07926493252873693,0.014600749636164012,24.610000000001047,24.610000000001047,6.517784751575494,0.023236411716216168,0.012218035671399596,0.030972686,true,true,true,true,0.992197030260994
563,discovery__discovery_10__teb__tau_x_100,discovery,discovery_10,teb,tau_x_100,355a6b600b50409b680ffb0e06ee53d75e1a915fb3142bddfb3a3a3180f9c8d5,true,true,external_tolerance,external_tolerance,false,0,259,1292,0.077413935474467,0.04602919924012526,12.919999999999769,12.919999999999769,5.487049111432241,0.12884258043801816,0.020468029305019307,0.065395672,true,true,true,true,0.98876187035767
564,holdout__holdout_06__teb__tau_x_300,holdout,holdout_06,teb,tau_x_300,355a6b600b50409b680ffb0e06ee53d75e1a915fb3142bddfb3a3a3180f9c8d5,true,true,external_tolerance,external_tolerance,false,0,260,1300,0.05548930738806601,0.09661719428399611,12.999999999999767,12.999999999999767,5.063762169429689,0.20374262195694404,0.016912948084615367,0.038558543,true,true,true,true,0.9937416371515475
566,discovery__discovery_01__tr__delay_050,discovery,discovery_01,tr,delay_050,355a6b600b50409b680ffb0e06ee53d75e1a915fb3142bddfb3a3a3180f9c8d5,true,false,logical_timeout,duration,false,0,600,3000,4.592221651905435,0.25021280243820165,30.00000000000189,30.00000000000189,0.6941726299905416,0.2244943927899732,0.007113297704999998,0.01710853,true,true,true,true,0.0841068893475974
569,holdout__holdout_05__tr__delay_050,holdout,holdout_05,tr,delay_050,355a6b600b50409b680ffb0e06ee53d75e1a915fb3142bddfb3a3a3180f9c8d5,true,true,external_tolerance,external_tolerance,false,0,303,1511,0.07501330931679209,0.09969322776788114,15.109999999999722,15.109999999999722,5.196703983196936,0.03777952302017835,0.00978599432673267,0.03614804,true,true,true,true,0.9867614200134348
567,holdout__holdout_19__tr__tau_y_150,holdout,holdout_19,tr,tau_y_150,355a6b600b50409b680ffb0e06ee53d75e1a915fb3142bddfb3a3a3180f9c8d5,true,false,logical_timeout,duration,false,0,600,3000,4.366042024938239,0.6915027492213762,30.00000000000189,30.00000000000189,0.7993798463964409,0.8199098907923196,0.00845862951833333,0.030988918,true,true,true,true,0.12224565548043051
570,discovery__discovery_10__tr__tau_y_150,discovery,discovery_10,tr,tau_y_150,355a6b600b50409b680ffb0e06ee53d75e1a915fb3142bddfb3a3a3180f9c8d5,true,true,external_tolerance,external_tolerance,false,0,258,1290,0.07980271688216597,0.05314853696619739,12.89999999999977,12.89999999999977,5.209426361477257,0.08369863524749172,0.011423766170542634,0.041709053,true,true,true,true,0.9877198573087397
574,discovery__discovery_18__tr__tau_x_300,discovery,discovery_18,tr,tau_x_300,355a6b600b50409b680ffb0e06ee53d75e1a915fb3142bddfb3a3a3180f9c8d5,true,true,external_tolerance,external_tolerance,false,0,261,1304,0.07941116323692914,0.04980852630046106,13.039999999999766,13.039999999999766,5.046834143381186,0.11124537671094409,0.012007567187739468,0.025073092,true,true,true,true,0.9858106863157371
571,holdout__holdout_10__teb__delay_200,holdout,holdout_10,teb,delay_200,355a6b600b50409b680ffb0e06ee53d75e1a915fb3142bddfb3a3a3180f9c8d5,true,true,external_tolerance,external_tolerance,false,0,352,1758,0.0269866100993466,0.09439231735775444,17.57999999999995,17.57999999999995,6.004198624725155,0.09955473552618484,0.015279251951704535,0.037623116,true,true,true,true,0.9955790692445635
572,discovery__discovery_08__tr__tau_y_500,discovery,discovery_08,tr,tau_y_500,355a6b600b50409b680ffb0e06ee53d75e1a915fb3142bddfb3a3a3180f9c8d5,true,true,external_tolerance,external_tolerance,false,0,345,1724,0.07855055927513979,0.09962673587019306,17.239999999999895,17.239999999999895,5.894140845355623,0.15860734267286528,0.010108524295652172,0.029973995,true,true,true,true,0.9890070856614828
579,holdout__holdout_20__teb__tau_w_100,holdout,holdout_20,teb,tau_w_100,355a6b600b50409b680ffb0e06ee53d75e1a915fb3142bddfb3a3a3180f9c8d5,true,true,external_tolerance,external_tolerance,false,0,230,1147,0.04804086638037835,0.09655957459823798,11.4699999999998,11.4699999999998,5.231100263210391,0.1425669618449083,0.01414562667391303,0.042462342,true,true,true,true,0.9940417156777912
578,discovery__discovery_01__teb__e0,discovery,discovery_01,teb,e0,355a6b600b50409b680ffb0e06ee53d75e1a915fb3142bddfb3a3a3180f9c8d5,true,true,external_tolerance,external_tolerance,false,0,294,1467,0.02015951738962295,0.09821989080821703,14.669999999999732,14.669999999999732,6.292690309630518,0.06777856441051737,0.01719385145238094,0.037126803,true,true,true,true,0.9970158565880489
575,holdout__holdout_09__teb__e0,holdout,holdout_09,teb,e0,355a6b600b50409b680ffb0e06ee53d75e1a915fb3142bddfb3a3a3180f9c8d5,true,true,external_tolerance,external_tolerance,false,0,335,1674,0.011005296856993094,0.09898011693448595,16.739999999999817,16.739999999999817,6.927640944969007,0.14987285382750629,0.01552003428955225,0.031422248,true,true,true,true,0.9984886067617813
577,holdout__holdout_19__teb__tau_x_300,holdout,holdout_19,teb,tau_x_300,355a6b600b50409b680ffb0e06ee53d75e1a915fb3142bddfb3a3a3180f9c8d5,true,true,external_tolerance,external_tolerance,false,0,291,1455,0.07586854672111601,0.0742340432270776,14.549999999999734,14.549999999999734,5.994663486021695,0.20051424705692492,0.01838075689690721,0.040352711,true,true,true,true,0.9879476172405552
573,holdout__holdout_01__tr__e0,holdout,holdout_01,tr,e0,355a6b600b50409b680ffb0e06ee53d75e1a915fb3142bddfb3a3a3180f9c8d5,true,false,logical_timeout,duration,false,0,600,3000,2.8210320116907774,0.7311113893814386,30.00000000000189,30.00000000000189,2.0235679347189452,0.19212072709513284,0.009060204413333333,0.032766544,true,true,true,true,0.3375359904629835
576,holdout__holdout_09__tr__tau_x_100,holdout,holdout_09,tr,tau_x_100,355a6b600b50409b680ffb0e06ee53d75e1a915fb3142bddfb3a3a3180f9c8d5,true,false,logical_timeout,duration,false,0,600,3000,1.7161121504682606,0.7500180725008345,30.00000000000189,30.00000000000189,3.8488887189050587,0.10274140791845285,0.008737301684999992,0.057455881,true,true,true,true,0.5405548546873785
581,discovery__discovery_16__tr__delay_050,discovery,discovery_16,tr,delay_050,355a6b600b50409b680ffb0e06ee53d75e1a915fb3142bddfb3a3a3180f9c8d5,true,true,external_tolerance,external_tolerance,false,0,343,1715,0.0756462405476331,0.0998409365064385,17.14999999999988,17.14999999999988,5.7976508722597035,0.09741627234926988,0.009535714577259477,0.049612602,true,true,true,true,0.9880546638950742
582,holdout__holdout_16__teb__tau_y_300,holdout,holdout_16,teb,tau_y_300,355a6b600b50409b680ffb0e06ee53d75e1a915fb3142bddfb3a3a3180f9c8d5,true,true,external_tolerance,external_tolerance,false,0,306,1529,0.05507909040134543,0.09674796302889577,15.289999999999718,15.289999999999718,5.661385314339134,0.16574491631074556,0.01250326503921569,0.04586713,true,true,true,true,0.9960378608517976
580,discovery__discovery_02__teb__tau_y_500,discovery,discovery_02,teb,tau_y_500,355a6b600b50409b680ffb0e06ee53d75e1a915fb3142bddfb3a3a3180f9c8d5,true,true,external_tolerance,external_tolerance,false,0,413,2064,0.07932550290081289,0.007466609260295476,20.640000000000427,20.640000000000427,5.943170386698277,0.06806421932164951,0.013582223927360772,0.037636046,true,true,true,true,0.9890868515062785
585,discovery__discovery_15__teb__e0,discovery,discovery_15,teb,e0,355a6b600b50409b680ffb0e06ee53d75e1a915fb3142bddfb3a3a3180f9c8d5,true,true,external_tolerance,external_tolerance,false,0,227,1135,0.07742026837753788,0.08493437619338456,11.349999999999802,11.349999999999802,5.051880668599119,0.1640934265031695,0.012584283682819377,0.028804761,true,true,true,true,0.9938275067313717
583,holdout__holdout_10__teb__delay_100,holdout,holdout_10,teb,delay_100,355a6b600b50409b680ffb0e06ee53d75e1a915fb3142bddfb3a3a3180f9c8d5,true,true,external_tolerance,external_tolerance,false,0,294,1469,0.018306805691590686,0.09826641866306908,14.689999999999731,14.689999999999731,5.879957468740366,0.12509660389361654,0.014948829809523816,0.050348077,true,true,true,true,0.9997501841054961
587,holdout__holdout_04__tr__tau_w_100,holdout,holdout_04,tr,tau_w_100,355a6b600b50409b680ffb0e06ee53d75e1a915fb3142bddfb3a3a3180f9c8d5,true,true,external_tolerance,external_tolerance,false,0,265,1324,0.07412339361431011,0.09986887283548823,13.239999999999762,13.239999999999762,4.978057183000176,0.0729423455884552,0.011094941120754721,0.055691606,true,true,true,true,0.9860872818837326
586,discovery__discovery_02__teb__tau_y_300,discovery,discovery_02,teb,tau_y_300,355a6b600b50409b680ffb0e06ee53d75e1a915fb3142bddfb3a3a3180f9c8d5,true,true,external_tolerance,external_tolerance,false,0,310,1548,0.0773072948994292,0.035535754278496694,15.479999999999714,15.479999999999714,5.751783457184018,0.04420340899153026,0.01475086148387098,0.031672691,true,true,true,true,0.9876020177082304
589,holdout__holdout_16__teb__tau_y_150,holdout,holdout_16,teb,tau_y_150,355a6b600b50409b680ffb0e06ee53d75e1a915fb3142bddfb3a3a3180f9c8d5,true,true,external_tolerance,external_tolerance,false,0,266,1326,0.012199413047976053,0.09840174817218011,13.259999999999762,13.259999999999762,5.619720494281999,0.18606943354833846,0.012940671672932343,0.030437848,true,true,true,true,0.9989699246223872
588,discovery__discovery_14__teb__tau_w_100,discovery,discovery_14,teb,tau_w_100,355a6b600b50409b680ffb0e06ee53d75e1a915fb3142bddfb3a3a3180f9c8d5,true,true,external_tolerance,external_tolerance,false,0,299,1492,0.02037130807399469,0.09527191381909939,14.919999999999726,14.919999999999726,6.523277334350855,0.08408630008645192,0.01724262004682273,0.035966582,true,true,true,true,0.9972988716926192
592,discovery__discovery_12__tr__delay_050,discovery,discovery_12,tr,delay_050,355a6b600b50409b680ffb0e06ee53d75e1a915fb3142bddfb3a3a3180f9c8d5,true,false,logical_timeout,duration,false,0,600,3000,4.354887238176072,0.7000752095365856,30.00000000000189,30.00000000000189,1.4630092963793837,0.6691045174814186,0.006722788458333331,0.020398888,true,true,true,true,0.10978814783911998
591,holdout__holdout_01__tr__tau_w_300,holdout,holdout_01,tr,tau_w_300,355a6b600b50409b680ffb0e06ee53d75e1a915fb3142bddfb3a3a3180f9c8d5,true,false,logical_timeout,duration,false,0,600,3000,2.816656753407253,0.6366460288619287,30.00000000000189,30.00000000000189,2.0787016186453675,0.19762383592077262,0.00806113092833333,0.023221053,true,true,true,true,0.33812876028363326
593,holdout__holdout_10__teb__tau_y_150,holdout,holdout_10,teb,tau_y_150,355a6b600b50409b680ffb0e06ee53d75e1a915fb3142bddfb3a3a3180f9c8d5,true,true,external_tolerance,external_tolerance,false,0,269,1342,0.021297520923502726,0.09819095972912724,13.419999999999758,13.419999999999758,5.859631318385245,0.1260756764440182,0.01562554526022305,0.031506859,true,true,true,true,0.9975941700840227
590,holdout__holdout_10__teb__tau_y_500,holdout,holdout_10,teb,tau_y_500,355a6b600b50409b680ffb0e06ee53d75e1a915fb3142bddfb3a3a3180f9c8d5,true,true,external_tolerance,external_tolerance,false,0,396,1978,0.07906251172250649,0.08594064443852842,19.780000000000292,19.780000000000292,6.056501810966243,0.10910604707554258,0.016169435694444446,0.030273969,true,true,true,true,0.9920041410032717
594,discovery__discovery_05__teb__tau_y_500,discovery,discovery_05,teb,tau_y_500,355a6b600b50409b680ffb0e06ee53d75e1a915fb3142bddfb3a3a3180f9c8d5,true,true,external_tolerance,external_tolerance,false,0,333,1662,0.07910552433408337,0.01464244204666062,16.6199999999998,16.6199999999998,5.513042914057986,0.11174125316947216,0.014762328486486499,0.049357259,true,true,true,true,0.9892431079672487
595,holdout__holdout_14__teb__tau_w_100,holdout,holdout_14,teb,tau_w_100,355a6b600b50409b680ffb0e06ee53d75e1a915fb3142bddfb3a3a3180f9c8d5,true,true,external_tolerance,external_tolerance,false,0,311,1552,0.022529087065805323,0.0942549993319031,15.519999999999714,15.519999999999714,5.982866377141829,0.023739426560941215,0.014318956170418022,0.034001842,true,true,true,true,0.9965178367028621
584,discovery__discovery_20__teb__tau_w_300,discovery,discovery_20,teb,tau_w_300,355a6b600b50409b680ffb0e06ee53d75e1a915fb3142bddfb3a3a3180f9c8d5,true,true,external_tolerance,external_tolerance,false,0,585,2924,0.030001952519140458,0.09834003430185967,29.24000000000177,29.24000000000177,6.145906039223106,0.08614650770019362,0.019656124264957275,0.045926257,true,true,true,true,0.9971447893223274
599,discovery__discovery_10__tr__tau_w_100,discovery,discovery_10,tr,tau_w_100,355a6b600b50409b680ffb0e06ee53d75e1a915fb3142bddfb3a3a3180f9c8d5,true,true,external_tolerance,external_tolerance,false,0,260,1299,0.0796256924322107,0.033574316973205946,12.989999999999768,12.989999999999768,5.251629066636998,0.07826098473193269,0.011844289557692305,0.020207031,true,true,true,true,0.9882231318894398
596,discovery__discovery_14__tr__tau_y_500,discovery,discovery_14,tr,tau_y_500,355a6b600b50409b680ffb0e06ee53d75e1a915fb3142bddfb3a3a3180f9c8d5,true,false,logical_timeout,duration,false,0,600,3000,2.6415328196889867,0.7116508394773949,30.00000000000189,30.00000000000189,2.6137461066094625,0.1123561186547168,0.007697164743333335,0.029974641,true,true,true,true,0.36935157719477935
601,holdout__holdout_12__tr__tau_y_150,holdout,holdout_12,tr,tau_y_150,355a6b600b50409b680ffb0e06ee53d75e1a915fb3142bddfb3a3a3180f9c8d5,true,true,external_tolerance,external_tolerance,false,0,253,1264,0.07815925302435314,0.09970846463858334,12.639999999999775,12.639999999999775,4.905136324593516,0.055125255537329276,0.01133456543873518,0.040088655,true,true,true,true,0.9853285694500138
604,discovery__discovery_06__tr__delay_050,discovery,discovery_06,tr,delay_050,355a6b600b50409b680ffb0e06ee53d75e1a915fb3142bddfb3a3a3180f9c8d5,true,true,external_tolerance,external_tolerance,false,0,266,1329,0.06877884794210003,0.09969440247225955,13.289999999999761,13.289999999999761,4.9579476292773235,0.06326235890652379,0.011280097909774434,0.025051017,true,true,true,true,0.9872285550493154
598,discovery__discovery_10__teb__delay_100,discovery,discovery_10,teb,delay_100,355a6b600b50409b680ffb0e06ee53d75e1a915fb3142bddfb3a3a3180f9c8d5,true,true,external_tolerance,external_tolerance,false,0,327,1631,0.07655028730011479,0.07848659246526385,16.30999999999975,16.30999999999975,5.61096197389555,0.04975856996635652,0.020299282724770655,0.053217416,true,true,true,true,0.9896639213722982
602,holdout__holdout_16__teb__delay_050,holdout,holdout_16,teb,delay_050,355a6b600b50409b680ffb0e06ee53d75e1a915fb3142bddfb3a3a3180f9c8d5,true,true,external_tolerance,external_tolerance,false,0,275,1372,0.014160431563147821,0.09714329364599641,13.719999999999752,13.719999999999752,5.5471927347082515,0.17721901232209375,0.013239381145454537,0.053722356,true,true,true,true,0.9975931608294252
600,holdout__holdout_13__teb__tau_x_300,holdout,holdout_13,teb,tau_x_300,355a6b600b50409b680ffb0e06ee53d75e1a915fb3142bddfb3a3a3180f9c8d5,true,true,external_tolerance,external_tolerance,false,0,293,1461,0.025974911601026534,0.09833332254450676,14.609999999999733,14.609999999999733,5.975309549117706,0.09433613697165626,0.021148416389078495,0.047578404,true,true,true,true,1.0
603,discovery__discovery_04__tr__tau_y_300,discovery,discovery_04,tr,tau_y_300,355a6b600b50409b680ffb0e06ee53d75e1a915fb3142bddfb3a3a3180f9c8d5,true,false,logical_timeout,duration,false,0,600,3000,3.887164164064053,0.37652409793078356,30.00000000000189,30.00000000000189,1.160803006429973,0.29605759683563937,0.006782043575000009,0.0207293,true,true,true,true,0.19248286945435805
606,holdout__holdout_18__tr__delay_050,holdout,holdout_18,tr,delay_050,355a6b600b50409b680ffb0e06ee53d75e1a915fb3142bddfb3a3a3180f9c8d5,true,true,external_tolerance,external_tolerance,false,0,309,1543,0.07741776913744726,0.0999019918009569,15.429999999999715,15.429999999999715,5.656639218051072,0.06446845336906279,0.010969697339805821,0.02708363,true,true,true,true,0.9877838841101327
607,holdout__holdout_20__tr__delay_050,holdout,holdout_20,tr,delay_050,355a6b600b50409b680ffb0e06ee53d75e1a915fb3142bddfb3a3a3180f9c8d5,true,true,external_tolerance,external_tolerance,false,0,263,1311,0.0685732408744485,0.09988235793754494,13.109999999999765,13.109999999999765,4.901372082965102,0.06936568401831943,0.01142833705323194,0.05531051,true,true,true,true,0.9871251962319865
597,discovery__discovery_01__teb__delay_200,discovery,discovery_01,teb,delay_200,355a6b600b50409b680ffb0e06ee53d75e1a915fb3142bddfb3a3a3180f9c8d5,true,true,external_tolerance,external_tolerance,false,0,550,2750,0.05378688260357519,0.09605532468127569,27.5000000000015,27.5000000000015,6.58061902718383,0.03487487521784538,0.016961336509090878,0.035522254,true,true,true,true,0.9926606496421542
605,holdout__holdout_07__tr__tau_y_500,holdout,holdout_07,tr,tau_y_500,355a6b600b50409b680ffb0e06ee53d75e1a915fb3142bddfb3a3a3180f9c8d5,true,false,logical_timeout,duration,false,0,600,3000,4.527540018174791,0.33716149653390104,30.00000000000189,30.00000000000189,1.1840931198657276,0.12471488534381892,0.0069090864883333295,0.019880466,true,true,true,true,0.14067939419489736
609,discovery__discovery_11__tr__tau_y_500,discovery,discovery_11,tr,tau_y_500,355a6b600b50409b680ffb0e06ee53d75e1a915fb3142bddfb3a3a3180f9c8d5,true,true,external_tolerance,external_tolerance,false,0,248,1236,0.07983499906686718,0.008084537629034567,12.359999999999781,12.359999999999781,5.015882278219654,0.08949434246622527,0.01142911900806451,0.041764358,true,true,true,true,0.9884132641514465
610,discovery__discovery_09__tr__tau_w_100,discovery,discovery_09,tr,tau_w_100,355a6b600b50409b680ffb0e06ee53d75e1a915fb3142bddfb3a3a3180f9c8d5,true,true,external_tolerance,external_tolerance,false,0,261,1305,0.07760480811862268,0.0994960323871558,13.049999999999766,13.049999999999766,4.953996711577566,0.028604482086273288,0.010145290651340998,0.017626264,true,true,true,true,0.9858712265311977
612,holdout__holdout_14__tr__delay_200,holdout,holdout_14,tr,delay_200,355a6b600b50409b680ffb0e06ee53d75e1a915fb3142bddfb3a3a3180f9c8d5,true,false,plugin returned no valid velocity command,plugin returned no valid velocity command,false,1,171,855,2.348955610631973,0.22343722464866167,8.549999999999862,8.549999999999862,3.125765201299085,0.0030504645092606208,0.010862049779069769,0.019300522,true,true,true,true,0.49331820832721485
613,discovery__discovery_17__teb__delay_050,discovery,discovery_17,teb,delay_050,355a6b600b50409b680ffb0e06ee53d75e1a915fb3142bddfb3a3a3180f9c8d5,true,true,external_tolerance,external_tolerance,false,0,268,1339,0.07998515632137056,0.06205960678655342,13.389999999999759,13.389999999999759,5.752208198694143,0.019610409459114464,0.01592389962313433,0.030986855,true,true,true,true,0.9872847637562608
608,holdout__holdout_07__teb__tau_w_300,holdout,holdout_07,teb,tau_w_300,355a6b600b50409b680ffb0e06ee53d75e1a915fb3142bddfb3a3a3180f9c8d5,true,true,external_tolerance,external_tolerance,false,0,474,2369,0.038438596183744705,0.09647543349748378,23.690000000000904,23.690000000000904,5.793098267409689,0.16033338930437488,0.015464304725738384,0.035743998,true,true,true,true,0.9937039379661639
616,discovery__discovery_19__teb__tau_x_300,discovery,discovery_19,teb,tau_x_300,355a6b600b50409b680ffb0e06ee53d75e1a915fb3142bddfb3a3a3180f9c8d5,true,true,external_tolerance,external_tolerance,false,0,241,1203,0.07573861340692538,0.09090931918885417,12.029999999999788,12.029999999999788,4.9098410225893785,0.14578571188838607,0.013569637257261414,0.026732373,true,true,true,true,0.9943714657384664
614,holdout__holdout_17__teb__tau_y_300,holdout,holdout_17,teb,tau_y_300,355a6b600b50409b680ffb0e06ee53d75e1a915fb3142bddfb3a3a3180f9c8d5,true,false,plugin returned no valid velocity command,plugin returned no valid velocity command,false,1,173,865,2.0844626658422527,0.13502972077560318,8.64999999999986,8.64999999999986,3.4789415101054946,0.02811171729214218,0.028041082586206894,0.045562918,true,true,true,true,0.5971338875926571
619,holdout__holdout_12__tr__tau_w_100,holdout,holdout_12,tr,tau_w_100,355a6b600b50409b680ffb0e06ee53d75e1a915fb3142bddfb3a3a3180f9c8d5,true,true,external_tolerance,external_tolerance,false,0,265,1324,0.07542293278547559,0.09963500454381405,13.239999999999762,13.239999999999762,4.932019218797616,0.032119741782214585,0.010453860777358487,0.018030288,true,true,true,true,0.9858451510308148
611,holdout__holdout_07__tr__tau_w_300,holdout,holdout_07,tr,tau_w_300,355a6b600b50409b680ffb0e06ee53d75e1a915fb3142bddfb3a3a3180f9c8d5,true,false,logical_timeout,duration,false,0,600,3000,0.09211478598941013,0.29494836055282103,30.00000000000189,30.00000000000189,5.690262391417511,0.02927523861256683,0.008658123453333322,0.041876048,true,true,true,true,0.9857239398993115
618,holdout__holdout_04__teb__tau_y_300,holdout,holdout_04,teb,tau_y_300,355a6b600b50409b680ffb0e06ee53d75e1a915fb3142bddfb3a3a3180f9c8d5,true,true,external_tolerance,external_tolerance,false,0,300,1498,0.07949947157847422,0.022947863763575202,14.979999999999725,14.979999999999725,5.284621047837838,0.04825931154323371,0.016012379886666664,0.035455482,true,true,true,true,1.0
617,holdout__holdout_11__teb__e0,holdout,holdout_11,teb,e0,355a6b600b50409b680ffb0e06ee53d75e1a915fb3142bddfb3a3a3180f9c8d5,true,false,plugin returned no valid velocity command,plugin returned no valid velocity command,false,1,242,1210,1.4492079397021373,0.7517478125021092,12.099999999999786,12.099999999999786,5.12241551649395,0.0447625407204435,0.025269327514403295,0.039914733,true,true,true,true,0.7402052639244191
621,discovery__discovery_08__tr__tau_y_300,discovery,discovery_08,tr,tau_y_300,355a6b600b50409b680ffb0e06ee53d75e1a915fb3142bddfb3a3a3180f9c8d5,true,true,external_tolerance,external_tolerance,false,0,345,1724,0.0755966641821444,0.09929540806359588,17.239999999999895,17.239999999999895,5.8333664930545455,0.05147620575784129,0.009852535362318846,0.050505251,true,true,true,true,0.9887978143724124
622,holdout__holdout_14__tr__delay_100,holdout,holdout_14,tr,delay_100,355a6b600b50409b680ffb0e06ee53d75e1a915fb3142bddfb3a3a3180f9c8d5,true,true,external_tolerance,external_tolerance,false,0,330,1648,0.07551590184283913,0.09916682923277487,16.479999999999777,16.479999999999777,5.809212054664768,0.07345085531614064,0.010359530690909089,0.040045644,true,true,true,true,0.9888136734233116
615,discovery__discovery_01__teb__tau_y_500,discovery,discovery_01,teb,tau_y_500,355a6b600b50409b680ffb0e06ee53d75e1a915fb3142bddfb3a3a3180f9c8d5,true,true,external_tolerance,external_tolerance,false,0,449,2242,0.07857451462893329,0.099889197680929,22.420000000000705,22.420000000000705,6.603774783963301,0.0503238027256374,0.01660003274387527,0.038765695,true,true,true,true,0.9917093662941899
623,holdout__holdout_03__teb__delay_200,holdout,holdout_03,teb,delay_200,355a6b600b50409b680ffb0e06ee53d75e1a915fb3142bddfb3a3a3180f9c8d5,true,false,plugin returned no valid velocity command,plugin returned no valid velocity command,false,1,103,515,3.437577141670849,0.31996480775649006,5.149999999999935,5.149999999999935,1.9145654992911594,0.04457580557159269,0.02409381661538462,0.053552916,true,true,true,true,0.326287443554482
620,holdout__holdout_06__teb__delay_200,holdout,holdout_06,teb,delay_200,355a6b600b50409b680ffb0e06ee53d75e1a915fb3142bddfb3a3a3180f9c8d5,true,true,external_tolerance,external_tolerance,false,0,323,1614,0.041489825573454,0.09835694868898795,16.139999999999723,16.139999999999723,5.282678082152538,0.11892361213920627,0.01847826046749229,0.053085885,true,true,true,true,1.0
627,discovery__discovery_08__teb__tau_y_150,discovery,discovery_08,teb,tau_y_150,355a6b600b50409b680ffb0e06ee53d75e1a915fb3142bddfb3a3a3180f9c8d5,true,false,plugin returned no valid velocity command,plugin returned no valid velocity command,false,1,89,445,3.3239493224943866,0.33294167248132894,4.4499999999999496,4.4499999999999496,1.9265341674448655,0.10034964071878605,0.020526430255555558,0.029575766,true,true,true,true,0.31046809973974926
625,discovery__discovery_07__tr__tau_x_300,discovery,discovery_07,tr,tau_x_300,355a6b600b50409b680ffb0e06ee53d75e1a915fb3142bddfb3a3a3180f9c8d5,true,true,external_tolerance,external_tolerance,false,0,371,1853,0.035339782609879876,0.09956427236460173,18.530000000000097,18.530000000000097,6.600774066210978,0.10334338893714891,0.010252647528301888,0.041867699,true,true,true,true,1.0
626,holdout__holdout_18__tr__tau_w_100,holdout,holdout_18,tr,tau_w_100,355a6b600b50409b680ffb0e06ee53d75e1a915fb3142bddfb3a3a3180f9c8d5,true,true,external_tolerance,external_tolerance,false,0,298,1490,0.07899032051518841,0.09897630260125198,14.899999999999727,14.899999999999727,5.6660230902879976,0.02236658104235917,0.01031358426845637,0.019465842,true,true,true,true,0.9877502829935405
628,holdout__holdout_11__tr__delay_050,holdout,holdout_11,tr,delay_050,355a6b600b50409b680ffb0e06ee53d75e1a915fb3142bddfb3a3a3180f9c8d5,true,true,external_tolerance,external_tolerance,false,0,383,1911,0.07221442176709589,0.09968280999969072,19.110000000000188,19.110000000000188,6.652223517964695,0.11387288866968523,0.00907827027415144,0.01764726,true,true,true,true,0.9899098106882841
629,discovery__discovery_09__tr__delay_200,discovery,discovery_09,tr,delay_200,355a6b600b50409b680ffb0e06ee53d75e1a915fb3142bddfb3a3a3180f9c8d5,true,true,external_tolerance,external_tolerance,false,0,305,1523,0.07958704807620963,0.09026979505378593,15.22999999999972,15.22999999999972,5.5863995285143995,0.12770597972006112,0.011154501245901638,0.016058085,true,true,true,true,1.0
624,discovery__discovery_14__teb__delay_100,discovery,discovery_14,teb,delay_100,355a6b600b50409b680ffb0e06ee53d75e1a915fb3142bddfb3a3a3180f9c8d5,true,true,external_tolerance,external_tolerance,false,0,338,1686,0.01790723807846617,0.09508533679914088,16.859999999999836,16.859999999999836,6.769505352010993,0.05044333999220995,0.016453382298816557,0.03101807,true,true,true,true,1.0
635,discovery__discovery_10__tr__delay_050,discovery,discovery_10,tr,delay_050,355a6b600b50409b680ffb0e06ee53d75e1a915fb3142bddfb3a3a3180f9c8d5,true,true,external_tolerance,external_tolerance,false,0,262,1306,0.0795897360512899,0.0046772679872678375,13.059999999999766,13.059999999999766,5.243943734091645,0.07728394374887171,0.010861910797709923,0.017139488,true,true,true,true,0.9874591941256188
632,discovery__discovery_17__teb__delay_100,discovery,discovery_17,teb,delay_100,355a6b600b50409b680ffb0e06ee53d75e1a915fb3142bddfb3a3a3180f9c8d5,true,false,plugin returned no valid velocity command,plugin returned no valid velocity command,false,1,195,975,1.9264642488422934,0.6652221897500988,9.749999999999837,9.749999999999837,3.822718201856755,0.041632697755513356,0.020749973785714287,0.044468563,true,true,true,true,0.6360196181349496
630,holdout__holdout_08__teb__delay_050,holdout,holdout_08,teb,delay_050,355a6b600b50409b680ffb0e06ee53d75e1a915fb3142bddfb3a3a3180f9c8d5,true,true,external_tolerance,external_tolerance,false,0,314,1569,0.012674794533813066,0.09824705419355095,15.68999999999971,15.68999999999971,6.289292778615638,0.14489786496887047,0.017103888786624187,0.035095382,true,true,true,true,1.0
631,discovery__discovery_13__teb__e0,discovery,discovery_13,teb,e0,355a6b600b50409b680ffb0e06ee53d75e1a915fb3142bddfb3a3a3180f9c8d5,true,true,external_tolerance,external_tolerance,false,0,292,1460,0.0767634777402251,0.09207184751962467,14.599999999999733,14.599999999999733,6.025768113038707,0.1309372551339415,0.017332712708904106,0.038471959,true,true,true,true,0.9877659978734831
633,holdout__holdout_12__teb__delay_100,holdout,holdout_12,teb,delay_100,355a6b600b50409b680ffb0e06ee53d75e1a915fb3142bddfb3a3a3180f9c8d5,true,true,external_tolerance,external_tolerance,false,0,281,1404,0.05535308221718568,0.09736989352004677,14.039999999999745,14.039999999999745,5.267538611539654,0.04588419660150071,0.015047103804270474,0.031151758,true,true,true,true,0.9935585581377944
634,holdout__holdout_07__teb__tau_y_500,holdout,holdout_07,teb,tau_y_500,355a6b600b50409b680ffb0e06ee53d75e1a915fb3142bddfb3a3a3180f9c8d5,true,true,external_tolerance,external_tolerance,false,0,337,1685,0.07796701499944922,0.07728104183007264,16.849999999999834,16.849999999999834,5.845288828878776,0.13895227497481832,0.01343068851038576,0.0323419,true,true,true,true,0.9881507759004328
636,discovery__discovery_02__tr__tau_y_300,discovery,discovery_02,tr,tau_y_300,355a6b600b50409b680ffb0e06ee53d75e1a915fb3142bddfb3a3a3180f9c8d5,true,false,logical_timeout,duration,false,0,600,3000,4.37757758948297,0.7109177684411214,30.00000000000189,30.00000000000189,0.5250794777582357,0.7866865070450164,0.007631794081666663,0.031273275,true,true,true,true,0.09270841841704232
638,holdout__holdout_14__teb__tau_y_150,holdout,holdout_14,teb,tau_y_150,355a6b600b50409b680ffb0e06ee53d75e1a915fb3142bddfb3a3a3180f9c8d5,true,true,external_tolerance,external_tolerance,false,0,290,1448,0.013577830173403664,0.09918183786121794,14.479999999999736,14.479999999999736,6.0896209837913595,0.02414245070887369,0.014106154724137931,0.030119445,true,true,true,true,0.9985069960103712
639,discovery__discovery_18__teb__tau_y_500,discovery,discovery_18,teb,tau_y_500,355a6b600b50409b680ffb0e06ee53d75e1a915fb3142bddfb3a3a3180f9c8d5,true,true,external_tolerance,external_tolerance,false,0,286,1429,0.06337747864295286,0.0970484252165498,14.28999999999974,14.28999999999974,5.1547679442131145,0.10388729290314312,0.013734831692307688,0.037614929,true,true,true,true,0.9881001430169117
641,discovery__discovery_05__tr__delay_100,discovery,discovery_05,tr,delay_100,355a6b600b50409b680ffb0e06ee53d75e1a915fb3142bddfb3a3a3180f9c8d5,true,true,external_tolerance,external_tolerance,false,0,320,1599,0.06148820493720944,0.09964828889959958,15.989999999999704,15.989999999999704,5.5021450524222395,0.08502554119340326,0.010326834774999993,0.034606647,true,true,true,true,0.9897618020793275
637,discovery__discovery_17__tr__tau_w_300,discovery,discovery_17,tr,tau_w_300,355a6b600b50409b680ffb0e06ee53d75e1a915fb3142bddfb3a3a3180f9c8d5,true,false,logical_timeout,duration,false,0,600,3000,4.24867457159292,0.8205752421549999,30.00000000000189,30.00000000000189,0.8096439872085541,0.5173369022837788,0.007874604699999994,0.044143334,true,true,true,true,0.13144212823258086
640,holdout__holdout_09__tr__tau_w_300,holdout,holdout_09,tr,tau_w_300,355a6b600b50409b680ffb0e06ee53d75e1a915fb3142bddfb3a3a3180f9c8d5,true,true,external_tolerance,external_tolerance,false,0,576,2880,0.07870685364806838,0.09977548505620516,28.800000000001702,28.800000000001702,6.51241038866794,0.03279590866529001,0.008939663190972218,0.020974008,true,true,true,true,0.9895599937733359
643,holdout__holdout_01__teb__tau_w_100,holdout,holdout_01,teb,tau_w_100,355a6b600b50409b680ffb0e06ee53d75e1a915fb3142bddfb3a3a3180f9c8d5,true,true,external_tolerance,external_tolerance,false,0,277,1382,0.018945751767742536,0.09556133314705066,13.81999999999975,13.81999999999975,5.579476115738334,0.20425113272914827,0.015619530014440424,0.032268864,true,true,true,true,0.996833076206487
642,discovery__discovery_04__teb__tau_y_500,discovery,discovery_04,teb,tau_y_500,355a6b600b50409b680ffb0e06ee53d75e1a915fb3142bddfb3a3a3180f9c8d5,true,true,external_tolerance,external_tolerance,false,0,298,1487,0.07907616024040727,0.06139866491814264,14.869999999999727,14.869999999999727,5.651001098750766,0.1190609124613446,0.01561095825503355,0.040770851,true,true,true,true,1.0
644,holdout__holdout_01__teb__tau_y_300,holdout,holdout_01,teb,tau_y_300,355a6b600b50409b680ffb0e06ee53d75e1a915fb3142bddfb3a3a3180f9c8d5,true,true,external_tolerance,external_tolerance,false,0,275,1372,0.022340590813707654,0.09775329756181622,13.719999999999752,13.719999999999752,5.629501814562576,0.198106009081393,0.01579308549090909,0.033465146,true,true,true,true,0.9995838172032199
648,discovery__discovery_05__tr__tau_y_150,discovery,discovery_05,tr,tau_y_150,355a6b600b50409b680ffb0e06ee53d75e1a915fb3142bddfb3a3a3180f9c8d5,true,true,external_tolerance,external_tolerance,false,0,291,1453,0.07602187817224063,0.0997519592034275,14.529999999999735,14.529999999999735,5.209923659663593,0.045023099049245674,0.009833827542955339,0.037469268,true,true,true,true,0.9873381136163534
646,discovery__discovery_14__tr__tau_x_300,discovery,discovery_14,tr,tau_x_300,355a6b600b50409b680ffb0e06ee53d75e1a915fb3142bddfb3a3a3180f9c8d5,true,false,logical_timeout,duration,false,0,600,3000,2.6172522547049395,0.6386348543416961,30.00000000000189,30.00000000000189,3.1758104588889653,0.17216391531457031,0.007783573313333346,0.02425721,true,true,true,true,0.3786587114517276
649,holdout__holdout_04__tr__e0,holdout,holdout_04,tr,e0,355a6b600b50409b680ffb0e06ee53d75e1a915fb3142bddfb3a3a3180f9c8d5,true,true,external_tolerance,external_tolerance,false,0,266,1330,0.0783172995334128,0.09992317967792781,13.299999999999761,13.299999999999761,4.970334248037855,0.08484707730033987,0.011106009808270678,0.046206112,true,true,true,true,0.9853087325347655
647,holdout__holdout_12__teb__delay_200,holdout,holdout_12,teb,delay_200,355a6b600b50409b680ffb0e06ee53d75e1a915fb3142bddfb3a3a3180f9c8d5,true,true,external_tolerance,external_tolerance,false,0,359,1793,0.019593282604919132,0.09981342289677898,17.930000000000003,17.930000000000003,5.496012903150199,0.02691132681730541,0.015479695428969384,0.036966407,true,true,true,true,1.0
645,holdout__holdout_09__teb__tau_w_300,holdout,holdout_09,teb,tau_w_300,355a6b600b50409b680ffb0e06ee53d75e1a915fb3142bddfb3a3a3180f9c8d5,true,true,external_tolerance,external_tolerance,false,0,411,2055,0.01053767624317054,0.09609136388811945,20.550000000000413,20.550000000000413,6.949964954065358,0.14931307460115142,0.014751056868613133,0.060038072,true,true,true,true,0.9985530123848023
651,holdout__holdout_03__tr__tau_x_300,holdout,holdout_03,tr,tau_x_300,355a6b600b50409b680ffb0e06ee53d75e1a915fb3142bddfb3a3a3180f9c8d5,true,false,logical_timeout,duration,false,0,600,3000,4.4141638427725844,0.6560265963897147,30.00000000000189,30.00000000000189,1.718387426301708,0.49041781051414457,0.006541457311666673,0.02461793,true,true,true,true,0.0986555272726841
652,holdout__holdout_19__teb__delay_050,holdout,holdout_19,teb,delay_050,355a6b600b50409b680ffb0e06ee53d75e1a915fb3142bddfb3a3a3180f9c8d5,true,true,external_tolerance,external_tolerance,false,0,300,1500,0.07914725879008416,0.09404242941872072,14.999999999999725,14.999999999999725,6.053773471945203,0.1991785033904945,0.015991120016666676,0.028016652,true,true,true,true,0.9886039980802758
650,holdout__holdout_06__teb__tau_y_500,holdout,holdout_06,teb,tau_y_500,355a6b600b50409b680ffb0e06ee53d75e1a915fb3142bddfb3a3a3180f9c8d5,true,true,external_tolerance,external_tolerance,false,0,320,1596,0.05700805982455817,0.09733096626879328,15.959999999999704,15.959999999999704,5.195021564333318,0.14443968547043495,0.01620468096249999,0.076182781,true,true,true,true,0.9894800350619962
654,discovery__discovery_09__teb__tau_x_300,discovery,discovery_09,teb,tau_x_300,355a6b600b50409b680ffb0e06ee53d75e1a915fb3142bddfb3a3a3180f9c8d5,true,true,external_tolerance,external_tolerance,false,0,256,1280,0.05708566242286227,0.0975942450882958,12.799999999999772,12.799999999999772,5.196980418110155,0.14066499972696594,0.018316085632812496,0.035036871,true,true,true,true,0.9960887102151232
659,discovery__discovery_09__tr__tau_w_300,discovery,discovery_09,tr,tau_w_300,355a6b600b50409b680ffb0e06ee53d75e1a915fb3142bddfb3a3a3180f9c8d5,true,true,external_tolerance,external_tolerance,false,0,246,1227,0.07982804513480378,0.0025831573300944067,12.269999999999783,12.269999999999783,5.009643682461789,0.10470714581859077,0.01217775422764228,0.047687746,true,true,true,true,0.9859317559577723
655,discovery__discovery_17__tr__tau_x_100,discovery,discovery_17,tr,tau_x_100,355a6b600b50409b680ffb0e06ee53d75e1a915fb3142bddfb3a3a3180f9c8d5,true,false,logical_timeout,duration,false,0,600,3000,4.248137974867256,0.7598801841959455,30.00000000000189,30.00000000000189,0.7850312388481275,0.60908249443506,0.008010362043333327,0.027012843,true,true,true,true,0.13163700187911964
656,discovery__discovery_12__tr__tau_x_300,discovery,discovery_12,tr,tau_x_300,355a6b600b50409b680ffb0e06ee53d75e1a915fb3142bddfb3a3a3180f9c8d5,true,false,logical_timeout,duration,false,0,600,3000,4.42400083248457,0.4622723881693134,30.00000000000189,30.00000000000189,1.8768698107117754,0.6057931432731156,0.007182906721666673,0.02065519,true,true,true,true,0.09993464763154958
653,discovery__discovery_07__teb__delay_100,discovery,discovery_07,teb,delay_100,355a6b600b50409b680ffb0e06ee53d75e1a915fb3142bddfb3a3a3180f9c8d5,true,true,external_tolerance,external_tolerance,false,0,346,1727,0.07290615888522577,0.09753316705108137,17.2699999999999,17.2699999999999,6.47108244030327,0.12641564072016465,0.020028861416184998,0.050030153,true,true,true,true,0.9939345527841313
663,discovery__discovery_08__teb__delay_100,discovery,discovery_08,teb,delay_100,355a6b600b50409b680ffb0e06ee53d75e1a915fb3142bddfb3a3a3180f9c8d5,true,false,plugin returned no valid velocity command,plugin returned no valid velocity command,false,1,97,485,3.331521347677537,0.3178929331723483,4.849999999999941,4.849999999999941,1.9066897720773002,0.11564048588066811,0.022791168979591832,0.036690959,true,true,true,true,0.30658198125235286
658,discovery__discovery_07__teb__e0,discovery,discovery_07,teb,e0,355a6b600b50409b680ffb0e06ee53d75e1a915fb3142bddfb3a3a3180f9c8d5,true,true,external_tolerance,external_tolerance,false,0,291,1455,0.06047133748003367,0.09673649973076119,14.549999999999734,14.549999999999734,6.341826968201003,0.1289665456168838,0.021149048316151213,0.05412816,true,true,true,true,0.9910652476988102
657,holdout__holdout_01__tr__tau_y_300,holdout,holdout_01,tr,tau_y_300,355a6b600b50409b680ffb0e06ee53d75e1a915fb3142bddfb3a3a3180f9c8d5,true,false,logical_timeout,duration,false,0,600,3000,2.817880704769299,0.7327729627489834,30.00000000000189,30.00000000000189,2.0031883416502296,0.18634087094028293,0.00910697263166667,0.027908075,true,true,true,true,0.33797911606395253
664,holdout__holdout_10__tr__delay_050,holdout,holdout_10,tr,delay_050,355a6b600b50409b680ffb0e06ee53d75e1a915fb3142bddfb3a3a3180f9c8d5,true,true,external_tolerance,external_tolerance,false,0,339,1692,0.0680792922699007,0.09957841444312181,16.919999999999845,16.919999999999845,5.641882721203126,0.10510524590665796,0.010005124619469025,0.032425485,true,true,true,true,0.9889101963054531
661,discovery__discovery_14__teb__delay_200,discovery,discovery_14,teb,delay_200,355a6b600b50409b680ffb0e06ee53d75e1a915fb3142bddfb3a3a3180f9c8d5,true,true,external_tolerance,external_tolerance,false,0,379,1891,0.02540428249584913,0.09573491241364858,18.910000000000156,18.910000000000156,6.84354608430785,0.0821955604088407,0.01756718798944591,0.041909619,true,true,true,true,1.0
662,holdout__holdout_07__tr__delay_050,holdout,holdout_07,tr,delay_050,355a6b600b50409b680ffb0e06ee53d75e1a915fb3142bddfb3a3a3180f9c8d5,true,false,logical_timeout,duration,false,0,600,3000,4.52507153096681,0.24538103044618426,30.00000000000189,30.00000000000189,0.962223610977734,0.19995190621066514,0.007791899436666664,0.038477883,true,true,true,true,0.1395093283924859
660,discovery__discovery_14__teb__tau_y_500,discovery,discovery_14,teb,tau_y_500,355a6b600b50409b680ffb0e06ee53d75e1a915fb3142bddfb3a3a3180f9c8d5,true,false,plugin returned no valid velocity command,plugin returned no valid velocity command,false,1,368,1840,1.5982083063828973,0.051431266524645296,18.400000000000077,18.400000000000077,5.12316352977861,0.011900965636657991,0.024260601165311653,0.048910857,true,true,true,true,0.6796433105436583
668,holdout__holdout_02__tr__tau_y_150,holdout,holdout_02,tr,tau_y_150,355a6b600b50409b680ffb0e06ee53d75e1a915fb3142bddfb3a3a3180f9c8d5,true,true,external_tolerance,external_tolerance,false,0,286,1427,0.07414044141000209,0.09924846877080216,14.26999999999974,14.26999999999974,4.963562353196206,0.14420503023579845,0.010403050730769232,0.025161927,true,true,true,true,0.9859309022955693
669,holdout__holdout_16__tr__delay_050,holdout,holdout_16,tr,delay_050,355a6b600b50409b680ffb0e06ee53d75e1a915fb3142bddfb3a3a3180f9c8d5,true,true,external_tolerance,external_tolerance,false,0,287,1431,0.0776633898637268,0.0998344433365704,14.30999999999974,14.30999999999974,5.308786984120053,0.07307430467058204,0.01067746418815331,0.024006169,true,true,true,true,0.9879997652662079
665,discovery__discovery_14__tr__tau_y_300,discovery,discovery_14,tr,tau_y_300,355a6b600b50409b680ffb0e06ee53d75e1a915fb3142bddfb3a3a3180f9c8d5,true,false,logical_timeout,duration,false,0,600,3000,2.642519398861339,0.5389486988642359,30.00000000000189,30.00000000000189,2.5484607190101802,0.13021577843606028,0.007334530461666663,0.017799267,true,true,true,true,0.369588876350553
667,holdout__holdout_10__tr__tau_x_300,holdout,holdout_10,tr,tau_x_300,355a6b600b50409b680ffb0e06ee53d75e1a915fb3142bddfb3a3a3180f9c8d5,true,true,external_tolerance,external_tolerance,false,0,417,2083,0.021209240365976358,0.09969232949263121,20.830000000000457,20.830000000000457,6.250297391036869,0.11554856426053062,0.009720609095923262,0.050481367,true,true,true,true,0.9983044934013626
670,discovery__discovery_11__teb__delay_200,discovery,discovery_11,teb,delay_200,355a6b600b50409b680ffb0e06ee53d75e1a915fb3142bddfb3a3a3180f9c8d5,true,true,external_tolerance,external_tolerance,false,0,313,1562,0.07935054719033857,0.0046003196462785475,15.619999999999711,15.619999999999711,5.380691213987782,0.07774363978549828,0.015007043939297122,0.039798402,true,true,true,true,0.9851929368602435
666,discovery__discovery_02__teb__tau_w_300,discovery,discovery_02,teb,tau_w_300,355a6b600b50409b680ffb0e06ee53d75e1a915fb3142bddfb3a3a3180f9c8d5,true,true,external_tolerance,external_tolerance,false,0,360,1798,0.036513077381827304,0.09948313517277393,17.98000000000001,17.98000000000001,5.494661433706207,0.03314089487636562,0.016544066625000003,0.063958345,true,true,true,true,0.9937195123803313
674,holdout__holdout_04__tr__tau_y_500,holdout,holdout_04,tr,tau_y_500,355a6b600b50409b680ffb0e06ee53d75e1a915fb3142bddfb3a3a3180f9c8d5,true,true,external_tolerance,external_tolerance,false,0,269,1342,0.07869363854458757,0.09977795014391638,13.419999999999758,13.419999999999758,4.9659230840711945,0.08650137187542142,0.010853405646840137,0.019115596,true,true,true,true,0.9856212080331201
673,holdout__holdout_06__tr__delay_050,holdout,holdout_06,tr,delay_050,355a6b600b50409b680ffb0e06ee53d75e1a915fb3142bddfb3a3a3180f9c8d5,true,true,external_tolerance,external_tolerance,false,0,269,1342,0.0764775502543583,0.09904924879221533,13.419999999999758,13.419999999999758,4.961696401485221,0.13682678722302652,0.01128259144609665,0.018623776,true,true,true,true,0.985640510745128
675,holdout__holdout_16__tr__tau_x_100,holdout,holdout_16,tr,tau_x_100,355a6b600b50409b680ffb0e06ee53d75e1a915fb3142bddfb3a3a3180f9c8d5,true,true,external_tolerance,external_tolerance,false,0,294,1468,0.06441916642526538,0.09928464888716004,14.679999999999731,14.679999999999731,5.332471281744416,0.07042858557956135,0.010428772693877555,0.021778584,true,true,true,true,0.9887889456190078
671,holdout__holdout_14__teb__delay_200,holdout,holdout_14,teb,delay_200,355a6b600b50409b680ffb0e06ee53d75e1a915fb3142bddfb3a3a3180f9c8d5,true,true,external_tolerance,external_tolerance,false,0,426,2128,0.03497531945349054,0.09988739137956529,21.280000000000527,21.280000000000527,6.283045366807556,0.025590259035513797,0.014793375267605638,0.040186947,true,true,true,true,1.0
672,holdout__holdout_09__tr__tau_w_100,holdout,holdout_09,tr,tau_w_100,355a6b600b50409b680ffb0e06ee53d75e1a915fb3142bddfb3a3a3180f9c8d5,true,false,logical_timeout,duration,false,0,600,3000,1.7145273286516474,0.7195371311274418,30.00000000000189,30.00000000000189,3.8141625814663627,0.1063275121959379,0.008903448703333329,0.057412058,true,true,true,true,0.5409937445351225
678,discovery__discovery_09__tr__tau_x_300,discovery,discovery_09,tr,tau_x_300,355a6b600b50409b680ffb0e06ee53d75e1a915fb3142bddfb3a3a3180f9c8d5,true,true,external_tolerance,external_tolerance,false,0,258,1286,0.07797885163964507,0.00565909818255872,12.85999999999977,12.85999999999977,5.017077698429357,0.1093721597754585,0.011798788003875968,0.024487263,true,true,true,true,0.9859043189739974
676,discovery__discovery_02__teb__delay_050,discovery,discovery_02,teb,delay_050,355a6b600b50409b680ffb0e06ee53d75e1a915fb3142bddfb3a3a3180f9c8d5,true,true,external_tolerance,external_tolerance,false,0,251,1253,0.07663997463349495,0.09594434752168342,12.529999999999777,12.529999999999777,5.555950656376949,0.09817116987355012,0.016640138151394424,0.035683134,true,true,true,true,0.9874312229158229
677,discovery__discovery_01__teb__delay_050,discovery,discovery_01,teb,delay_050,355a6b600b50409b680ffb0e06ee53d75e1a915fb3142bddfb3a3a3180f9c8d5,true,true,external_tolerance,external_tolerance,false,0,335,1675,0.026107332724993833,0.0993028010577715,16.74999999999982,16.74999999999982,6.3304902147963755,0.06654609273158352,0.016570145394029852,0.033070252,true,true,true,true,1.0
681,holdout__holdout_16__tr__tau_y_150,holdout,holdout_16,tr,tau_y_150,355a6b600b50409b680ffb0e06ee53d75e1a915fb3142bddfb3a3a3180f9c8d5,true,true,external_tolerance,external_tolerance,false,0,286,1428,0.07849433066667222,0.09965419340336248,14.27999999999974,14.27999999999974,5.274040835636882,0.08979239214214504,0.01063766842657343,0.026025099,true,true,true,true,0.9870315383124557
679,discovery__discovery_17__tr__tau_y_500,discovery,discovery_17,tr,tau_y_500,355a6b600b50409b680ffb0e06ee53d75e1a915fb3142bddfb3a3a3180f9c8d5,true,false,logical_timeout,duration,false,0,600,3000,4.252041449245148,0.7591358155012087,30.00000000000189,30.00000000000189,0.8189336886253342,0.49836951679391417,0.008354009991666671,0.022960422,true,true,true,true,0.1332471233311293
684,holdout__holdout_05__tr__tau_x_100,holdout,holdout_05,tr,tau_x_100,355a6b600b50409b680ffb0e06ee53d75e1a915fb3142bddfb3a3a3180f9c8d5,true,true,external_tolerance,external_tolerance,false,0,299,1494,0.06775422925913833,0.09913413461456141,14.939999999999726,14.939999999999726,5.241848578540868,0.07222552279186502,0.010175304080267556,0.018984141,true,true,true,true,0.9882068948401549
683,discovery__discovery_08__tr__tau_w_100,discovery,discovery_08,tr,tau_w_100,355a6b600b50409b680ffb0e06ee53d75e1a915fb3142bddfb3a3a3180f9c8d5,true,true,external_tolerance,external_tolerance,false,0,357,1784,0.07888378022093051,0.09900251950599677,17.83999999999999,17.83999999999999,5.8943917116019495,0.04493046340888814,0.010057246372549025,0.054897514,true,true,true,true,0.9876774633560984
682,discovery__discovery_01__teb__tau_x_100,discovery,discovery_01,teb,tau_x_100,355a6b600b50409b680ffb0e06ee53d75e1a915fb3142bddfb3a3a3180f9c8d5,true,true,external_tolerance,external_tolerance,false,0,298,1490,0.042104627603830276,0.09880526181493261,14.899999999999727,14.899999999999727,6.328923373099299,0.06785680217825572,0.017017825355704695,0.029056995,true,true,true,true,1.0
680,discovery__discovery_04__teb__delay_200,discovery,discovery_04,teb,delay_200,355a6b600b50409b680ffb0e06ee53d75e1a915fb3142bddfb3a3a3180f9c8d5,true,true,external_tolerance,external_tolerance,false,0,424,2117,0.04584688480966228,0.09560551356506321,21.17000000000051,21.17000000000051,5.8822461878989625,0.14112341240841153,0.015195699823113215,0.03438531,true,true,true,true,0.9999055775009283
687,holdout__holdout_02__teb__e0,holdout,holdout_02,teb,e0,355a6b600b50409b680ffb0e06ee53d75e1a915fb3142bddfb3a3a3180f9c8d5,true,true,external_tolerance,external_tolerance,false,0,222,1106,0.07753433805380236,0.09556733312811742,11.059999999999809,11.059999999999809,5.032495266990314,0.21009203380219385,0.0193258338063063,0.043542639,true,true,true,true,0.9852809980870434
685,holdout__holdout_19__tr__e0,holdout,holdout_19,tr,e0,355a6b600b50409b680ffb0e06ee53d75e1a915fb3142bddfb3a3a3180f9c8d5,true,false,logical_timeout,duration,false,0,600,3000,4.361218522103044,0.8519622031599134,30.00000000000189,30.00000000000189,0.7973991910827107,0.8159057811689729,0.008073622379999996,0.023397733,true,true,true,true,0.12247581457972279
686,discovery__discovery_04__tr__tau_w_300,discovery,discovery_04,tr,tau_w_300,355a6b600b50409b680ffb0e06ee53d75e1a915fb3142bddfb3a3a3180f9c8d5,true,false,logical_timeout,duration,false,0,600,3000,3.890500390212036,0.5972124967532625,30.00000000000189,30.00000000000189,1.1659379092016977,0.30129158270392853,0.007077040430000007,0.020591873,true,true,true,true,0.1922357477429184
688,holdout__holdout_19__tr__tau_y_500,holdout,holdout_19,tr,tau_y_500,355a6b600b50409b680ffb0e06ee53d75e1a915fb3142bddfb3a3a3180f9c8d5,true,false,logical_timeout,duration,false,0,600,3000,4.2581927828967645,1.17127860444991,30.00000000000189,30.00000000000189,1.3829619658178838,0.7110934712872155,0.006416159,0.042487896,true,true,true,true,0.13799011903553257
689,holdout__holdout_09__teb__tau_y_150,holdout,holdout_09,teb,tau_y_150,355a6b600b50409b680ffb0e06ee53d75e1a915fb3142bddfb3a3a3180f9c8d5,true,true,external_tolerance,external_tolerance,false,0,360,1800,0.02972635747845997,0.09790153452304841,18.000000000000014,18.000000000000014,7.059413152469969,0.13904109856786806,0.01543968873333333,0.03665056,true,true,true,true,0.9960692915466159
692,holdout__holdout_13__tr__tau_w_100,holdout,holdout_13,tr,tau_w_100,355a6b600b50409b680ffb0e06ee53d75e1a915fb3142bddfb3a3a3180f9c8d5,true,false,logical_timeout,duration,false,0,600,3000,4.198219657906534,0.8231427578828225,30.00000000000189,30.00000000000189,1.4525364567329726,0.3753273276650113,0.004643418799999998,0.015661138,true,true,true,true,0.17286860128674866
694,holdout__holdout_19__teb__tau_y_150,holdout,holdout_19,teb,tau_y_150,355a6b600b50409b680ffb0e06ee53d75e1a915fb3142bddfb3a3a3180f9c8d5,true,true,external_tolerance,external_tolerance,false,0,291,1451,0.07973283623697237,0.04508253530829967,14.509999999999735,14.509999999999735,6.014774081520259,0.20025232135953483,0.01676076604123712,0.036800756,true,true,true,true,0.9883909629429847
690,holdout__holdout_08__teb__tau_y_300,holdout,holdout_08,teb,tau_y_300,355a6b600b50409b680ffb0e06ee53d75e1a915fb3142bddfb3a3a3180f9c8d5,true,true,external_tolerance,external_tolerance,false,0,350,1746,0.05491054067625291,0.09601229493868797,17.45999999999993,17.45999999999993,6.274860513569618,0.12064660309575692,0.016960295091428556,0.087461398,true,true,true,true,0.9941516986725388
691,holdout__holdout_09__tr__e0,holdout,holdout_09,tr,e0,355a6b600b50409b680ffb0e06ee53d75e1a915fb3142bddfb3a3a3180f9c8d5,true,false,logical_timeout,duration,false,0,600,3000,1.7154050701711936,0.701667330414039,30.00000000000189,30.00000000000189,3.792517993976012,0.11963050108943836,0.008931487288333331,0.041518233,true,true,true,true,0.5411345505024049
693,holdout__holdout_19__teb__tau_y_500,holdout,holdout_19,teb,tau_y_500,355a6b600b50409b680ffb0e06ee53d75e1a915fb3142bddfb3a3a3180f9c8d5,true,true,external_tolerance,external_tolerance,false,0,344,1720,0.07969772538653215,0.05008710759035708,17.19999999999989,17.19999999999989,6.079327505620555,0.18640574755140535,0.015941566787790688,0.039640087,true,true,true,true,0.991276712620776
695,holdout__holdout_02__teb__tau_x_300,holdout,holdout_02,teb,tau_x_300,355a6b600b50409b680ffb0e06ee53d75e1a915fb3142bddfb3a3a3180f9c8d5,true,true,external_tolerance,external_tolerance,false,0,245,1225,0.07671866413078807,0.09751784767151285,12.249999999999783,12.249999999999783,5.032287021595055,0.20575842240761597,0.02076452141224488,0.039331206,true,true,true,true,0.9855320548547255
697,holdout__holdout_09__tr__delay_100,holdout,holdout_09,tr,delay_100,355a6b600b50409b680ffb0e06ee53d75e1a915fb3142bddfb3a3a3180f9c8d5,true,true,external_tolerance,external_tolerance,false,0,396,1977,0.07292674209731762,0.09970368462817805,19.77000000000029,19.77000000000029,6.705008203071326,0.10987187844486133,0.010113062929292925,0.033848315,true,true,true,true,0.9901295760961067
698,holdout__holdout_15__teb__tau_y_500,holdout,holdout_15,teb,tau_y_500,355a6b600b50409b680ffb0e06ee53d75e1a915fb3142bddfb3a3a3180f9c8d5,true,true,external_tolerance,external_tolerance,false,0,317,1581,0.0771767212531103,0.08280560449283611,15.809999999999707,15.809999999999707,5.625300301885131,0.1342023746184222,0.013589320258675085,0.05057772,true,true,true,true,0.9872012051888034
699,holdout__holdout_08__tr__tau_x_100,holdout,holdout_08,tr,tau_x_100,355a6b600b50409b680ffb0e06ee53d75e1a915fb3142bddfb3a3a3180f9c8d5,true,false,logical_timeout,duration,false,0,600,3000,2.643307889360288,0.7580767355859445,30.00000000000189,30.00000000000189,2.52871665992153,0.25277542102736983,0.008685690556666669,0.059185787,true,true,true,true,0.40080796607045704
702,discovery__discovery_15__teb__tau_x_300,discovery,discovery_15,teb,tau_x_300,355a6b600b50409b680ffb0e06ee53d75e1a915fb3142bddfb3a3a3180f9c8d5,true,true,external_tolerance,external_tolerance,false,0,242,1207,0.06796172872503818,0.09904751254421125,12.069999999999787,12.069999999999787,5.0496540885480306,0.12316234608208095,0.014338430433884304,0.033708028,true,true,true,true,0.99548168359059
700,holdout__holdout_09__tr__delay_050,holdout,holdout_09,tr,delay_050,355a6b600b50409b680ffb0e06ee53d75e1a915fb3142bddfb3a3a3180f9c8d5,true,false,logical_timeout,duration,false,0,600,3000,1.722972614756508,0.7602783228503704,30.00000000000189,30.00000000000189,3.77085064193474,0.1257539300079634,0.009931230079999999,0.050231472,true,true,true,true,0.5406122064981924
706,holdout__holdout_20__tr__e0,holdout,holdout_20,tr,e0,355a6b600b50409b680ffb0e06ee53d75e1a915fb3142bddfb3a3a3180f9c8d5,true,true,external_tolerance,external_tolerance,false,0,259,1293,0.07763638121654887,0.09903920454994142,12.929999999999769,12.929999999999769,4.890403507487803,0.11175719849204763,0.011464091181467177,0.056896497,true,true,true,true,0.9854536667790295
708,holdout__holdout_03__teb__tau_x_100,holdout,holdout_03,teb,tau_x_100,355a6b600b50409b680ffb0e06ee53d75e1a915fb3142bddfb3a3a3180f9c8d5,true,false,plugin returned no valid velocity command,plugin returned no valid velocity command,false,1,68,340,3.661425395310636,0.2934334829971824,3.3999999999999715,3.3999999999999715,1.591126079457624,0.03535556934609237,0.02486306179710145,0.058619176,true,true,true,true,0.25039445123287174
703,holdout__holdout_09__tr__delay_200,holdout,holdout_09,tr,delay_200,355a6b600b50409b680ffb0e06ee53d75e1a915fb3142bddfb3a3a3180f9c8d5,true,true,external_tolerance,external_tolerance,false,0,369,1844,0.04652093925028362,0.09881813343652454,18.440000000000083,18.440000000000083,5.993110977166783,0.0691442141498036,0.01006294796476964,0.021036112,true,true,true,true,0.9942025020298705
701,holdout__holdout_19__tr__tau_x_100,holdout,holdout_19,tr,tau_x_100,355a6b600b50409b680ffb0e06ee53d75e1a915fb3142bddfb3a3a3180f9c8d5,true,false,logical_timeout,duration,false,0,600,3000,4.362101508540129,0.8804507069289759,30.00000000000189,30.00000000000189,0.7926414995633316,0.8137551902547553,0.009217793771666651,0.017805731,true,true,true,true,0.1215420527543157
696,discovery__discovery_01__teb__tau_w_300,discovery,discovery_01,teb,tau_w_300,355a6b600b50409b680ffb0e06ee53d75e1a915fb3142bddfb3a3a3180f9c8d5,true,false,logical_timeout,duration,false,0,600,3000,0.37057052943096597,0.9685294412361477,30.00000000000189,30.00000000000189,5.864663784553137,0.05872234049132463,0.018045531673333358,0.060597625,true,true,true,true,0.9448589748218726
705,holdout__holdout_10__teb__delay_050,holdout,holdout_10,teb,delay_050,355a6b600b50409b680ffb0e06ee53d75e1a915fb3142bddfb3a3a3180f9c8d5,true,true,external_tolerance,external_tolerance,false,0,277,1383,0.021207904076463984,0.098725564249115,13.82999999999975,13.82999999999975,5.836157733217959,0.11463822751392014,0.016479075830324902,0.036767779,true,true,true,true,1.0
704,holdout__holdout_14__teb__delay_100,holdout,holdout_14,teb,delay_100,355a6b600b50409b680ffb0e06ee53d75e1a915fb3142bddfb3a3a3180f9c8d5,true,true,external_tolerance,external_tolerance,false,0,335,1672,0.014829808744450113,0.09805847379092887,16.719999999999814,16.719999999999814,6.065977870742072,0.026368368458699658,0.01537817881492537,0.056954563,true,true,true,true,1.0
709,discovery__discovery_06__tr__tau_x_300,discovery,discovery_06,tr,tau_x_300,355a6b600b50409b680ffb0e06ee53d75e1a915fb3142bddfb3a3a3180f9c8d5,true,true,external_tolerance,external_tolerance,false,0,259,1293,0.07975551707456194,0.02631639621538759,12.929999999999769,12.929999999999769,4.985552838247917,0.09304409401141515,0.011199436528957527,0.017689212,true,true,true,true,0.9853933638788656
707,holdout__holdout_19__tr__tau_x_300,holdout,holdout_19,tr,tau_x_300,355a6b600b50409b680ffb0e06ee53d75e1a915fb3142bddfb3a3a3180f9c8d5,true,false,logical_timeout,duration,false,0,600,3000,4.3639062168166785,0.8406486339226841,30.00000000000189,30.00000000000189,0.7980858749556655,0.8138769722537298,0.008358199566666663,0.056705896,true,true,true,true,0.12215393090102653
711,discovery__discovery_11__tr__tau_x_100,discovery,discovery_11,tr,tau_x_100,355a6b600b50409b680ffb0e06ee53d75e1a915fb3142bddfb3a3a3180f9c8d5,true,true,external_tolerance,external_tolerance,false,0,266,1326,0.06849166057955135,0.099580512529862,13.259999999999762,13.259999999999762,5.038928993087237,0.09504925928694039,0.009982820936090219,0.0165629,true,true,true,true,0.9873093316829097
710,discovery__discovery_15__tr__tau_w_100,discovery,discovery_15,tr,tau_w_100,355a6b600b50409b680ffb0e06ee53d75e1a915fb3142bddfb3a3a3180f9c8d5,true,true,external_tolerance,external_tolerance,false,0,263,1312,0.07698921551643317,0.09893416664794576,13.119999999999765,13.119999999999765,4.975135638128426,0.1015534019192176,0.010688161828897345,0.018481757,true,true,true,true,0.9855946247617497
712,discovery__discovery_13__tr__delay_200,discovery,discovery_13,tr,delay_200,355a6b600b50409b680ffb0e06ee53d75e1a915fb3142bddfb3a3a3180f9c8d5,true,false,footprint_collision,footprint_collision,true,0,253,1263,1.1198115888224651,1.1717586930235457,12.629999999999775,12.629999999999775,4.734099902262237,0.0,0.011721052359683801,0.021893841,true,true,true,true,0.7933840718487734
713,discovery__discovery_11__teb__tau_x_100,discovery,discovery_11,teb,tau_x_100,355a6b600b50409b680ffb0e06ee53d75e1a915fb3142bddfb3a3a3180f9c8d5,true,true,external_tolerance,external_tolerance,false,0,229,1141,0.07555834969453719,0.031002194860913185,11.409999999999801,11.409999999999801,5.127896540180452,0.17063628272455747,0.0154852021091703,0.122072765,true,true,true,true,0.9879963653899605
714,holdout__holdout_14__tr__tau_w_300,holdout,holdout_14,tr,tau_w_300,355a6b600b50409b680ffb0e06ee53d75e1a915fb3142bddfb3a3a3180f9c8d5,true,true,external_tolerance,external_tolerance,false,0,354,1769,0.07790555958967096,0.09781571327573725,17.689999999999966,17.689999999999966,5.788336077577282,0.027967575277905388,0.009480813124293781,0.020411768,true,true,true,true,0.9877265210785338
715,holdout__holdout_07__teb__tau_w_100,holdout,holdout_07,teb,tau_w_100,355a6b600b50409b680ffb0e06ee53d75e1a915fb3142bddfb3a3a3180f9c8d5,true,true,external_tolerance,external_tolerance,false,0,304,1519,0.058083517093300514,0.09465343451843261,15.18999999999972,15.18999999999972,5.765542709837349,0.1737532169779837,0.016196330444078942,0.054399354,true,true,true,true,0.9904657827504594
718,holdout__holdout_14__tr__tau_w_100,holdout,holdout_14,tr,tau_w_100,355a6b600b50409b680ffb0e06ee53d75e1a915fb3142bddfb3a3a3180f9c8d5,true,true,external_tolerance,external_tolerance,false,0,305,1524,0.0785351569037206,0.09830740263411826,15.23999999999972,15.23999999999972,5.855410936407885,0.062126246966162396,0.011303761167213114,0.017400681,true,true,true,true,0.9892815748359374
720,discovery__discovery_11__tr__tau_w_300,discovery,discovery_11,tr,tau_w_300,355a6b600b50409b680ffb0e06ee53d75e1a915fb3142bddfb3a3a3180f9c8d5,true,true,external_tolerance,external_tolerance,false,0,278,1390,0.07842210057542115,0.09938184349472926,13.899999999999748,13.899999999999748,5.075634941555001,0.0499316202951817,0.010487235647482012,0.021393547,true,true,true,true,0.9869602096284622
719,discovery__discovery_07__tr__tau_y_500,discovery,discovery_07,tr,tau_y_500,355a6b600b50409b680ffb0e06ee53d75e1a915fb3142bddfb3a3a3180f9c8d5,true,true,external_tolerance,external_tolerance,false,0,315,1571,0.07976103604260976,0.04115479485447368,15.70999999999971,15.70999999999971,6.308938549281258,0.00897842560153772,0.011773157365079364,0.047098737,true,true,true,true,0.9897788269124886
717,discovery__discovery_20__teb__e0,discovery,discovery_20,teb,e0,355a6b600b50409b680ffb0e06ee53d75e1a915fb3142bddfb3a3a3180f9c8d5,true,true,external_tolerance,external_tolerance,false,0,271,1353,0.06780978025247539,0.09784425440879499,13.529999999999756,13.529999999999756,6.207286407078655,0.14687075585113396,0.021123668985239867,0.053247397,true,true,true,true,0.9944299744048699
722,discovery__discovery_18__tr__e0,discovery,discovery_18,tr,e0,355a6b600b50409b680ffb0e06ee53d75e1a915fb3142bddfb3a3a3180f9c8d5,true,true,external_tolerance,external_tolerance,false,0,244,1217,0.07963324520114606,0.08122394894690897,12.169999999999785,12.169999999999785,4.941501125019159,0.11774012026285535,0.011536561385245898,0.025202564,true,true,true,true,0.9850675012968353
723,discovery__discovery_15__teb__tau_y_150,discovery,discovery_15,teb,tau_y_150,355a6b600b50409b680ffb0e06ee53d75e1a915fb3142bddfb3a3a3180f9c8d5,true,true,external_tolerance,external_tolerance,false,0,239,1191,0.0797582558257642,0.08026794354069007,11.90999999999979,11.90999999999979,5.131337088470548,0.17179118958306683,0.013637909686192457,0.033405574,true,true,true,true,0.9994776169916711
721,discovery__discovery_12__teb__tau_y_300,discovery,discovery_12,teb,tau_y_300,355a6b600b50409b680ffb0e06ee53d75e1a915fb3142bddfb3a3a3180f9c8d5,true,true,external_tolerance,external_tolerance,false,0,296,1476,0.05685939174889466,0.09534579387463307,14.75999999999973,14.75999999999973,5.924313176493754,0.08402347094428887,0.019348007287162138,0.043924406,true,true,true,true,0.9909475262572158
716,discovery__discovery_10__teb__delay_200,discovery,discovery_10,teb,delay_200,355a6b600b50409b680ffb0e06ee53d75e1a915fb3142bddfb3a3a3180f9c8d5,true,true,external_tolerance,external_tolerance,false,0,418,2088,0.07817781727859413,0.07736311119757627,20.880000000000464,20.880000000000464,5.901281381958898,0.02281271925576164,0.020068441588516724,0.08422402,true,true,true,true,0.9881314860036061
724,discovery__discovery_05__tr__delay_200,discovery,discovery_05,tr,delay_200,355a6b600b50409b680ffb0e06ee53d75e1a915fb3142bddfb3a3a3180f9c8d5,true,true,external_tolerance,external_tolerance,false,0,391,1953,0.02209819196632337,0.09925783699427541,19.530000000000253,19.530000000000253,6.089348833199233,0.044637525829137825,0.010428776219948852,0.026224277,true,true,true,true,0.9963589294346314
726,holdout__holdout_13__tr__delay_200,holdout,holdout_13,tr,delay_200,355a6b600b50409b680ffb0e06ee53d75e1a915fb3142bddfb3a3a3180f9c8d5,true,true,external_tolerance,external_tolerance,false,0,415,2072,0.00727247152891393,0.09713327860888243,20.72000000000044,20.72000000000044,6.177289570336622,0.052358378727261554,0.00916865556626506,0.059708739,true,true,true,true,1.0
727,holdout__holdout_02__tr__tau_w_100,holdout,holdout_02,tr,tau_w_100,355a6b600b50409b680ffb0e06ee53d75e1a915fb3142bddfb3a3a3180f9c8d5,true,true,external_tolerance,external_tolerance,false,0,294,1469,0.07758710526007655,0.09991917961505295,14.689999999999731,14.689999999999731,4.980505679762597,0.15001302986208423,0.010406299792517,0.042378683,true,true,true,true,0.9852414619891701
730,holdout__holdout_12__tr__tau_y_500,holdout,holdout_12,tr,tau_y_500,355a6b600b50409b680ffb0e06ee53d75e1a915fb3142bddfb3a3a3180f9c8d5,true,true,external_tolerance,external_tolerance,false,0,244,1217,0.0798938251998336,0.08319116383965514,12.169999999999785,12.169999999999785,4.86617058169865,0.02870544213119272,0.011897308217213114,0.019431264,true,true,true,true,0.9850071446545995
732,discovery__discovery_06__tr__delay_100,discovery,discovery_06,tr,delay_100,355a6b600b50409b680ffb0e06ee53d75e1a915fb3142bddfb3a3a3180f9c8d5,true,true,external_tolerance,external_tolerance,false,0,247,1234,0.07983596536590154,0.08425013384396504,12.339999999999781,12.339999999999781,5.019344338625908,0.07392856396875591,0.011959630323886635,0.020759499,true,true,true,true,0.9862576031168176
728,discovery__discovery_04__tr__tau_w_100,discovery,discovery_04,tr,tau_w_100,355a6b600b50409b680ffb0e06ee53d75e1a915fb3142bddfb3a3a3180f9c8d5,true,false,logical_timeout,duration,false,0,600,3000,3.8904218855690287,0.5153268945155458,30.00000000000189,30.00000000000189,1.1860184002323122,0.3009450039438864,0.0071940539850000014,0.054697892,true,true,true,true,0.19271986023751841
729,holdout__holdout_03__tr__delay_100,holdout,holdout_03,tr,delay_100,355a6b600b50409b680ffb0e06ee53d75e1a915fb3142bddfb3a3a3180f9c8d5,true,false,logical_timeout,duration,false,0,600,3000,4.39205305060308,0.786764855182283,30.00000000000189,30.00000000000189,1.350252992926166,0.5207307104331966,0.0077036356266666686,0.016452297,true,true,true,true,0.10233181293101029
725,holdout__holdout_05__teb__delay_200,holdout,holdout_05,teb,delay_200,355a6b600b50409b680ffb0e06ee53d75e1a915fb3142bddfb3a3a3180f9c8d5,true,true,external_tolerance,external_tolerance,false,0,410,2048,0.07944100700927664,0.023964627336905662,20.480000000000402,20.480000000000402,5.507416327272231,0.07311822087548522,0.01898610351219513,0.088284091,true,true,true,true,0.9920604365987727
733,holdout__holdout_09__teb__delay_200,holdout,holdout_09,teb,delay_200,355a6b600b50409b680ffb0e06ee53d75e1a915fb3142bddfb3a3a3180f9c8d5,true,false,plugin returned no valid velocity command,plugin returned no valid velocity command,false,1,202,1010,1.9994845345036336,0.09145899941700099,10.09999999999983,10.09999999999983,3.4525074148787334,0.019020987173437507,0.020625737581280806,0.077798968,true,true,true,true,0.44349211251323506
731,holdout__holdout_11__teb__tau_y_150,holdout,holdout_11,teb,tau_y_150,355a6b600b50409b680ffb0e06ee53d75e1a915fb3142bddfb3a3a3180f9c8d5,true,false,plugin returned no valid velocity command,plugin returned no valid velocity command,false,1,257,1285,1.5127791645047641,0.6409403576614814,12.84999999999977,12.84999999999977,5.14353870088567,0.03998844038231852,0.02512636948062014,0.085837489,true,true,true,true,0.7236937440061313
735,holdout__holdout_12__teb__tau_w_100,holdout,holdout_12,teb,tau_w_100,355a6b600b50409b680ffb0e06ee53d75e1a915fb3142bddfb3a3a3180f9c8d5,true,true,external_tolerance,external_tolerance,false,0,234,1169,0.03990108450912942,0.09948102683063553,11.689999999999795,11.689999999999795,5.097915544181542,0.11941736843467042,0.015304979376068385,0.067924243,true,true,true,true,0.9930934602264042
736,holdout__holdout_04__tr__delay_200,holdout,holdout_04,tr,delay_200,355a6b600b50409b680ffb0e06ee53d75e1a915fb3142bddfb3a3a3180f9c8d5,true,true,external_tolerance,external_tolerance,false,0,269,1343,0.07994555869433172,0.019241006102538292,13.429999999999758,13.429999999999758,5.116454555300914,0.13091245778926555,0.011532512089219338,0.021782476,true,true,true,true,0.9858797887147669
734,discovery__discovery_11__teb__tau_y_500,discovery,discovery_11,teb,tau_y_500,355a6b600b50409b680ffb0e06ee53d75e1a915fb3142bddfb3a3a3180f9c8d5,true,true,external_tolerance,external_tolerance,false,0,363,1814,0.07688211385954788,0.04332158463985277,18.140000000000036,18.140000000000036,5.472264705878367,0.08110861382930412,0.01303232678512398,0.032914226,true,true,true,true,0.9904305481933889
739,holdout__holdout_15__teb__tau_y_150,holdout,holdout_15,teb,tau_y_150,355a6b600b50409b680ffb0e06ee53d75e1a915fb3142bddfb3a3a3180f9c8d5,true,true,external_tolerance,external_tolerance,false,0,270,1348,0.07996694832953835,0.07747643349630465,13.479999999999757,13.479999999999757,5.6172733773922525,0.15471963475461714,0.012826488559259263,0.035091141,true,true,true,true,0.9882828340520646
738,holdout__holdout_16__teb__delay_200,holdout,holdout_16,teb,delay_200,355a6b600b50409b680ffb0e06ee53d75e1a915fb3142bddfb3a3a3180f9c8d5,true,true,external_tolerance,external_tolerance,false,0,368,1836,0.07392441712853838,0.09801696426854138,18.36000000000007,18.36000000000007,5.686318983500448,0.11262524869273019,0.01171973907880434,0.038109634,true,true,true,true,0.9873291831071429
737,holdout__holdout_13__tr__tau_x_300,holdout,holdout_13,tr,tau_x_300,355a6b600b50409b680ffb0e06ee53d75e1a915fb3142bddfb3a3a3180f9c8d5,true,false,logical_timeout,duration,false,0,600,3000,4.2052298004852995,0.7800544588127972,30.00000000000189,30.00000000000189,2.091145092513342,0.24760665169931984,0.008204423528333333,0.045846255,true,true,true,true,0.16911174686620314
740,discovery__discovery_05__teb__e0,discovery,discovery_05,teb,e0,355a6b600b50409b680ffb0e06ee53d75e1a915fb3142bddfb3a3a3180f9c8d5,true,true,external_tolerance,external_tolerance,false,0,245,1221,0.07962160765422836,0.004350871596841149,12.209999999999784,12.209999999999784,5.486542784774334,0.13530595221047784,0.014751595624489793,0.027501104,true,true,true,true,0.9866755032061946
741,discovery__discovery_16__teb__tau_y_500,discovery,discovery_16,teb,tau_y_500,355a6b600b50409b680ffb0e06ee53d75e1a915fb3142bddfb3a3a3180f9c8d5,true,true,external_tolerance,external_tolerance,false,0,321,1602,0.03868728925638433,0.09606821570673092,16.019999999999705,16.019999999999705,6.01188951900805,0.1247850039737615,0.014423590809968852,0.036493086,true,true,true,true,0.9948203545212714
743,holdout__holdout_06__teb__e0,holdout,holdout_06,teb,e0,355a6b600b50409b680ffb0e06ee53d75e1a915fb3142bddfb3a3a3180f9c8d5,true,true,external_tolerance,external_tolerance,false,0,248,1239,0.07246599261911404,0.09832965098144456,12.38999999999978,12.38999999999978,5.056484619415128,0.20425299816310494,0.015680485556451604,0.037227646,true,true,true,true,0.9924046503673061
742,discovery__discovery_02__tr__e0,discovery,discovery_02,tr,e0,355a6b600b50409b680ffb0e06ee53d75e1a915fb3142bddfb3a3a3180f9c8d5,true,false,logical_timeout,duration,false,0,600,3000,4.378003945370698,0.7163353708106841,30.00000000000189,30.00000000000189,0.5168882007255424,0.7883665848256728,0.00754382423833333,0.018211124,true,true,true,true,0.09138151200859551
745,discovery__discovery_15__teb__delay_100,discovery,discovery_15,teb,delay_100,355a6b600b50409b680ffb0e06ee53d75e1a915fb3142bddfb3a3a3180f9c8d5,true,true,external_tolerance,external_tolerance,false,0,270,1349,0.036565190051942704,0.09901429809785792,13.489999999999757,13.489999999999757,5.112047651045548,0.18238487251599036,0.014718609225925923,0.03352282,true,true,true,true,0.997209512516256
744,discovery__discovery_05__teb__tau_w_300,discovery,discovery_05,teb,tau_w_300,355a6b600b50409b680ffb0e06ee53d75e1a915fb3142bddfb3a3a3180f9c8d5,true,true,external_tolerance,external_tolerance,false,0,369,1844,0.07915754621594491,0.045061360126262585,18.440000000000083,18.440000000000083,5.5002642586112955,0.11636095092945078,0.014116779831978309,0.027608286,true,true,true,true,0.9867266364075785
747,holdout__holdout_07__teb__tau_x_300,holdout,holdout_07,teb,tau_x_300,355a6b600b50409b680ffb0e06ee53d75e1a915fb3142bddfb3a3a3180f9c8d5,true,true,external_tolerance,external_tolerance,false,0,280,1400,0.07607355311108241,0.07471171974956482,13.999999999999746,13.999999999999746,5.780987004736046,0.1498088496872087,0.015747445349999997,0.036334359,true,true,true,true,0.9876146751358165
748,holdout__holdout_18__teb__tau_y_300,holdout,holdout_18,teb,tau_y_300,355a6b600b50409b680ffb0e06ee53d75e1a915fb3142bddfb3a3a3180f9c8d5,true,true,external_tolerance,external_tolerance,false,0,279,1392,0.0618172579776215,0.09867233194770736,13.919999999999748,13.919999999999748,5.802486947624155,0.21036604475487913,0.016551894652329747,0.039113424,true,true,true,true,0.9944895893102003
746,holdout__holdout_08__teb__tau_y_500,holdout,holdout_08,teb,tau_y_500,355a6b600b50409b680ffb0e06ee53d75e1a915fb3142bddfb3a3a3180f9c8d5,true,true,external_tolerance,external_tolerance,false,0,350,1748,0.059071673537949475,0.09909226199473198,17.479999999999933,17.479999999999933,6.204516254337154,0.11830782028472088,0.016531319919999996,0.047811339,true,true,true,true,0.9933000095579901
751,holdout__holdout_02__tr__tau_y_300,holdout,holdout_02,tr,tau_y_300,355a6b600b50409b680ffb0e06ee53d75e1a915fb3142bddfb3a3a3180f9c8d5,true,true,external_tolerance,external_tolerance,false,0,280,1396,0.07526683782412384,0.09973707303298893,13.959999999999747,13.959999999999747,4.953717227588154,0.18786663933922393,0.010299524582142847,0.018527685,true,true,true,true,0.9858562911979741
752,discovery__discovery_11__teb__tau_y_300,discovery,discovery_11,teb,tau_y_300,355a6b600b50409b680ffb0e06ee53d75e1a915fb3142bddfb3a3a3180f9c8d5,true,true,external_tolerance,external_tolerance,false,0,282,1410,0.07807022324793599,0.0495446291875064,14.099999999999744,14.099999999999744,5.319830252569955,0.1313603577931154,0.014186015418439711,0.03498597,true,true,true,true,0.9885946875519429
749,holdout__holdout_13__teb__tau_y_300,holdout,holdout_13,teb,tau_y_300,355a6b600b50409b680ffb0e06ee53d75e1a915fb3142bddfb3a3a3180f9c8d5,true,true,external_tolerance,external_tolerance,false,0,320,1600,0.0744871252469718,0.0993620013761832,15.999999999999703,15.999999999999703,5.965750129969724,0.057298595815187925,0.0193581637,0.051386167,true,true,true,true,0.9915991490150066
750,holdout__holdout_20__teb__tau_y_300,holdout,holdout_20,teb,tau_y_300,355a6b600b50409b680ffb0e06ee53d75e1a915fb3142bddfb3a3a3180f9c8d5,true,true,external_tolerance,external_tolerance,false,0,365,1822,0.07908731406829461,0.013933472920992934,18.22000000000005,18.22000000000005,5.972815992904439,0.07277505214326688,0.012776009926027404,0.058110774,true,true,true,true,0.9899964556066658
754,holdout__holdout_15__teb__tau_w_100,holdout,holdout_15,teb,tau_w_100,355a6b600b50409b680ffb0e06ee53d75e1a915fb3142bddfb3a3a3180f9c8d5,true,true,external_tolerance,external_tolerance,false,0,297,1481,0.06631218201054197,0.09795497946383244,14.809999999999729,14.809999999999729,5.596797020715329,0.2321703147375954,0.01397504480808081,0.031324145,true,true,true,true,0.9889270327958559
753,holdout__holdout_01__tr__delay_100,holdout,holdout_01,tr,delay_100,355a6b600b50409b680ffb0e06ee53d75e1a915fb3142bddfb3a3a3180f9c8d5,true,false,logical_timeout,duration,false,0,600,3000,2.8181735896516176,0.7634294509332331,30.00000000000189,30.00000000000189,2.056238450048636,0.20054799690740485,0.00869995719,0.036691185,true,true,true,true,0.3377889581862248
759,discovery__discovery_18__teb__delay_100,discovery,discovery_18,teb,delay_100,355a6b600b50409b680ffb0e06ee53d75e1a915fb3142bddfb3a3a3180f9c8d5,true,true,external_tolerance,external_tolerance,false,0,274,1367,0.078459886549284,0.0651399779173264,13.669999999999753,13.669999999999753,5.1593149602609465,0.14345541654036315,0.012935903875912412,0.055751486,true,true,true,true,1.0
756,holdout__holdout_13__tr__tau_w_300,holdout,holdout_13,tr,tau_w_300,355a6b600b50409b680ffb0e06ee53d75e1a915fb3142bddfb3a3a3180f9c8d5,true,false,logical_timeout,duration,false,0,600,3000,4.185294138320064,0.9113870170691154,30.00000000000189,30.00000000000189,1.707543398579704,0.3370985949574916,0.006734459521666671,0.023033237,true,true,true,true,0.17146698558648316
755,discovery__discovery_13__tr__tau_w_300,discovery,discovery_13,tr,tau_w_300,355a6b600b50409b680ffb0e06ee53d75e1a915fb3142bddfb3a3a3180f9c8d5,true,false,logical_timeout,duration,false,0,600,3000,4.292989910906738,0.12672723843024192,30.00000000000189,30.00000000000189,1.2025328999223932,0.14924735978589299,0.008526650620000008,0.056393846,true,true,true,true,0.19577485576210882
758,discovery__discovery_04__tr__tau_y_150,discovery,discovery_04,tr,tau_y_150,355a6b600b50409b680ffb0e06ee53d75e1a915fb3142bddfb3a3a3180f9c8d5,true,false,logical_timeout,duration,false,0,600,3000,3.889376858552319,0.5127087907152507,30.00000000000189,30.00000000000189,1.1771062566824109,0.30034551567636464,0.007025615959999996,0.040010725,true,true,true,true,0.19193657382358015
760,discovery__discovery_10__teb__tau_x_300,discovery,discovery_10,teb,tau_x_300,355a6b600b50409b680ffb0e06ee53d75e1a915fb3142bddfb3a3a3180f9c8d5,true,true,external_tolerance,external_tolerance,false,0,268,1336,0.07853330079454267,0.04311109555325519,13.35999999999976,13.35999999999976,5.500346384438448,0.14931608180594452,0.020198689902985054,0.043262526,true,true,true,true,0.9889619816359235
764,holdout__holdout_12__teb__tau_x_100,holdout,holdout_12,teb,tau_x_100,355a6b600b50409b680ffb0e06ee53d75e1a915fb3142bddfb3a3a3180f9c8d5,true,true,external_tolerance,external_tolerance,false,0,228,1139,0.053700546935182565,0.09706061533011248,11.389999999999802,11.389999999999802,5.092689492796912,0.1006482151238275,0.016133273859649123,0.037652135,true,true,true,true,0.9910761393725475
763,discovery__discovery_14__tr__delay_100,discovery,discovery_14,tr,delay_100,355a6b600b50409b680ffb0e06ee53d75e1a915fb3142bddfb3a3a3180f9c8d5,true,false,logical_timeout,duration,false,0,600,3000,2.6417565707870807,0.7013067010033514,30.00000000000189,30.00000000000189,2.6172275072142397,0.20867628758664122,0.0077543425666666615,0.02303229,true,true,true,true,0.3692929020740516
761,discovery__discovery_07__teb__tau_w_100,discovery,discovery_07,teb,tau_w_100,355a6b600b50409b680ffb0e06ee53d75e1a915fb3142bddfb3a3a3180f9c8d5,true,true,external_tolerance,external_tolerance,false,0,328,1640,0.06610758399688983,0.09810885227672267,16.399999999999764,16.399999999999764,6.354302506658932,0.129977182690741,0.020978186185975623,0.088676569,true,true,true,true,0.9904018086785628
757,discovery__discovery_07__teb__tau_w_300,discovery,discovery_07,teb,tau_w_300,355a6b600b50409b680ffb0e06ee53d75e1a915fb3142bddfb3a3a3180f9c8d5,true,true,external_tolerance,external_tolerance,false,0,486,2430,0.05633946272389299,0.09842208131497415,24.300000000001,24.300000000001,6.334413755718142,0.1162772473591902,0.02053844391152264,0.050321488,true,true,true,true,0.9919949148727715
762,discovery__discovery_09__teb__delay_100,discovery,discovery_09,teb,delay_100,355a6b600b50409b680ffb0e06ee53d75e1a915fb3142bddfb3a3a3180f9c8d5,true,true,external_tolerance,external_tolerance,false,0,327,1634,0.05121439338912965,0.09767430341423118,16.339999999999755,16.339999999999755,5.399636445182002,0.1278160455336072,0.019496392764526024,0.052246397,true,true,true,true,0.9953848840968541
766,discovery__discovery_03__tr__delay_050,discovery,discovery_03,tr,delay_050,355a6b600b50409b680ffb0e06ee53d75e1a915fb3142bddfb3a3a3180f9c8d5,true,true,external_tolerance,external_tolerance,false,0,288,1440,0.07157552821623595,0.09958743333883027,14.399999999999737,14.399999999999737,5.377216276163679,0.0835023451927892,0.011106248791666665,0.0181229,true,true,true,true,0.9877441276344568
765,discovery__discovery_02__teb__delay_200,discovery,discovery_02,teb,delay_200,355a6b600b50409b680ffb0e06ee53d75e1a915fb3142bddfb3a3a3180f9c8d5,true,true,external_tolerance,external_tolerance,false,0,372,1856,0.07933354843395848,0.05317526699332066,18.5600000000001,18.5600000000001,5.966968115876214,0.06667511547185047,0.015450950892473114,0.036019176,true,true,true,true,1.0
767,discovery__discovery_02__teb__tau_y_150,discovery,discovery_02,teb,tau_y_150,355a6b600b50409b680ffb0e06ee53d75e1a915fb3142bddfb3a3a3180f9c8d5,true,true,external_tolerance,external_tolerance,false,0,258,1289,0.07635362825187376,0.05512889024739598,12.88999999999977,12.88999999999977,5.616568835864741,0.03851317496795103,0.015532173046511624,0.048072617,true,true,true,true,0.9870440730503905
769,holdout__holdout_04__teb__e0,holdout,holdout_04,teb,e0,355a6b600b50409b680ffb0e06ee53d75e1a915fb3142bddfb3a3a3180f9c8d5,true,true,external_tolerance,external_tolerance,false,0,223,1114,0.06674483628567532,0.09777136282654253,11.139999999999807,11.139999999999807,5.042061486105376,0.05548586742450267,0.016898395479820624,0.034318789,true,true,true,true,0.9934971999344474
768,holdout__holdout_06__teb__tau_w_300,holdout,holdout_06,teb,tau_w_300,355a6b600b50409b680ffb0e06ee53d75e1a915fb3142bddfb3a3a3180f9c8d5,true,true,external_tolerance,external_tolerance,false,0,343,1714,0.042387396226782455,0.09869981192761974,17.13999999999988,17.13999999999988,5.054595463297348,0.2053390594581188,0.01800651625072888,0.045473686,true,true,true,true,0.9956741871437038
772,holdout__holdout_20__teb__delay_100,holdout,holdout_20,teb,delay_100,355a6b600b50409b680ffb0e06ee53d75e1a915fb3142bddfb3a3a3180f9c8d5,true,true,external_tolerance,external_tolerance,false,0,257,1285,0.044606103166912,0.09877012443289553,12.84999999999977,12.84999999999977,5.359969878788803,0.1261735536031025,0.01364566385214009,0.035625704,true,true,true,true,0.9922906088785001
770,discovery__discovery_13__teb__delay_100,discovery,discovery_13,teb,delay_100,355a6b600b50409b680ffb0e06ee53d75e1a915fb3142bddfb3a3a3180f9c8d5,true,true,external_tolerance,external_tolerance,false,0,380,1898,0.07593111131979954,0.0767866104575497,18.980000000000167,18.980000000000167,6.1495581478382615,0.08076626300565383,0.016342007992105268,0.045442319,true,true,true,true,0.9888950428916866
774,discovery__discovery_06__tr__tau_x_100,discovery,discovery_06,tr,tau_x_100,355a6b600b50409b680ffb0e06ee53d75e1a915fb3142bddfb3a3a3180f9c8d5,true,true,external_tolerance,external_tolerance,false,0,249,1244,0.07997913194589942,0.09042758340800441,12.43999999999978,12.43999999999978,4.964665559635513,0.0751813735262028,0.011759189534136546,0.018162458,true,true,true,true,0.9851667064612369
771,holdout__holdout_03__tr__delay_050,holdout,holdout_03,tr,delay_050,355a6b600b50409b680ffb0e06ee53d75e1a915fb3142bddfb3a3a3180f9c8d5,true,false,logical_timeout,duration,false,0,600,3000,4.346770840365045,0.9021502091549373,30.00000000000189,30.00000000000189,1.7453944684826135,0.5441835505560706,0.007643127575000002,0.047650406,true,true,true,true,0.1103763135102202
777,discovery__discovery_10__tr__tau_x_100,discovery,discovery_10,tr,tau_x_100,355a6b600b50409b680ffb0e06ee53d75e1a915fb3142bddfb3a3a3180f9c8d5,true,true,external_tolerance,external_tolerance,false,0,264,1319,0.07963482724829975,0.06729016404597157,13.189999999999763,13.189999999999763,5.248095895967491,0.0817784580881371,0.011987446234848478,0.035341161,true,true,true,true,0.9869554299682295
773,holdout__holdout_01__tr__tau_w_100,holdout,holdout_01,tr,tau_w_100,355a6b600b50409b680ffb0e06ee53d75e1a915fb3142bddfb3a3a3180f9c8d5,true,false,logical_timeout,duration,false,0,600,3000,2.7701625818636395,0.8890295368699666,30.00000000000189,30.00000000000189,2.2329284449087177,0.19127942022783762,0.007175609146666662,0.02763109,true,true,true,true,0.34622336848566226
784,holdout__holdout_05__tr__tau_y_500,holdout,holdout_05,tr,tau_y_500,355a6b600b50409b680ffb0e06ee53d75e1a915fb3142bddfb3a3a3180f9c8d5,true,false,footprint_collision,footprint_collision,true,0,40,200,4.304188665285838,0.16393814021721476,2.0000000000000013,2.0000000000000013,0.5552539905413921,0.0,0.009414379774999999,0.016687908,true,true,true,true,0.08778517522208104
780,holdout__holdout_06__tr__delay_200,holdout,holdout_06,tr,delay_200,355a6b600b50409b680ffb0e06ee53d75e1a915fb3142bddfb3a3a3180f9c8d5,true,true,external_tolerance,external_tolerance,false,0,270,1346,0.0792125538862729,0.02359750983537496,13.459999999999757,13.459999999999757,5.105448238189399,0.23380575975402634,0.012554660192592595,0.060518235,true,true,true,true,0.9855256679909933
778,holdout__holdout_05__teb__tau_y_300,holdout,holdout_05,teb,tau_y_300,355a6b600b50409b680ffb0e06ee53d75e1a915fb3142bddfb3a3a3180f9c8d5,true,true,external_tolerance,external_tolerance,false,0,262,1308,0.07960675638161276,0.08261146946755628,13.079999999999766,13.079999999999766,5.321615353782224,0.13577243733569822,0.01744917942366414,0.041260988,true,true,true,true,0.9861848822873297
776,holdout__holdout_17__tr__tau_x_300,holdout,holdout_17,tr,tau_x_300,355a6b600b50409b680ffb0e06ee53d75e1a915fb3142bddfb3a3a3180f9c8d5,true,false,logical_timeout,duration,false,0,600,3000,3.572831619871564,0.731614934420202,30.00000000000189,30.00000000000189,1.4058211492277604,0.5726882000910463,0.008605818498333313,0.055019924,true,true,true,true,0.22082506719951495
779,holdout__holdout_02__teb__delay_100,holdout,holdout_02,teb,delay_100,355a6b600b50409b680ffb0e06ee53d75e1a915fb3142bddfb3a3a3180f9c8d5,true,true,external_tolerance,external_tolerance,false,0,250,1250,0.07781415032772207,0.09381495386226785,12.499999999999778,12.499999999999778,5.150655684452468,0.14972322454183917,0.018212681155999978,0.050317526,true,true,true,true,0.990142384716401
775,holdout__holdout_11__teb__delay_100,holdout,holdout_11,teb,delay_100,355a6b600b50409b680ffb0e06ee53d75e1a915fb3142bddfb3a3a3180f9c8d5,true,false,plugin returned no valid velocity command,plugin returned no valid velocity command,false,1,278,1390,1.5108963035748721,0.5941711248121446,13.899999999999748,13.899999999999748,5.0317575120176015,0.028199957368710615,0.025350375000000005,0.07401446,true,true,true,true,0.7215628831576114
781,holdout__holdout_03__teb__tau_y_300,holdout,holdout_03,teb,tau_y_300,355a6b600b50409b680ffb0e06ee53d75e1a915fb3142bddfb3a3a3180f9c8d5,true,false,plugin returned no valid velocity command,plugin returned no valid velocity command,false,1,111,555,3.3760324385551876,0.2880983276203892,5.549999999999926,5.549999999999926,2.0360600356057894,0.03564800318014331,0.025948526794642855,0.045025758,true,true,true,true,0.3372449077051873
783,holdout__holdout_07__tr__delay_100,holdout,holdout_07,tr,delay_100,355a6b600b50409b680ffb0e06ee53d75e1a915fb3142bddfb3a3a3180f9c8d5,true,true,external_tolerance,external_tolerance,false,0,330,1649,0.04839581853710986,0.09954310253537238,16.489999999999778,16.489999999999778,5.670500701828303,0.053752428052422835,0.010151160681818181,0.016868976,true,true,true,true,0.9949028270689961
786,discovery__discovery_05__tr__tau_w_100,discovery,discovery_05,tr,tau_w_100,355a6b600b50409b680ffb0e06ee53d75e1a915fb3142bddfb3a3a3180f9c8d5,true,true,external_tolerance,external_tolerance,false,0,321,1605,0.07450956814850736,0.09960352094908365,16.04999999999971,16.04999999999971,5.2830706988716,0.015227009114057841,0.008786801669781923,0.017842472,true,true,true,true,0.9875980995016898
785,holdout__holdout_01__teb__delay_050,holdout,holdout_01,teb,delay_050,355a6b600b50409b680ffb0e06ee53d75e1a915fb3142bddfb3a3a3180f9c8d5,true,true,external_tolerance,external_tolerance,false,0,276,1378,0.009049344461505182,0.0933745819040475,13.77999999999975,13.77999999999975,5.584656952034,0.18138940423093622,0.014607257800724631,0.029968279,true,true,true,true,0.9987977567935056
782,holdout__holdout_10__teb__tau_x_300,holdout,holdout_10,teb,tau_x_300,355a6b600b50409b680ffb0e06ee53d75e1a915fb3142bddfb3a3a3180f9c8d5,true,true,external_tolerance,external_tolerance,false,0,338,1687,0.0784554845404427,0.025783954628956218,16.869999999999838,16.869999999999838,6.180383520427074,0.1166770362176665,0.01411565231065089,0.037328222,true,true,true,true,1.0
787,holdout__holdout_03__teb__tau_y_500,holdout,holdout_03,teb,tau_y_500,355a6b600b50409b680ffb0e06ee53d75e1a915fb3142bddfb3a3a3180f9c8d5,true,false,plugin returned no valid velocity command,plugin returned no valid velocity command,false,1,138,690,3.5097450128615706,0.30297795217671847,6.899999999999897,6.899999999999897,1.96889714462722,0.08068943267774202,0.026694667345323737,0.040700582,true,true,true,true,0.3145939153129401
788,discovery__discovery_11__tr__tau_y_300,discovery,discovery_11,tr,tau_y_300,355a6b600b50409b680ffb0e06ee53d75e1a915fb3142bddfb3a3a3180f9c8d5,true,true,external_tolerance,external_tolerance,false,0,261,1303,0.07917816431940224,0.09941228236713145,13.029999999999767,13.029999999999767,5.013416581679059,0.09258975994945311,0.011388434272030656,0.062032211,true,true,true,true,0.9871330040829649
789,holdout__holdout_13__tr__tau_y_300,holdout,holdout_13,tr,tau_y_300,355a6b600b50409b680ffb0e06ee53d75e1a915fb3142bddfb3a3a3180f9c8d5,true,false,logical_timeout,duration,false,0,600,3000,4.195741302392646,0.6377078808843778,30.00000000000189,30.00000000000189,1.2210281223273383,0.39146745752874024,0.004209954659999999,0.03295857,true,true,true,true,0.17321532281569513
794,discovery__discovery_15__tr__tau_y_500,discovery,discovery_15,tr,tau_y_500,355a6b600b50409b680ffb0e06ee53d75e1a915fb3142bddfb3a3a3180f9c8d5,true,true,external_tolerance,external_tolerance,false,0,265,1325,0.07755408501443535,0.09956522942257193,13.249999999999762,13.249999999999762,4.977273030618779,0.012965445253116468,0.010591827547169808,0.021766527,true,true,true,true,0.9859283468662037
791,holdout__holdout_10__tr__tau_y_500,holdout,holdout_10,tr,tau_y_500,355a6b600b50409b680ffb0e06ee53d75e1a915fb3142bddfb3a3a3180f9c8d5,true,true,external_tolerance,external_tolerance,false,0,329,1643,0.07790614871804799,0.09973481276097883,16.42999999999977,16.42999999999977,5.5841502030794645,0.14443041018202057,0.010077151553191499,0.021225189,true,true,true,true,0.9879689756058454
790,holdout__holdout_02__teb__tau_y_150,holdout,holdout_02,teb,tau_y_150,355a6b600b50409b680ffb0e06ee53d75e1a915fb3142bddfb3a3a3180f9c8d5,true,true,external_tolerance,external_tolerance,false,0,254,1269,0.07843345997858525,0.05426134319509417,12.689999999999774,12.689999999999774,5.193899235781733,0.12218201959132095,0.01771765041338584,0.035394959,true,true,true,true,0.9908348544744365
793,holdout__holdout_07__tr__tau_x_300,holdout,holdout_07,tr,tau_x_300,355a6b600b50409b680ffb0e06ee53d75e1a915fb3142bddfb3a3a3180f9c8d5,true,true,external_tolerance,external_tolerance,false,0,408,2039,0.026142612269765254,0.09904948387524173,20.390000000000388,20.390000000000388,6.447340712872407,0.06511447165651955,0.01084426605147057,0.019280514,true,true,true,true,0.9968493296321811
792,discovery__discovery_09__teb__tau_y_300,discovery,discovery_09,teb,tau_y_300,355a6b600b50409b680ffb0e06ee53d75e1a915fb3142bddfb3a3a3180f9c8d5,true,true,external_tolerance,external_tolerance,false,0,292,1460,0.06530964683927082,0.09713276683408852,14.599999999999733,14.599999999999733,5.250535593970139,0.20311509136460706,0.018648830821917817,0.037471694,true,true,true,true,0.9882597639895241
798,holdout__holdout_20__tr__tau_y_150,holdout,holdout_20,tr,tau_y_150,355a6b600b50409b680ffb0e06ee53d75e1a915fb3142bddfb3a3a3180f9c8d5,true,true,external_tolerance,external_tolerance,false,0,251,1253,0.07645494816537962,0.09963124216401315,12.529999999999777,12.529999999999777,4.896575055015229,0.15097246584110943,0.011975198450199197,0.059323234,true,true,true,true,0.9856511748716268
796,holdout__holdout_18__tr__tau_x_300,holdout,holdout_18,tr,tau_x_300,355a6b600b50409b680ffb0e06ee53d75e1a915fb3142bddfb3a3a3180f9c8d5,true,true,external_tolerance,external_tolerance,false,0,379,1894,0.05026245544636087,0.0995302614425323,18.94000000000016,18.94000000000016,6.114672134226719,0.047201507732552654,0.01011002226385224,0.022844413,true,true,true,true,1.0
799,holdout__holdout_13__tr__tau_y_500,holdout,holdout_13,tr,tau_y_500,355a6b600b50409b680ffb0e06ee53d75e1a915fb3142bddfb3a3a3180f9c8d5,true,false,logical_timeout,duration,false,0,600,3000,4.1952212137366685,0.7418110026046368,30.00000000000189,30.00000000000189,1.3127144670368571,0.3848060981504564,0.004754286663333333,0.016902896,true,true,true,true,0.17271623258938473
800,discovery__discovery_11__teb__tau_w_100,discovery,discovery_11,teb,tau_w_100,355a6b600b50409b680ffb0e06ee53d75e1a915fb3142bddfb3a3a3180f9c8d5,true,true,external_tolerance,external_tolerance,false,0,219,1095,0.07544011674646857,0.012366209460962304,10.949999999999811,10.949999999999811,5.109921817489999,0.12727907774178995,0.014887273470319639,0.034453618,true,true,true,true,0.9872642526413945
797,holdout__holdout_08__tr__delay_050,holdout,holdout_08,tr,delay_050,355a6b600b50409b680ffb0e06ee53d75e1a915fb3142bddfb3a3a3180f9c8d5,true,false,logical_timeout,duration,false,0,600,3000,2.6423150942157307,0.8535602269694481,30.00000000000189,30.00000000000189,2.4994300645511545,0.23557920240820204,0.008695001413333332,0.042495036,true,true,true,true,0.3984107004166184
803,discovery__discovery_12__tr__e0,discovery,discovery_12,tr,e0,355a6b600b50409b680ffb0e06ee53d75e1a915fb3142bddfb3a3a3180f9c8d5,true,false,logical_timeout,duration,false,0,600,3000,4.332052185536504,0.992630193196271,30.00000000000189,30.00000000000189,1.208693125307452,0.6824701125281617,0.005858842196666666,0.021125575,true,true,true,true,0.11314474284060005
795,holdout__holdout_11__teb__tau_y_500,holdout,holdout_11,teb,tau_y_500,355a6b600b50409b680ffb0e06ee53d75e1a915fb3142bddfb3a3a3180f9c8d5,true,false,plugin returned no valid velocity command,plugin returned no valid velocity command,false,1,362,1810,1.516561602605986,0.6243733492450768,18.10000000000003,18.10000000000003,5.119852252558436,0.05621245738958458,0.026662041917355363,0.042522715,true,true,true,true,0.7254120714022579
801,discovery__discovery_17__tr__delay_100,discovery,discovery_17,tr,delay_100,355a6b600b50409b680ffb0e06ee53d75e1a915fb3142bddfb3a3a3180f9c8d5,true,false,logical_timeout,duration,false,0,600,3000,4.2521819422112,0.6659897992387259,30.00000000000189,30.00000000000189,0.7867664329807917,0.6079278555961286,0.008074683023333338,0.018464885,true,true,true,true,0.13316702514915074
804,holdout__holdout_15__tr__delay_200,holdout,holdout_15,tr,delay_200,355a6b600b50409b680ffb0e06ee53d75e1a915fb3142bddfb3a3a3180f9c8d5,true,false,logical_timeout,duration,false,0,600,3000,4.333650497835117,0.16310309814290813,30.00000000000189,30.00000000000189,1.269229458851723,0.17404120783089083,0.007751223285000003,0.018227801,true,true,true,true,0.15794095747686163
802,discovery__discovery_01__tr__delay_200,discovery,discovery_01,tr,delay_200,355a6b600b50409b680ffb0e06ee53d75e1a915fb3142bddfb3a3a3180f9c8d5,true,false,logical_timeout,duration,false,0,600,3000,4.61569520423204,0.07883365574527329,30.00000000000189,30.00000000000189,0.5311839793359131,0.25286824397218477,0.008808734276666673,0.022785284,true,true,true,true,0.0839778570889928
807,holdout__holdout_02__tr__delay_050,holdout,holdout_02,tr,delay_050,355a6b600b50409b680ffb0e06ee53d75e1a915fb3142bddfb3a3a3180f9c8d5,true,true,external_tolerance,external_tolerance,false,0,294,1468,0.07645051855166858,0.09965170492221871,14.679999999999731,14.679999999999731,4.951410924100839,0.20261749875726795,0.010785854295918355,0.043061241,true,true,true,true,0.9855171194867277
808,discovery__discovery_19__tr__tau_x_100,discovery,discovery_19,tr,tau_x_100,355a6b600b50409b680ffb0e06ee53d75e1a915fb3142bddfb3a3a3180f9c8d5,true,true,external_tolerance,external_tolerance,false,0,259,1294,0.06920263753020024,0.0997294761121187,12.939999999999769,12.939999999999769,4.941798327302149,0.06656147020378503,0.012092011563706566,0.028528228,true,true,true,true,0.9868013430558296
806,discovery__discovery_20__tr__tau_y_150,discovery,discovery_20,tr,tau_y_150,355a6b600b50409b680ffb0e06ee53d75e1a915fb3142bddfb3a3a3180f9c8d5,true,false,logical_timeout,duration,false,0,600,3000,4.477134926724315,0.5213076173283903,30.00000000000189,30.00000000000189,0.5799276206483737,0.4708935521128179,0.006797729335000005,0.032867957,true,true,true,true,0.0713300775665733
805,discovery__discovery_07__teb__tau_x_300,discovery,discovery_07,teb,tau_x_300,355a6b600b50409b680ffb0e06ee53d75e1a915fb3142bddfb3a3a3180f9c8d5,true,true,external_tolerance,external_tolerance,false,0,304,1517,0.04316901163764772,0.09909231080119982,15.169999999999721,15.169999999999721,6.352250354319207,0.15878894792855025,0.022441104621710527,0.055052844,true,true,true,true,0.9933917883441586
810,discovery__discovery_10__tr__e0,discovery,discovery_10,tr,e0,355a6b600b50409b680ffb0e06ee53d75e1a915fb3142bddfb3a3a3180f9c8d5,true,true,external_tolerance,external_tolerance,false,0,259,1295,0.07961295166688738,0.015031564189121117,12.949999999999768,12.949999999999768,5.262626193171269,0.08414266579074504,0.011474748969111971,0.030930819,true,true,true,true,0.9876800206385611
813,discovery__discovery_03__teb__e0,discovery,discovery_03,teb,e0,355a6b600b50409b680ffb0e06ee53d75e1a915fb3142bddfb3a3a3180f9c8d5,true,true,external_tolerance,external_tolerance,false,0,236,1176,0.06676311632338224,0.0961853720992113,11.759999999999794,11.759999999999794,5.506935513408805,0.14181102164073214,0.013445277995762712,0.065787559,true,true,true,true,0.9946971526213895
809,holdout__holdout_03__tr__tau_y_500,holdout,holdout_03,tr,tau_y_500,355a6b600b50409b680ffb0e06ee53d75e1a915fb3142bddfb3a3a3180f9c8d5,true,false,logical_timeout,duration,false,0,600,3000,4.393333317800033,0.7710527820512612,30.00000000000189,30.00000000000189,0.8987035368063246,0.5886048118132056,0.007957028520000005,0.019175058,true,true,true,true,0.10184645721023819
814,holdout__holdout_04__tr__tau_y_150,holdout,holdout_04,tr,tau_y_150,355a6b600b50409b680ffb0e06ee53d75e1a915fb3142bddfb3a3a3180f9c8d5,true,true,external_tolerance,external_tolerance,false,0,263,1314,0.07711969360969671,0.09898620001751145,13.139999999999764,13.139999999999764,4.9841786069579594,0.12254795169140165,0.011367048068441058,0.028795456,true,true,true,true,0.9855254520154086
812,holdout__holdout_03__teb__delay_100,holdout,holdout_03,teb,delay_100,355a6b600b50409b680ffb0e06ee53d75e1a915fb3142bddfb3a3a3180f9c8d5,true,true,external_tolerance,external_tolerance,false,0,290,1450,0.07983687950141868,0.05479303936068361,14.499999999999735,14.499999999999735,5.932129034334107,0.05659286278999204,0.016674674727586207,0.037606659,true,true,true,true,0.9929948541551208
815,holdout__holdout_14__tr__tau_x_100,holdout,holdout_14,tr,tau_x_100,355a6b600b50409b680ffb0e06ee53d75e1a915fb3142bddfb3a3a3180f9c8d5,true,true,external_tolerance,external_tolerance,false,0,329,1645,0.07221554244545426,0.09976625294179302,16.449999999999772,16.449999999999772,5.902640179830929,0.03984433794921349,0.011059490927051671,0.068321196,true,true,true,true,0.9889544634873665
817,holdout__holdout_18__tr__tau_y_500,holdout,holdout_18,tr,tau_y_500,355a6b600b50409b680ffb0e06ee53d75e1a915fb3142bddfb3a3a3180f9c8d5,true,true,external_tolerance,external_tolerance,false,0,301,1503,0.07945482438634993,0.09934449034945654,15.029999999999724,15.029999999999724,5.723794466490266,0.09691492346431063,0.011198724528239203,0.0202288,true,true,true,true,0.9892844148602323
818,discovery__discovery_11__teb__tau_y_150,discovery,discovery_11,teb,tau_y_150,355a6b600b50409b680ffb0e06ee53d75e1a915fb3142bddfb3a3a3180f9c8d5,true,true,external_tolerance,external_tolerance,false,0,239,1192,0.07852435188907515,0.04091867557346533,11.91999999999979,11.91999999999979,5.210464951839908,0.14180787988034968,0.01522931813807533,0.095789322,true,true,true,true,0.9881456079565357
821,holdout__holdout_12__tr__e0,holdout,holdout_12,tr,e0,355a6b600b50409b680ffb0e06ee53d75e1a915fb3142bddfb3a3a3180f9c8d5,true,true,external_tolerance,external_tolerance,false,0,254,1270,0.07623514467125606,0.09945266710915832,12.699999999999774,12.699999999999774,4.9315507463366055,0.0538169366921946,0.01053896731496063,0.018016128,true,true,true,true,0.9856956395278121
811,discovery__discovery_20__teb__tau_y_500,discovery,discovery_20,teb,tau_y_500,355a6b600b50409b680ffb0e06ee53d75e1a915fb3142bddfb3a3a3180f9c8d5,true,true,external_tolerance,external_tolerance,false,0,419,2094,0.07942553560012085,0.03953615083888723,20.940000000000474,20.940000000000474,6.638109337704273,0.021553041420691255,0.02056051627923628,0.05486634,true,true,true,true,0.9908179076599468
819,discovery__discovery_18__teb__tau_w_300,discovery,discovery_18,teb,tau_w_300,355a6b600b50409b680ffb0e06ee53d75e1a915fb3142bddfb3a3a3180f9c8d5,true,true,external_tolerance,external_tolerance,false,0,323,1613,0.06031743642547855,0.09844714439086148,16.129999999999722,16.129999999999722,5.047879738424784,0.18314357969787862,0.013520414188854477,0.03403097,true,true,true,true,0.9940226233971293
816,holdout__holdout_13__teb__delay_200,holdout,holdout_13,teb,delay_200,355a6b600b50409b680ffb0e06ee53d75e1a915fb3142bddfb3a3a3180f9c8d5,true,true,external_tolerance,external_tolerance,false,0,373,1861,0.07942632257664312,0.09148388877044245,18.61000000000011,18.61000000000011,5.93781583836842,0.07379501475029064,0.01879857738337801,0.045093013,true,true,true,true,0.9871596102039442
820,holdout__holdout_19__teb__tau_y_300,holdout,holdout_19,teb,tau_y_300,355a6b600b50409b680ffb0e06ee53d75e1a915fb3142bddfb3a3a3180f9c8d5,true,true,external_tolerance,external_tolerance,false,0,299,1492,0.07622786891372388,0.09638147235148507,14.919999999999726,14.919999999999726,5.970586769438651,0.2051771565211991,0.01646356122742473,0.032294384,true,true,true,true,0.9878458270857057
824,discovery__discovery_05__tr__tau_w_300,discovery,discovery_05,tr,tau_w_300,355a6b600b50409b680ffb0e06ee53d75e1a915fb3142bddfb3a3a3180f9c8d5,true,true,external_tolerance,external_tolerance,false,0,374,1866,0.07674323422378097,0.09761929063580418,18.660000000000117,18.660000000000117,5.328640875130744,0.016555756393870455,0.007998570748663102,0.017601414,true,true,true,true,0.9874630691508234
823,holdout__holdout_15__teb__tau_y_300,holdout,holdout_15,teb,tau_y_300,355a6b600b50409b680ffb0e06ee53d75e1a915fb3142bddfb3a3a3180f9c8d5,true,true,external_tolerance,external_tolerance,false,0,283,1414,0.07603273749303628,0.09760725240269755,14.139999999999743,14.139999999999743,5.5803422335280155,0.10661761054125056,0.013186752102473496,0.026296552,true,true,true,true,0.9875902275739088
828,discovery__discovery_06__teb__tau_w_100,discovery,discovery_06,teb,tau_w_100,355a6b600b50409b680ffb0e06ee53d75e1a915fb3142bddfb3a3a3180f9c8d5,true,true,external_tolerance,external_tolerance,false,0,231,1155,0.07890727731129175,0.0811164734979205,11.549999999999798,11.549999999999798,4.932173244603238,0.15450848226387218,0.013142588601731595,0.028796071,true,true,true,true,0.9934260022622029
827,holdout__holdout_16__tr__delay_200,holdout,holdout_16,tr,delay_200,355a6b600b50409b680ffb0e06ee53d75e1a915fb3142bddfb3a3a3180f9c8d5,true,true,external_tolerance,external_tolerance,false,0,372,1857,0.04534322890087578,0.09856336659105171,18.570000000000103,18.570000000000103,5.752591390516027,0.11750354886422833,0.009447250680107523,0.029768849,true,true,true,true,0.9942796345853406
822,holdout__holdout_08__teb__tau_x_300,holdout,holdout_08,teb,tau_x_300,355a6b600b50409b680ffb0e06ee53d75e1a915fb3142bddfb3a3a3180f9c8d5,true,true,external_tolerance,external_tolerance,false,0,380,1900,0.07857064487547077,0.01914388665059821,19.00000000000017,19.00000000000017,6.76024461996493,0.1456523832963843,0.014550599457894725,0.040232308,true,true,true,true,1.0
829,holdout__holdout_16__tr__delay_100,holdout,holdout_16,tr,delay_100,355a6b600b50409b680ffb0e06ee53d75e1a915fb3142bddfb3a3a3180f9c8d5,true,true,external_tolerance,external_tolerance,false,0,303,1514,0.07352436641924366,0.09958613477636853,15.139999999999722,15.139999999999722,5.3177580594413945,0.09137637626963331,0.010084527580858085,0.055768544,true,true,true,true,0.9881242368130257
825,holdout__holdout_19__teb__tau_x_100,holdout,holdout_19,teb,tau_x_100,355a6b600b50409b680ffb0e06ee53d75e1a915fb3142bddfb3a3a3180f9c8d5,true,true,external_tolerance,external_tolerance,false,0,277,1383,0.07537519240186608,0.08475503257309988,13.82999999999975,13.82999999999975,5.958655075599582,0.186655314856992,0.01702213898555956,0.035665678,true,true,true,true,0.9880092216871404
826,discovery__discovery_17__tr__delay_200,discovery,discovery_17,tr,delay_200,355a6b600b50409b680ffb0e06ee53d75e1a915fb3142bddfb3a3a3180f9c8d5,true,false,logical_timeout,duration,false,0,600,3000,4.256317878617985,0.8321716357022596,30.00000000000189,30.00000000000189,0.8997757824878785,0.6186438707697327,0.007194367513333328,0.026691189,true,true,true,true,0.13227847967866307
830,holdout__holdout_16__teb__e0,holdout,holdout_16,teb,e0,355a6b600b50409b680ffb0e06ee53d75e1a915fb3142bddfb3a3a3180f9c8d5,true,true,external_tolerance,external_tolerance,false,0,243,1213,0.02666208592613231,0.0960386576954002,12.129999999999786,12.129999999999786,5.4744328713662105,0.17729827147877994,0.013196491539094655,0.031950841,true,true,true,true,0.9953718097116703
831,holdout__holdout_07__teb__tau_y_300,holdout,holdout_07,teb,tau_y_300,355a6b600b50409b680ffb0e06ee53d75e1a915fb3142bddfb3a3a3180f9c8d5,true,true,external_tolerance,external_tolerance,false,0,304,1520,0.07802435366063863,0.07382587509744674,15.19999999999972,15.19999999999972,5.741131764416537,0.16687834332196302,0.015657581608552622,0.037870027,true,true,true,true,0.9875481395512647
833,holdout__holdout_17__teb__delay_100,holdout,holdout_17,teb,delay_100,355a6b600b50409b680ffb0e06ee53d75e1a915fb3142bddfb3a3a3180f9c8d5,true,true,external_tolerance,external_tolerance,false,0,272,1357,0.07895009427692451,0.06804857705277073,13.569999999999755,13.569999999999755,5.6410178100832535,0.07673878068825461,0.018685332308823525,0.040439632,true,true,true,true,1.0
838,discovery__discovery_08__teb__tau_x_100,discovery,discovery_08,teb,tau_x_100,355a6b600b50409b680ffb0e06ee53d75e1a915fb3142bddfb3a3a3180f9c8d5,true,false,plugin returned no valid velocity command,plugin returned no valid velocity command,false,1,96,480,3.3276208541317933,0.34082221970312093,4.799999999999942,4.799999999999942,1.9281485883455547,0.10001631320306581,0.025279191927835058,0.038760577,true,true,true,true,0.31173795569876384
832,holdout__holdout_08__tr__delay_100,holdout,holdout_08,tr,delay_100,355a6b600b50409b680ffb0e06ee53d75e1a915fb3142bddfb3a3a3180f9c8d5,true,false,logical_timeout,duration,false,0,600,3000,2.6419845806079887,0.691854585916711,30.00000000000189,30.00000000000189,2.4841160506705733,0.23421497505516015,0.009304655023333334,0.025578206,true,true,true,true,0.3981913942065222
835,discovery__discovery_09__teb__e0,discovery,discovery_09,teb,e0,355a6b600b50409b680ffb0e06ee53d75e1a915fb3142bddfb3a3a3180f9c8d5,true,true,external_tolerance,external_tolerance,false,0,248,1237,0.06675860806322312,0.0964233594063933,12.36999999999978,12.36999999999978,5.160346690938918,0.16290525658687352,0.018897698854838708,0.03260392,true,true,true,true,0.9925309693125509
836,discovery__discovery_16__tr__tau_w_100,discovery,discovery_16,tr,tau_w_100,355a6b600b50409b680ffb0e06ee53d75e1a915fb3142bddfb3a3a3180f9c8d5,true,true,external_tolerance,external_tolerance,false,0,340,1696,0.07470906762858844,0.09980217111120367,16.95999999999985,16.95999999999985,5.7816962691388785,0.06608175072937962,0.009934990661764708,0.019333431,true,true,true,true,0.9884548375439587
834,holdout__holdout_01__tr__tau_y_150,holdout,holdout_01,tr,tau_y_150,355a6b600b50409b680ffb0e06ee53d75e1a915fb3142bddfb3a3a3180f9c8d5,true,false,logical_timeout,duration,false,0,600,3000,2.819502503172476,0.753565149125622,30.00000000000189,30.00000000000189,2.0213071491036656,0.19255312194434282,0.009166878801666674,0.020832343,true,true,true,true,0.3377231464249061
842,holdout__holdout_10__tr__tau_w_300,holdout,holdout_10,tr,tau_w_300,355a6b600b50409b680ffb0e06ee53d75e1a915fb3142bddfb3a3a3180f9c8d5,true,true,external_tolerance,external_tolerance,false,0,350,1746,0.07870585697095588,0.09590878269754503,17.45999999999993,17.45999999999993,5.614390772694204,0.08696019000432892,0.010218312022857149,0.054974437,true,true,true,true,0.9880836244008547
837,discovery__discovery_01__tr__tau_w_100,discovery,discovery_01,tr,tau_w_100,355a6b600b50409b680ffb0e06ee53d75e1a915fb3142bddfb3a3a3180f9c8d5,true,false,logical_timeout,duration,false,0,600,3000,4.591746206095129,0.02146659444028957,30.00000000000189,30.00000000000189,0.6547784442493859,0.2016935965234814,0.007984867433333345,0.032812561,true,true,true,true,0.08869143812670255
843,discovery__discovery_15__tr__e0,discovery,discovery_15,tr,e0,355a6b600b50409b680ffb0e06ee53d75e1a915fb3142bddfb3a3a3180f9c8d5,true,true,external_tolerance,external_tolerance,false,0,254,1270,0.07555227306595773,0.0994439028493791,12.699999999999774,12.699999999999774,4.96816845592456,0.10316879070340096,0.012311906657480318,0.054627565,true,true,true,true,0.9858651232190409
839,discovery__discovery_14__tr__delay_050,discovery,discovery_14,tr,delay_050,355a6b600b50409b680ffb0e06ee53d75e1a915fb3142bddfb3a3a3180f9c8d5,true,false,logical_timeout,duration,false,0,600,3000,2.645534436766952,0.4570812478879524,30.00000000000189,30.00000000000189,2.550624036191244,0.15643833907922283,0.0075966991816666714,0.025762192,true,true,true,true,0.3687982242540175
840,holdout__holdout_01__tr__tau_x_100,holdout,holdout_01,tr,tau_x_100,355a6b600b50409b680ffb0e06ee53d75e1a915fb3142bddfb3a3a3180f9c8d5,true,false,logical_timeout,duration,false,0,600,3000,2.8186322231575036,0.8194708479862334,30.00000000000189,30.00000000000189,2.0274619417094337,0.19636976628959998,0.009195136393333333,0.02374778,true,true,true,true,0.337928538459879
841,holdout__holdout_17__tr__delay_100,holdout,holdout_17,tr,delay_100,355a6b600b50409b680ffb0e06ee53d75e1a915fb3142bddfb3a3a3180f9c8d5,true,false,logical_timeout,duration,false,0,600,3000,3.555278785141625,0.7168777632527045,30.00000000000189,30.00000000000189,1.5740851779293696,0.5343071241926799,0.007752722321666668,0.02890612,true,true,true,true,0.22192915523950874
844,discovery__discovery_03__tr__e0,discovery,discovery_03,tr,e0,355a6b600b50409b680ffb0e06ee53d75e1a915fb3142bddfb3a3a3180f9c8d5,true,true,external_tolerance,external_tolerance,false,0,273,1362,0.07724125100707896,0.09934132958046832,13.619999999999754,13.619999999999754,5.358494645833105,0.05410096143765992,0.011751144783882788,0.020559053,true,true,true,true,0.9867836350020863
847,holdout__holdout_06__tr__tau_x_100,holdout,holdout_06,tr,tau_x_100,355a6b600b50409b680ffb0e06ee53d75e1a915fb3142bddfb3a3a3180f9c8d5,true,true,external_tolerance,external_tolerance,false,0,260,1299,0.07331019489899236,0.09952966480169338,12.989999999999768,12.989999999999768,4.967745642624733,0.08505376603539165,0.01131279450384615,0.021927921,true,true,true,true,0.9862411763121423
848,holdout__holdout_11__tr__e0,holdout,holdout_11,tr,e0,355a6b600b50409b680ffb0e06ee53d75e1a915fb3142bddfb3a3a3180f9c8d5,true,true,external_tolerance,external_tolerance,false,0,362,1809,0.07739229572522696,0.09940278099549048,18.09000000000003,18.09000000000003,6.456116694043315,0.06667094156837783,0.009709625320441992,0.031297709,true,true,true,true,0.9897151184408923
845,discovery__discovery_20__tr__tau_w_300,discovery,discovery_20,tr,tau_w_300,355a6b600b50409b680ffb0e06ee53d75e1a915fb3142bddfb3a3a3180f9c8d5,true,false,logical_timeout,duration,false,0,600,3000,4.478122714026712,0.6656646748235286,30.00000000000189,30.00000000000189,0.567276070894818,0.43874481251891917,0.0068090337916666705,0.02266301,true,true,true,true,0.07131347498544273
846,holdout__holdout_18__teb__delay_100,holdout,holdout_18,teb,delay_100,355a6b600b50409b680ffb0e06ee53d75e1a915fb3142bddfb3a3a3180f9c8d5,true,true,external_tolerance,external_tolerance,false,0,334,1666,0.03506066449738935,0.09337330577436717,16.659999999999805,16.659999999999805,5.872436218650829,0.235769763110602,0.01772854882335329,0.044892941,true,true,true,true,0.9943937769514494
851,holdout__holdout_16__teb__tau_w_100,holdout,holdout_16,teb,tau_w_100,355a6b600b50409b680ffb0e06ee53d75e1a915fb3142bddfb3a3a3180f9c8d5,true,true,external_tolerance,external_tolerance,false,0,285,1424,0.025210354739612455,0.09399617061009209,14.23999999999974,14.23999999999974,5.484442269645926,0.19052489817273774,0.012581217343859644,0.025647878,true,true,true,true,0.9956048325344486
849,holdout__holdout_05__teb__tau_w_100,holdout,holdout_05,teb,tau_w_100,355a6b600b50409b680ffb0e06ee53d75e1a915fb3142bddfb3a3a3180f9c8d5,true,true,external_tolerance,external_tolerance,false,0,298,1488,0.06302124083984253,0.09697898257146428,14.879999999999727,14.879999999999727,5.246792763832542,0.14925459445334877,0.018233321409395983,0.151572311,true,true,true,true,0.9888230208017356
855,holdout__holdout_02__tr__tau_w_300,holdout,holdout_02,tr,tau_w_300,355a6b600b50409b680ffb0e06ee53d75e1a915fb3142bddfb3a3a3180f9c8d5,true,true,external_tolerance,external_tolerance,false,0,315,1571,0.07599847946419523,0.09774353503006405,15.70999999999971,15.70999999999971,4.971185516995072,0.1615431284412373,0.009413503841269839,0.017805505,true,true,true,true,0.9855972809742435
852,holdout__holdout_15__teb__delay_100,holdout,holdout_15,teb,delay_100,355a6b600b50409b680ffb0e06ee53d75e1a915fb3142bddfb3a3a3180f9c8d5,true,true,external_tolerance,external_tolerance,false,0,315,1572,0.07934051548577131,0.05024515108333479,15.71999999999971,15.71999999999971,5.631169160771358,0.14205393834494653,0.014228436676190484,0.066526497,true,true,true,true,0.9879867588986513
850,discovery__discovery_20__teb__tau_x_100,discovery,discovery_20,teb,tau_x_100,355a6b600b50409b680ffb0e06ee53d75e1a915fb3142bddfb3a3a3180f9c8d5,true,true,external_tolerance,external_tolerance,false,0,282,1407,0.06294175621286796,0.09961189679027588,14.069999999999744,14.069999999999744,6.266593427833877,0.12143678640210931,0.021660155003546115,0.049928836,true,true,true,true,0.9949599002788919
856,discovery__discovery_03__tr__delay_100,discovery,discovery_03,tr,delay_100,355a6b600b50409b680ffb0e06ee53d75e1a915fb3142bddfb3a3a3180f9c8d5,true,true,external_tolerance,external_tolerance,false,0,296,1478,0.07252948463689422,0.0998655692293886,14.77999999999973,14.77999999999973,5.352907549555303,0.09314737014326341,0.010848961962837847,0.057694596,true,true,true,true,0.9875880072211491
853,holdout__holdout_13__tr__delay_100,holdout,holdout_13,tr,delay_100,355a6b600b50409b680ffb0e06ee53d75e1a915fb3142bddfb3a3a3180f9c8d5,true,false,logical_timeout,duration,false,0,600,3000,4.178983314488352,0.7930794795739358,30.00000000000189,30.00000000000189,1.9646941531332904,0.2991299850502127,0.007487471010000005,0.020817529,true,true,true,true,0.17240590025181324
854,discovery__discovery_09__teb__tau_y_150,discovery,discovery_09,teb,tau_y_150,355a6b600b50409b680ffb0e06ee53d75e1a915fb3142bddfb3a3a3180f9c8d5,true,true,external_tolerance,external_tolerance,false,0,278,1387,0.06077522478601362,0.09857073939206434,13.869999999999749,13.869999999999749,5.297928667787855,0.14675124899675734,0.017754577111510794,0.043272905,true,true,true,true,0.9893149180922248
859,discovery__discovery_11__tr__tau_y_150,discovery,discovery_11,tr,tau_y_150,355a6b600b50409b680ffb0e06ee53d75e1a915fb3142bddfb3a3a3180f9c8d5,true,true,external_tolerance,external_tolerance,false,0,253,1263,0.07925817823809994,0.09961050695463707,12.629999999999775,12.629999999999775,4.99689706491842,0.09002888215335188,0.010892775671936757,0.018715079,true,true,true,true,0.9861944754251738
857,holdout__holdout_07__teb__tau_x_100,holdout,holdout_07,teb,tau_x_100,355a6b600b50409b680ffb0e06ee53d75e1a915fb3142bddfb3a3a3180f9c8d5,true,true,external_tolerance,external_tolerance,false,0,270,1349,0.07633097266132739,0.09472777147372925,13.489999999999757,13.489999999999757,5.775792124752951,0.1809471528409555,0.015733300729629623,0.033720628,true,true,true,true,0.9876121335117459
860,holdout__holdout_12__tr__delay_050,holdout,holdout_12,tr,delay_050,355a6b600b50409b680ffb0e06ee53d75e1a915fb3142bddfb3a3a3180f9c8d5,true,true,external_tolerance,external_tolerance,false,0,263,1313,0.07601495527656565,0.09915994778543537,13.129999999999765,13.129999999999765,4.917165320916819,0.03797085274078145,0.010942239338403055,0.033871903,true,true,true,true,0.9857318919486703
862,discovery__discovery_09__tr__delay_050,discovery,discovery_09,tr,delay_050,355a6b600b50409b680ffb0e06ee53d75e1a915fb3142bddfb3a3a3180f9c8d5,true,true,external_tolerance,external_tolerance,false,0,267,1331,0.07639733038436188,0.09998873341929447,13.30999999999976,13.30999999999976,5.030002415411626,0.07044689596472943,0.011123073823970032,0.019596727,true,true,true,true,0.9860889990215076
858,discovery__discovery_03__teb__delay_200,discovery,discovery_03,teb,delay_200,355a6b600b50409b680ffb0e06ee53d75e1a915fb3142bddfb3a3a3180f9c8d5,true,true,external_tolerance,external_tolerance,false,0,405,2022,0.06188784012235085,0.0975884453237668,20.22000000000036,20.22000000000036,5.753325638359469,0.13875189707857336,0.012546130192592582,0.027885624,true,true,true,true,1.0
861,discovery__discovery_02__teb__e0,discovery,discovery_02,teb,e0,355a6b600b50409b680ffb0e06ee53d75e1a915fb3142bddfb3a3a3180f9c8d5,true,true,external_tolerance,external_tolerance,false,0,243,1213,0.07979651147627602,0.043500285552956534,12.129999999999786,12.129999999999786,5.479787525560111,0.1188575431009454,0.016405480316872424,0.032150706,true,true,true,true,0.9870358481422107
866,holdout__holdout_10__tr__tau_w_100,holdout,holdout_10,tr,tau_w_100,355a6b600b50409b680ffb0e06ee53d75e1a915fb3142bddfb3a3a3180f9c8d5,true,true,external_tolerance,external_tolerance,false,0,341,1705,0.07706634846027308,0.09908476753466901,17.049999999999866,17.049999999999866,5.680734499402239,0.1340796078571212,0.009870477290322583,0.022727472,true,true,true,true,0.987585678887322
867,holdout__holdout_05__tr__delay_200,holdout,holdout_05,tr,delay_200,355a6b600b50409b680ffb0e06ee53d75e1a915fb3142bddfb3a3a3180f9c8d5,true,true,external_tolerance,external_tolerance,false,0,361,1804,0.046575866949975356,0.09965463858488133,18.04000000000002,18.04000000000002,5.708764696768855,0.11509402792079751,0.009669031867036016,0.01728799,true,true,true,true,0.998400596357317
863,discovery__discovery_12__tr__tau_y_500,discovery,discovery_12,tr,tau_y_500,355a6b600b50409b680ffb0e06ee53d75e1a915fb3142bddfb3a3a3180f9c8d5,true,false,logical_timeout,duration,false,0,600,3000,4.391889962665118,0.6712803998496095,30.00000000000189,30.00000000000189,1.3111052442281872,0.6555662689123866,0.006793295175000005,0.032454208,true,true,true,true,0.10438691587803119
864,discovery__discovery_09__teb__delay_050,discovery,discovery_09,teb,delay_050,355a6b600b50409b680ffb0e06ee53d75e1a915fb3142bddfb3a3a3180f9c8d5,true,true,external_tolerance,external_tolerance,false,0,277,1385,0.05631695300735032,0.09944142713513496,13.84999999999975,13.84999999999975,5.275274139888916,0.14284152164149766,0.018639564328519875,0.043973554,true,true,true,true,0.9961528230817733
865,discovery__discovery_13__tr__delay_050,discovery,discovery_13,tr,delay_050,355a6b600b50409b680ffb0e06ee53d75e1a915fb3142bddfb3a3a3180f9c8d5,true,true,external_tolerance,external_tolerance,false,0,405,2022,0.07698099182479158,0.09978104908462755,20.22000000000036,20.22000000000036,5.836671345629014,0.031740589098767785,0.010131957962962965,0.018633895,true,true,true,true,0.9878031029169889
868,discovery__discovery_19__teb__tau_y_500,discovery,discovery_19,teb,tau_y_500,355a6b600b50409b680ffb0e06ee53d75e1a915fb3142bddfb3a3a3180f9c8d5,true,true,external_tolerance,external_tolerance,false,0,285,1423,0.07996519368371018,0.03653904852024934,14.229999999999741,14.229999999999741,5.064875191553034,0.08380875428514693,0.011257588522807014,0.046693341,true,true,true,true,1.0
870,discovery__discovery_18__teb__tau_x_100,discovery,discovery_18,teb,tau_x_100,355a6b600b50409b680ffb0e06ee53d75e1a915fb3142bddfb3a3a3180f9c8d5,true,true,external_tolerance,external_tolerance,false,0,235,1173,0.061473567130393425,0.09847029073631874,11.729999999999794,11.729999999999794,5.069603446873397,0.18307136309539607,0.013594337242553205,0.026940198,true,true,true,true,0.9946017698309239
869,discovery__discovery_02__teb__tau_w_100,discovery,discovery_02,teb,tau_w_100,355a6b600b50409b680ffb0e06ee53d75e1a915fb3142bddfb3a3a3180f9c8d5,true,true,external_tolerance,external_tolerance,false,0,256,1278,0.04008019868858545,0.09829230434458223,12.779999999999772,12.779999999999772,5.529705036787204,0.06516552623270933,0.01614575821484375,0.033140717,true,true,true,true,0.9934670738683778
871,holdout__holdout_12__tr__delay_200,holdout,holdout_12,tr,delay_200,355a6b600b50409b680ffb0e06ee53d75e1a915fb3142bddfb3a3a3180f9c8d5,true,true,external_tolerance,external_tolerance,false,0,316,1580,0.05155127080269038,0.0981578959126054,15.799999999999708,15.799999999999708,5.623297207983273,0.07045578038113673,0.011668492563291138,0.058245274,true,true,true,true,1.0
874,discovery__discovery_19__teb__tau_w_100,discovery,discovery_19,teb,tau_w_100,355a6b600b50409b680ffb0e06ee53d75e1a915fb3142bddfb3a3a3180f9c8d5,true,true,external_tolerance,external_tolerance,false,0,226,1130,0.060870346855829156,0.09986268167942346,11.299999999999804,11.299999999999804,4.925915119868271,0.11734492326849785,0.012111067982300888,0.080028965,true,true,true,true,0.9945082688223637
872,holdout__holdout_04__teb__delay_100,holdout,holdout_04,teb,delay_100,355a6b600b50409b680ffb0e06ee53d75e1a915fb3142bddfb3a3a3180f9c8d5,true,true,external_tolerance,external_tolerance,false,0,276,1380,0.04749541805824725,0.09501289449438806,13.79999999999975,13.79999999999975,5.155450711850102,0.004504267080026429,0.015874401782608707,0.034486429,true,true,true,true,0.9950985221033589
873,discovery__discovery_01__tr__e0,discovery,discovery_01,tr,e0,355a6b600b50409b680ffb0e06ee53d75e1a915fb3142bddfb3a3a3180f9c8d5,true,false,logical_timeout,duration,false,0,600,3000,4.5870537565008185,0.04317534426227031,30.00000000000189,30.00000000000189,0.5638112243371366,0.22221992320790185,0.007859599660000004,0.01433711,true,true,true,true,0.08422227753580448
880,holdout__holdout_05__tr__tau_w_300,holdout,holdout_05,tr,tau_w_300,355a6b600b50409b680ffb0e06ee53d75e1a915fb3142bddfb3a3a3180f9c8d5,true,true,external_tolerance,external_tolerance,false,0,311,1552,0.07861805676506271,0.09850536300397086,15.519999999999714,15.519999999999714,5.088170998256053,0.03251066751353766,0.008062468852090037,0.012827097,true,true,true,true,0.9860570537543863
878,discovery__discovery_08__tr__e0,discovery,discovery_08,tr,e0,355a6b600b50409b680ffb0e06ee53d75e1a915fb3142bddfb3a3a3180f9c8d5,true,true,external_tolerance,external_tolerance,false,0,348,1738,0.07440603889752861,0.09974536300548557,17.379999999999917,17.379999999999917,5.915754003444854,0.09089172619697429,0.008821557155172416,0.014193058,true,true,true,true,0.9881466868238679
876,holdout__holdout_09__teb__tau_y_500,holdout,holdout_09,teb,tau_y_500,355a6b600b50409b680ffb0e06ee53d75e1a915fb3142bddfb3a3a3180f9c8d5,true,false,plugin returned no valid velocity command,plugin returned no valid velocity command,false,1,236,1180,2.032465199794496,0.20097969337324983,11.799999999999793,11.799999999999793,3.475341630864057,0.01315303841233188,0.017346016869198313,0.032321413,true,true,true,true,0.4260213989187266
875,discovery__discovery_12__tr__tau_x_100,discovery,discovery_12,tr,tau_x_100,355a6b600b50409b680ffb0e06ee53d75e1a915fb3142bddfb3a3a3180f9c8d5,true,false,logical_timeout,duration,false,0,600,3000,4.332593777330581,0.6459794117137772,30.00000000000189,30.00000000000189,1.596939980235218,0.6620824275051252,0.006126482125000002,0.013909299,true,true,true,true,0.1147006550147527
877,holdout__holdout_07__tr__tau_w_100,holdout,holdout_07,tr,tau_w_100,355a6b600b50409b680ffb0e06ee53d75e1a915fb3142bddfb3a3a3180f9c8d5,true,false,logical_timeout,duration,false,0,600,3000,4.524737318223338,0.1360840274512258,30.00000000000189,30.00000000000189,1.0072462352986977,0.20090644896765553,0.005438631545000002,0.020057266,true,true,true,true,0.13991051997595363
879,holdout__holdout_17__tr__delay_050,holdout,holdout_17,tr,delay_050,355a6b600b50409b680ffb0e06ee53d75e1a915fb3142bddfb3a3a3180f9c8d5,true,false,logical_timeout,duration,false,0,600,3000,3.5249280296229584,1.0300563514349765,30.00000000000189,30.00000000000189,1.5269154689440694,0.5350017570727323,0.006100427930000007,0.027706124,true,true,true,true,0.22492427870958304
