partition,planner,profile_id,layout_id,e0_success,profile_success,outcome_flip,flip_direction,e0_terminal_mode,profile_terminal_mode,terminal_mode_changed,e0_failure_member,profile_failure_member,e0_normalized_path_progress,profile_normalized_path_progress
discovery,tr,delay_050,discovery_01,false,false,false,unchanged,timeout,timeout,false,true,true,0.08422227753580448,0.0841068893475974
discovery,tr,delay_050,discovery_02,false,false,false,unchanged,timeout,timeout,false,true,true,0.09138151200859551,0.09326740509075974
discovery,tr,delay_050,discovery_03,true,true,false,unchanged,success,success,false,false,false,0.9867836350020863,0.9877441276344568
discovery,tr,delay_050,discovery_04,false,false,false,unchanged,timeout,timeout,false,true,true,0.19269070634342775,0.19151693742644552
discovery,tr,delay_050,discovery_05,true,true,false,unchanged,success,success,false,false,false,0.9868090459544234,0.9878513392032514
discovery,tr,delay_050,discovery_06,true,true,false,unchanged,success,success,false,false,false,0.9858753135373112,0.9872285550493154
discovery,tr,delay_050,discovery_07,true,true,false,unchanged,success,success,false,false,false,0.9887736344857319,0.9893528456963421
discovery,tr,delay_050,discovery_08,true,true,false,unchanged,success,success,false,false,false,0.9881466868238679,0.9883764966787775
discovery,tr,delay_050,discovery_09,true,true,false,unchanged,success,success,false,false,false,0.9862363124824662,0.9860889990215076
discovery,tr,delay_050,discovery_10,true,true,false,unchanged,success,success,false,false,false,0.9876800206385611,0.9874591941256188
discovery,tr,delay_050,discovery_11,true,true,false,unchanged,success,success,false,false,false,0.9856020682701144,0.98688637841429
discovery,tr,delay_050,discovery_12,false,false,false,unchanged,timeout,timeout,false,true,true,0.11314474284060005,0.10978814783911998
discovery,tr,delay_050,discovery_13,true,true,false,unchanged,success,success,false,false,false,0.9882647861567073,0.9878031029169889
discovery,tr,delay_050,discovery_14,false,false,false,unchanged,timeout,timeout,false,true,true,0.36949138100561635,0.3687982242540175
discovery,tr,delay_050,discovery_15,true,true,false,unchanged,success,success,false,false,false,0.9858651232190409,0.9871005337863922
discovery,tr,delay_050,discovery_16,true,true,false,unchanged,success,success,false,false,false,0.9881657683837658,0.9880546638950742
discovery,tr,delay_050,discovery_17,false,false,false,unchanged,timeout,timeout,false,true,true,0.13136268739568363,0.1316167152242109
discovery,tr,delay_050,discovery_18,true,true,false,unchanged,success,success,false,false,false,0.9850675012968353,0.9872647105917287
discovery,tr,delay_050,discovery_19,true,true,false,unchanged,success,success,false,false,false,0.9853109222144004,0.9862018841041353
discovery,tr,delay_050,discovery_20,false,false,false,unchanged,timeout,timeout,false,true,true,0.07181594552402612,0.07182366302909958
discovery,tr,delay_100,discovery_01,false,false,false,unchanged,timeout,timeout,false,true,true,0.08422227753580448,0.08326013857859343
discovery,tr,delay_100,discovery_02,false,false,false,unchanged,timeout,timeout,false,true,true,0.09138151200859551,0.09169567296907032
discovery,tr,delay_100,discovery_03,true,true,false,unchanged,success,success,false,false,false,0.9867836350020863,0.9875880072211491
discovery,tr,delay_100,discovery_04,false,false,false,unchanged,timeout,timeout,false,true,true,0.19269070634342775,0.19139057814807978
discovery,tr,delay_100,discovery_05,true,true,false,unchanged,success,success,false,false,false,0.9868090459544234,0.9897618020793275
discovery,tr,delay_100,discovery_06,true,true,false,unchanged,success,success,false,false,false,0.9858753135373112,0.9862576031168176
discovery,tr,delay_100,discovery_07,true,true,false,unchanged,success,success,false,false,false,0.9887736344857319,0.990281592914445
discovery,tr,delay_100,discovery_08,true,true,false,unchanged,success,success,false,false,false,0.9881466868238679,0.9888612097315477
discovery,tr,delay_100,discovery_09,true,true,false,unchanged,success,success,false,false,false,0.9862363124824662,0.9877942459182396
discovery,tr,delay_100,discovery_10,true,true,false,unchanged,success,success,false,false,false,0.9876800206385611,0.996193598845733
discovery,tr,delay_100,discovery_11,true,true,false,unchanged,success,success,false,false,false,0.9856020682701144,0.9871737007347448
discovery,tr,delay_100,discovery_12,false,false,false,unchanged,timeout,timeout,false,true,true,0.11314474284060005,0.11378254543329964
discovery,tr,delay_100,discovery_13,true,true,false,unchanged,success,success,false,false,false,0.9882647861567073,0.9903846749975874
discovery,tr,delay_100,discovery_14,false,false,false,unchanged,timeout,timeout,false,true,true,0.36949138100561635,0.3692929020740516
discovery,tr,delay_100,discovery_15,true,true,false,unchanged,success,success,false,false,false,0.9858651232190409,0.986584381880987
discovery,tr,delay_100,discovery_16,true,true,false,unchanged,success,success,false,false,false,0.9881657683837658,0.9889530151593283
discovery,tr,delay_100,discovery_17,false,false,false,unchanged,timeout,timeout,false,true,true,0.13136268739568363,0.13316702514915074
discovery,tr,delay_100,discovery_18,true,true,false,unchanged,success,success,false,false,false,0.9850675012968353,0.9873669880565055
discovery,tr,delay_100,discovery_19,true,true,false,unchanged,success,success,false,false,false,0.9853109222144004,0.9865264983597587
discovery,tr,delay_100,discovery_20,false,false,false,unchanged,timeout,timeout,false,true,true,0.07181594552402612,0.07061087856440622
discovery,tr,delay_200,discovery_01,false,false,false,unchanged,timeout,timeout,false,true,true,0.08422227753580448,0.0839778570889928
discovery,tr,delay_200,discovery_02,false,false,false,unchanged,timeout,timeout,false,true,true,0.09138151200859551,0.09154581802754139
discovery,tr,delay_200,discovery_03,true,true,false,unchanged,success,success,false,false,false,0.9867836350020863,0.9958276487334442
discovery,tr,delay_200,discovery_04,false,false,false,unchanged,timeout,timeout,false,true,true,0.19269070634342775,0.19181162460668424
discovery,tr,delay_200,discovery_05,true,true,false,unchanged,success,success,false,false,false,0.9868090459544234,0.9963589294346314
discovery,tr,delay_200,discovery_06,true,true,false,unchanged,success,success,false,false,false,0.9858753135373112,0.9951779877963247
discovery,tr,delay_200,discovery_07,true,true,false,unchanged,success,success,false,false,false,0.9887736344857319,1.0
discovery,tr,delay_200,discovery_08,true,true,false,unchanged,success,success,false,false,false,0.9881466868238679,0.9984153299834622
discovery,tr,delay_200,discovery_09,true,true,false,unchanged,success,success,false,false,false,0.9862363124824662,1.0
discovery,tr,delay_200,discovery_10,true,true,false,unchanged,success,success,false,false,false,0.9876800206385611,1.0
discovery,tr,delay_200,discovery_11,true,true,false,unchanged,success,success,false,false,false,0.9856020682701144,1.0
discovery,tr,delay_200,discovery_12,false,false,false,unchanged,timeout,timeout,false,true,true,0.11314474284060005,0.10797121717203476
discovery,tr,delay_200,discovery_13,true,false,true,success_to_failure,success,collision,true,false,true,0.9882647861567073,0.7933840718487734
discovery,tr,delay_200,discovery_14,false,false,false,unchanged,timeout,collision,true,true,true,0.36949138100561635,0.529923065387448
discovery,tr,delay_200,discovery_15,true,true,false,unchanged,success,success,false,false,false,0.9858651232190409,0.9950795174376351
discovery,tr,delay_200,discovery_16,true,true,false,unchanged,success,success,false,false,false,0.9881657683837658,0.9957659561591942
discovery,tr,delay_200,discovery_17,false,false,false,unchanged,timeout,timeout,false,true,true,0.13136268739568363,0.13227847967866307
discovery,tr,delay_200,discovery_18,true,true,false,unchanged,success,success,false,false,false,0.9850675012968353,0.9851714285895642
discovery,tr,delay_200,discovery_19,true,true,false,unchanged,success,success,false,false,false,0.9853109222144004,0.9989772115309695
discovery,tr,delay_200,discovery_20,false,false,false,unchanged,timeout,timeout,false,true,true,0.07181594552402612,0.07129452889120762
discovery,tr,tau_x_100,discovery_01,false,false,false,unchanged,timeout,timeout,false,true,true,0.08422227753580448,0.08408238003303968
discovery,tr,tau_x_100,discovery_02,false,false,false,unchanged,timeout,timeout,false,true,true,0.09138151200859551,0.09338172338438698
discovery,tr,tau_x_100,discovery_03,true,true,false,unchanged,success,success,false,false,false,0.9867836350020863,0.9863221651245061
discovery,tr,tau_x_100,discovery_04,false,false,false,unchanged,timeout,timeout,false,true,true,0.19269070634342775,0.1928397773204508
discovery,tr,tau_x_100,discovery_05,true,true,false,unchanged,success,success,false,false,false,0.9868090459544234,0.9893942929570991
discovery,tr,tau_x_100,discovery_06,true,true,false,unchanged,success,success,false,false,false,0.9858753135373112,0.9851667064612369
discovery,tr,tau_x_100,discovery_07,true,true,false,unchanged,success,success,false,false,false,0.9887736344857319,0.9895013234200785
discovery,tr,tau_x_100,discovery_08,true,true,false,unchanged,success,success,false,false,false,0.9881466868238679,0.989630920239581
discovery,tr,tau_x_100,discovery_09,true,true,false,unchanged,success,success,false,false,false,0.9862363124824662,0.9877557691490124
discovery,tr,tau_x_100,discovery_10,true,true,false,unchanged,success,success,false,false,false,0.9876800206385611,0.9869554299682295
discovery,tr,tau_x_100,discovery_11,true,true,false,unchanged,success,success,false,false,false,0.9856020682701144,0.9873093316829097
discovery,tr,tau_x_100,discovery_12,false,false,false,unchanged,timeout,timeout,false,true,true,0.11314474284060005,0.1147006550147527
discovery,tr,tau_x_100,discovery_13,true,true,false,unchanged,success,success,false,false,false,0.9882647861567073,0.9889457535351055
discovery,tr,tau_x_100,discovery_14,false,false,false,unchanged,timeout,timeout,false,true,true,0.36949138100561635,0.36887230774118696
discovery,tr,tau_x_100,discovery_15,true,true,false,unchanged,success,success,false,false,false,0.9858651232190409,0.9862469848051562
discovery,tr,tau_x_100,discovery_16,true,true,false,unchanged,success,success,false,false,false,0.9881657683837658,0.9899337621161416
discovery,tr,tau_x_100,discovery_17,false,false,false,unchanged,timeout,timeout,false,true,true,0.13136268739568363,0.13163700187911964
discovery,tr,tau_x_100,discovery_18,true,true,false,unchanged,success,success,false,false,false,0.9850675012968353,0.9851178992869863
discovery,tr,tau_x_100,discovery_19,true,true,false,unchanged,success,success,false,false,false,0.9853109222144004,0.9868013430558296
discovery,tr,tau_x_100,discovery_20,false,false,false,unchanged,timeout,timeout,false,true,true,0.07181594552402612,0.07042968636173108
discovery,tr,tau_x_300,discovery_01,false,false,false,unchanged,timeout,timeout,false,true,true,0.08422227753580448,0.08396941457226752
discovery,tr,tau_x_300,discovery_02,false,false,false,unchanged,timeout,timeout,false,true,true,0.09138151200859551,0.09172920889998626
discovery,tr,tau_x_300,discovery_03,true,true,false,unchanged,success,success,false,false,false,0.9867836350020863,0.9870089974297065
discovery,tr,tau_x_300,discovery_04,false,false,false,unchanged,timeout,timeout,false,true,true,0.19269070634342775,0.19133447412151425
discovery,tr,tau_x_300,discovery_05,true,true,false,unchanged,success,success,false,false,false,0.9868090459544234,0.998715903835669
discovery,tr,tau_x_300,discovery_06,true,true,false,unchanged,success,success,false,false,false,0.9858753135373112,0.9853933638788656
discovery,tr,tau_x_300,discovery_07,true,true,false,unchanged,success,success,false,false,false,0.9887736344857319,1.0
discovery,tr,tau_x_300,discovery_08,true,true,false,unchanged,success,success,false,false,false,0.9881466868238679,0.9974587453477527
discovery,tr,tau_x_300,discovery_09,true,true,false,unchanged,success,success,false,false,false,0.9862363124824662,0.9859043189739974
discovery,tr,tau_x_300,discovery_10,true,true,false,unchanged,success,success,false,false,false,0.9876800206385611,1.0
discovery,tr,tau_x_300,discovery_11,true,true,false,unchanged,success,success,false,false,false,0.9856020682701144,1.0
discovery,tr,tau_x_300,discovery_12,false,false,false,unchanged,timeout,timeout,false,true,true,0.11314474284060005,0.09993464763154958
discovery,tr,tau_x_300,discovery_13,true,true,false,unchanged,success,success,false,false,false,0.9882647861567073,0.9973163182844247
discovery,tr,tau_x_300,discovery_14,false,false,false,unchanged,timeout,timeout,false,true,true,0.36949138100561635,0.3786587114517276
discovery,tr,tau_x_300,discovery_15,true,true,false,unchanged,success,success,false,false,false,0.9858651232190409,0.9854663639286568
discovery,tr,tau_x_300,discovery_16,true,true,false,unchanged,success,success,false,false,false,0.9881657683837658,0.9967618575111881
discovery,tr,tau_x_300,discovery_17,false,false,false,unchanged,timeout,timeout,false,true,true,0.13136268739568363,0.17909783112892594
discovery,tr,tau_x_300,discovery_18,true,true,false,unchanged,success,success,false,false,false,0.9850675012968353,0.9858106863157371
discovery,tr,tau_x_300,discovery_19,true,true,false,unchanged,success,success,false,false,false,0.9853109222144004,0.9852452970344283
discovery,tr,tau_x_300,discovery_20,false,false,false,unchanged,timeout,timeout,false,true,true,0.07181594552402612,0.07027530301454052
discovery,tr,tau_y_150,discovery_01,false,false,false,unchanged,timeout,timeout,false,true,true,0.08422227753580448,0.08395287747508438
discovery,tr,tau_y_150,discovery_02,false,false,false,unchanged,timeout,timeout,false,true,true,0.09138151200859551,0.09268114873190736
discovery,tr,tau_y_150,discovery_03,true,true,false,unchanged,success,success,false,false,false,0.9867836350020863,0.9872519772763027
discovery,tr,tau_y_150,discovery_04,false,false,false,unchanged,timeout,timeout,false,true,true,0.19269070634342775,0.19193657382358015
discovery,tr,tau_y_150,discovery_05,true,true,false,unchanged,success,success,false,false,false,0.9868090459544234,0.9873381136163534
discovery,tr,tau_y_150,discovery_06,true,true,false,unchanged,success,success,false,false,false,0.9858753135373112,0.9855433961621354
discovery,tr,tau_y_150,discovery_07,true,true,false,unchanged,success,success,false,false,false,0.9887736344857319,0.9891036855699632
discovery,tr,tau_y_150,discovery_08,true,true,false,unchanged,success,success,false,false,false,0.9881466868238679,0.9879766013098403
discovery,tr,tau_y_150,discovery_09,true,true,false,unchanged,success,success,false,false,false,0.9862363124824662,0.9860244773787183
discovery,tr,tau_y_150,discovery_10,true,true,false,unchanged,success,success,false,false,false,0.9876800206385611,0.9877198573087397
discovery,tr,tau_y_150,discovery_11,true,true,false,unchanged,success,success,false,false,false,0.9856020682701144,0.9861944754251738
discovery,tr,tau_y_150,discovery_12,false,false,false,unchanged,timeout,timeout,false,true,true,0.11314474284060005,0.10988052497226757
discovery,tr,tau_y_150,discovery_13,true,false,true,success_to_failure,success,timeout,true,false,true,0.9882647861567073,0.195957697900777
discovery,tr,tau_y_150,discovery_14,false,false,false,unchanged,timeout,timeout,false,true,true,0.36949138100561635,0.3693201677303209
discovery,tr,tau_y_150,discovery_15,true,true,false,unchanged,success,success,false,false,false,0.9858651232190409,0.9853257903120376
discovery,tr,tau_y_150,discovery_16,true,true,false,unchanged,success,success,false,false,false,0.9881657683837658,0.9880341425407903
discovery,tr,tau_y_150,discovery_17,false,false,false,unchanged,timeout,timeout,false,true,true,0.13136268739568363,0.13148128028502445
discovery,tr,tau_y_150,discovery_18,true,true,false,unchanged,success,success,false,false,false,0.9850675012968353,0.9859017858862094
discovery,tr,tau_y_150,discovery_19,true,true,false,unchanged,success,success,false,false,false,0.9853109222144004,0.9852528955809474
discovery,tr,tau_y_150,discovery_20,false,false,false,unchanged,timeout,timeout,false,true,true,0.07181594552402612,0.0713300775665733
discovery,tr,tau_y_300,discovery_01,false,false,false,unchanged,timeout,timeout,false,true,true,0.08422227753580448,0.08254695040988062
discovery,tr,tau_y_300,discovery_02,false,false,false,unchanged,timeout,timeout,false,true,true,0.09138151200859551,0.09270841841704232
discovery,tr,tau_y_300,discovery_03,true,true,false,unchanged,success,success,false,false,false,0.9867836350020863,0.9863614978432469
discovery,tr,tau_y_300,discovery_04,false,false,false,unchanged,timeout,timeout,false,true,true,0.19269070634342775,0.19248286945435805
discovery,tr,tau_y_300,discovery_05,true,true,false,unchanged,success,success,false,false,false,0.9868090459544234,0.9873370529348843
discovery,tr,tau_y_300,discovery_06,true,true,false,unchanged,success,success,false,false,false,0.9858753135373112,0.9855562655710558
discovery,tr,tau_y_300,discovery_07,true,true,false,unchanged,success,success,false,false,false,0.9887736344857319,0.9897559082368156
discovery,tr,tau_y_300,discovery_08,true,true,false,unchanged,success,success,false,false,false,0.9881466868238679,0.9887978143724124
discovery,tr,tau_y_300,discovery_09,true,true,false,unchanged,success,success,false,false,false,0.9862363124824662,0.9859847483648934
discovery,tr,tau_y_300,discovery_10,true,true,false,unchanged,success,success,false,false,false,0.9876800206385611,0.9895552733354642
discovery,tr,tau_y_300,discovery_11,true,true,false,unchanged,success,success,false,false,false,0.9856020682701144,0.9871330040829649
discovery,tr,tau_y_300,discovery_12,false,false,false,unchanged,timeout,timeout,false,true,true,0.11314474284060005,0.10244573985062562
discovery,tr,tau_y_300,discovery_13,true,false,true,success_to_failure,success,timeout,true,false,true,0.9882647861567073,0.9873896136391833
discovery,tr,tau_y_300,discovery_14,false,false,false,unchanged,timeout,timeout,false,true,true,0.36949138100561635,0.369588876350553
discovery,tr,tau_y_300,discovery_15,true,true,false,unchanged,success,success,false,false,false,0.9858651232190409,0.9858988584399662
discovery,tr,tau_y_300,discovery_16,true,true,false,unchanged,success,success,false,false,false,0.9881657683837658,0.9879796275357136
discovery,tr,tau_y_300,discovery_17,false,false,false,unchanged,timeout,timeout,false,true,true,0.13136268739568363,0.1321667179181927
discovery,tr,tau_y_300,discovery_18,true,true,false,unchanged,success,success,false,false,false,0.9850675012968353,0.9852885383550823
discovery,tr,tau_y_300,discovery_19,true,true,false,unchanged,success,success,false,false,false,0.9853109222144004,0.985490094313907
discovery,tr,tau_y_300,discovery_20,false,false,false,unchanged,timeout,timeout,false,true,true,0.07181594552402612,0.07151112764225992
discovery,tr,tau_y_500,discovery_01,false,false,false,unchanged,timeout,timeout,false,true,true,0.08422227753580448,0.08452098861854947
discovery,tr,tau_y_500,discovery_02,false,false,false,unchanged,timeout,timeout,false,true,true,0.09138151200859551,0.09114957301868917
discovery,tr,tau_y_500,discovery_03,true,true,false,unchanged,success,success,false,false,false,0.9867836350020863,0.9873519691217619
discovery,tr,tau_y_500,discovery_04,false,false,false,unchanged,timeout,timeout,false,true,true,0.19269070634342775,0.19282821237085915
discovery,tr,tau_y_500,discovery_05,true,true,false,unchanged,success,success,false,false,false,0.9868090459544234,0.9874209736574373
discovery,tr,tau_y_500,discovery_06,true,true,false,unchanged,success,success,false,false,false,0.9858753135373112,0.9855184066361897
discovery,tr,tau_y_500,discovery_07,true,true,false,unchanged,success,success,false,false,false,0.9887736344857319,0.9897788269124886
discovery,tr,tau_y_500,discovery_08,true,true,false,unchanged,success,success,false,false,false,0.9881466868238679,0.9890070856614828
discovery,tr,tau_y_500,discovery_09,true,true,false,unchanged,success,success,false,false,false,0.9862363124824662,0.9861587136909248
discovery,tr,tau_y_500,discovery_10,true,true,false,unchanged,success,success,false,false,false,0.9876800206385611,0.9905270032876807
discovery,tr,tau_y_500,discovery_11,true,true,false,unchanged,success,success,false,false,false,0.9856020682701144,0.9884132641514465
discovery,tr,tau_y_500,discovery_12,false,false,false,unchanged,timeout,timeout,false,true,true,0.11314474284060005,0.10438691587803119
discovery,tr,tau_y_500,discovery_13,true,true,false,unchanged,success,success,false,false,false,0.9882647861567073,0.9880686503913716
discovery,tr,tau_y_500,discovery_14,false,false,false,unchanged,timeout,timeout,false,true,true,0.36949138100561635,0.36935157719477935
discovery,tr,tau_y_500,discovery_15,true,true,false,unchanged,success,success,false,false,false,0.9858651232190409,0.9859283468662037
discovery,tr,tau_y_500,discovery_16,true,true,false,unchanged,success,success,false,false,false,0.9881657683837658,0.9879085609898777
discovery,tr,tau_y_500,discovery_17,false,false,false,unchanged,timeout,timeout,false,true,true,0.13136268739568363,0.1332471233311293
discovery,tr,tau_y_500,discovery_18,true,true,false,unchanged,success,success,false,false,false,0.9850675012968353,0.9855865107049666
discovery,tr,tau_y_500,discovery_19,true,true,false,unchanged,success,success,false,false,false,0.9853109222144004,0.9851838474802648
discovery,tr,tau_y_500,discovery_20,false,false,false,unchanged,timeout,timeout,false,true,true,0.07181594552402612,0.07227199401326247
discovery,tr,tau_w_100,discovery_01,false,false,false,unchanged,timeout,timeout,false,true,true,0.08422227753580448,0.08869143812670255
discovery,tr,tau_w_100,discovery_02,false,false,false,unchanged,timeout,timeout,false,true,true,0.09138151200859551,0.0912597719598476
discovery,tr,tau_w_100,discovery_03,true,true,false,unchanged,success,success,false,false,false,0.9867836350020863,0.987294743114737
discovery,tr,tau_w_100,discovery_04,false,false,false,unchanged,timeout,timeout,false,true,true,0.19269070634342775,0.19271986023751841
discovery,tr,tau_w_100,discovery_05,true,true,false,unchanged,success,success,false,false,false,0.9868090459544234,0.9875980995016898
discovery,tr,tau_w_100,discovery_06,true,true,false,unchanged,success,success,false,false,false,0.9858753135373112,0.9858093127953278
discovery,tr,tau_w_100,discovery_07,true,false,true,success_to_failure,success,collision,true,false,true,0.9887736344857319,0.2583911767704233
discovery,tr,tau_w_100,discovery_08,true,true,false,unchanged,success,success,false,false,false,0.9881466868238679,0.9876774633560984
discovery,tr,tau_w_100,discovery_09,true,true,false,unchanged,success,success,false,false,false,0.9862363124824662,0.9858712265311977
discovery,tr,tau_w_100,discovery_10,true,true,false,unchanged,success,success,false,false,false,0.9876800206385611,0.9882231318894398
discovery,tr,tau_w_100,discovery_11,true,true,false,unchanged,success,success,false,false,false,0.9856020682701144,0.9863111374165536
discovery,tr,tau_w_100,discovery_12,false,false,false,unchanged,timeout,timeout,false,true,true,0.11314474284060005,0.1027741241534741
discovery,tr,tau_w_100,discovery_13,true,true,false,unchanged,success,success,false,false,false,0.9882647861567073,0.9878070256485437
discovery,tr,tau_w_100,discovery_14,false,false,false,unchanged,timeout,timeout,false,true,true,0.36949138100561635,0.3688401432815428
discovery,tr,tau_w_100,discovery_15,true,true,false,unchanged,success,success,false,false,false,0.9858651232190409,0.9855946247617497
discovery,tr,tau_w_100,discovery_16,true,true,false,unchanged,success,success,false,false,false,0.9881657683837658,0.9884548375439587
discovery,tr,tau_w_100,discovery_17,false,false,false,unchanged,timeout,timeout,false,true,true,0.13136268739568363,0.13148641123453755
discovery,tr,tau_w_100,discovery_18,true,true,false,unchanged,success,success,false,false,false,0.9850675012968353,0.9860034502588301
discovery,tr,tau_w_100,discovery_19,true,true,false,unchanged,success,success,false,false,false,0.9853109222144004,0.9857351963937987
discovery,tr,tau_w_100,discovery_20,false,false,false,unchanged,timeout,timeout,false,true,true,0.07181594552402612,0.0715419444099141
discovery,tr,tau_w_300,discovery_01,false,false,false,unchanged,timeout,timeout,false,true,true,0.08422227753580448,0.08434094646781763
discovery,tr,tau_w_300,discovery_02,false,false,false,unchanged,timeout,timeout,false,true,true,0.09138151200859551,0.0911951842877982
discovery,tr,tau_w_300,discovery_03,true,true,false,unchanged,success,success,false,false,false,0.9867836350020863,0.9868664359163465
discovery,tr,tau_w_300,discovery_04,false,false,false,unchanged,timeout,timeout,false,true,true,0.19269070634342775,0.1922357477429184
discovery,tr,tau_w_300,discovery_05,true,true,false,unchanged,success,success,false,false,false,0.9868090459544234,0.9874630691508234
discovery,tr,tau_w_300,discovery_06,true,true,false,unchanged,success,success,false,false,false,0.9858753135373112,0.9864945066455176
discovery,tr,tau_w_300,discovery_07,true,true,false,unchanged,success,success,false,false,false,0.9887736344857319,0.9898002731465158
discovery,tr,tau_w_300,discovery_08,true,true,false,unchanged,success,success,false,false,false,0.9881466868238679,0.987611646330507
discovery,tr,tau_w_300,discovery_09,true,true,false,unchanged,success,success,false,false,false,0.9862363124824662,0.9859317559577723
discovery,tr,tau_w_300,discovery_10,true,true,false,unchanged,success,success,false,false,false,0.9876800206385611,0.9900046736473042
discovery,tr,tau_w_300,discovery_11,true,true,false,unchanged,success,success,false,false,false,0.9856020682701144,0.9869602096284622
discovery,tr,tau_w_300,discovery_12,false,false,false,unchanged,timeout,timeout,false,true,true,0.11314474284060005,0.12207096181963525
discovery,tr,tau_w_300,discovery_13,true,false,true,success_to_failure,success,timeout,true,false,true,0.9882647861567073,0.19577485576210882
discovery,tr,tau_w_300,discovery_14,false,false,false,unchanged,timeout,timeout,false,true,true,0.36949138100561635,0.36786176056453423
discovery,tr,tau_w_300,discovery_15,true,true,false,unchanged,success,success,false,false,false,0.9858651232190409,0.9854949676667282
discovery,tr,tau_w_300,discovery_16,true,true,false,unchanged,success,success,false,false,false,0.9881657683837658,0.9877684851764104
discovery,tr,tau_w_300,discovery_17,false,false,false,unchanged,timeout,timeout,false,true,true,0.13136268739568363,0.13144212823258086
discovery,tr,tau_w_300,discovery_18,true,true,false,unchanged,success,success,false,false,false,0.9850675012968353,0.9853342295500015
discovery,tr,tau_w_300,discovery_19,true,true,false,unchanged,success,success,false,false,false,0.9853109222144004,0.9848524618351967
discovery,tr,tau_w_300,discovery_20,false,false,false,unchanged,timeout,timeout,false,true,true,0.07181594552402612,0.07131347498544273
discovery,teb,delay_050,discovery_01,true,true,false,unchanged,success,success,false,false,false,0.9970158565880489,1.0
discovery,teb,delay_050,discovery_02,true,true,false,unchanged,success,success,false,false,false,0.9870358481422107,0.9874312229158229
discovery,teb,delay_050,discovery_03,true,true,false,unchanged,success,success,false,false,false,0.9946971526213895,0.9984717556245517
discovery,teb,delay_050,discovery_04,true,true,false,unchanged,success,success,false,false,false,0.9931335543402906,0.995003629638732
discovery,teb,delay_050,discovery_05,true,true,false,unchanged,success,success,false,false,false,0.9866755032061946,0.9872809725238022
discovery,teb,delay_050,discovery_06,true,true,false,unchanged,success,success,false,false,false,0.9925204199092578,0.9920777354384628
discovery,teb,delay_050,discovery_07,true,true,false,unchanged,success,success,false,false,false,0.9910652476988102,0.9932982309103211
discovery,teb,delay_050,discovery_08,false,false,false,unchanged,planner_failure,planner_failure,false,true,true,0.3093335979515548,0.31209583628927234
discovery,teb,delay_050,discovery_09,true,true,false,unchanged,success,success,false,false,false,0.9925309693125509,0.9961528230817733
discovery,teb,delay_050,discovery_10,true,true,false,unchanged,success,success,false,false,false,0.9886667760387662,0.9893812039994142
discovery,teb,delay_050,discovery_11,true,true,false,unchanged,success,success,false,false,false,0.9868626308701404,0.9888129143277693
discovery,teb,delay_050,discovery_12,true,true,false,unchanged,success,success,false,false,false,0.9926842412706129,0.9915282296834877
discovery,teb,delay_050,discovery_13,true,true,false,unchanged,success,success,false,false,false,0.9877659978734831,0.9888984176164395
discovery,teb,delay_050,discovery_14,true,true,false,unchanged,success,success,false,false,false,0.9988762905533715,1.0
discovery,teb,delay_050,discovery_15,true,true,false,unchanged,success,success,false,false,false,0.9938275067313717,1.0
discovery,teb,delay_050,discovery_16,true,true,false,unchanged,success,success,false,false,false,0.9972175352009836,1.0
discovery,teb,delay_050,discovery_17,true,true,false,unchanged,success,success,false,false,false,0.9865444428462702,0.9872847637562608
discovery,teb,delay_050,discovery_18,true,true,false,unchanged,success,success,false,false,false,0.9940801033903307,1.0
discovery,teb,delay_050,discovery_19,true,true,false,unchanged,success,success,false,false,false,0.9936099342472615,1.0
discovery,teb,delay_050,discovery_20,true,true,false,unchanged,success,success,false,false,false,0.9944299744048699,0.9981805450565485
discovery,teb,delay_100,discovery_01,true,true,false,unchanged,success,success,false,false,false,0.9970158565880489,1.0
discovery,teb,delay_100,discovery_02,true,true,false,unchanged,success,success,false,false,false,0.9870358481422107,1.0
discovery,teb,delay_100,discovery_03,true,true,false,unchanged,success,success,false,false,false,0.9946971526213895,1.0
discovery,teb,delay_100,discovery_04,true,true,false,unchanged,success,success,false,false,false,0.9931335543402906,0.9962838781660792
discovery,teb,delay_100,discovery_05,true,true,false,unchanged,success,success,false,false,false,0.9866755032061946,0.9870765286604293
discovery,teb,delay_100,discovery_06,true,true,false,unchanged,success,success,false,false,false,0.9925204199092578,0.9960952389074901
discovery,teb,delay_100,discovery_07,true,true,false,unchanged,success,success,false,false,false,0.9910652476988102,0.9939345527841313
discovery,teb,delay_100,discovery_08,false,false,false,unchanged,planner_failure,planner_failure,false,true,true,0.3093335979515548,0.30658198125235286
discovery,teb,delay_100,discovery_09,true,true,false,unchanged,success,success,false,false,false,0.9925309693125509,0.9953848840968541
discovery,teb,delay_100,discovery_10,true,true,false,unchanged,success,success,false,false,false,0.9886667760387662,0.9896639213722982
discovery,teb,delay_100,discovery_11,true,true,false,unchanged,success,success,false,false,false,0.9868626308701404,0.9875099403884036
discovery,teb,delay_100,discovery_12,true,true,false,unchanged,success,success,false,false,false,0.9926842412706129,0.9912825729164658
discovery,teb,delay_100,discovery_13,true,true,false,unchanged,success,success,false,false,false,0.9877659978734831,0.9888950428916866
discovery,teb,delay_100,discovery_14,true,true,false,unchanged,success,success,false,false,false,0.9988762905533715,1.0
discovery,teb,delay_100,discovery_15,true,true,false,unchanged,success,success,false,false,false,0.9938275067313717,0.997209512516256
discovery,teb,delay_100,discovery_16,true,true,false,unchanged,success,success,false,false,false,0.9972175352009836,1.0
discovery,teb,delay_100,discovery_17,true,false,true,success_to_failure,success,planner_failure,true,false,true,0.9865444428462702,0.6360196181349496
discovery,teb,delay_100,discovery_18,true,true,false,unchanged,success,success,false,false,false,0.9940801033903307,1.0
discovery,teb,delay_100,discovery_19,true,true,false,unchanged,success,success,false,false,false,0.9936099342472615,1.0
discovery,teb,delay_100,discovery_20,true,true,false,unchanged,success,success,false,false,false,0.9944299744048699,0.9936497180170354
discovery,teb,delay_200,discovery_01,true,true,false,unchanged,success,success,false,false,false,0.9970158565880489,0.9926606496421542
discovery,teb,delay_200,discovery_02,true,true,false,unchanged,success,success,false,false,false,0.9870358481422107,1.0
discovery,teb,delay_200,discovery_03,true,true,false,unchanged,success,success,false,false,false,0.9946971526213895,1.0
discovery,teb,delay_200,discovery_04,true,true,false,unchanged,success,success,false,false,false,0.9931335543402906,0.9999055775009283
discovery,teb,delay_200,discovery_05,true,true,false,unchanged,success,success,false,false,false,0.9866755032061946,0.9904774141965796
discovery,teb,delay_200,discovery_06,true,true,false,unchanged,success,success,false,false,false,0.9925204199092578,1.0
discovery,teb,delay_200,discovery_07,true,true,false,unchanged,success,success,false,false,false,0.9910652476988102,1.0
discovery,teb,delay_200,discovery_08,false,false,false,unchanged,planner_failure,planner_failure,false,true,true,0.3093335979515548,0.30934217998180363
discovery,teb,delay_200,discovery_09,true,true,false,unchanged,success,success,false,false,false,0.9925309693125509,0.9944323201883911
discovery,teb,delay_200,discovery_10,true,true,false,unchanged,success,success,false,false,false,0.9886667760387662,0.9881314860036061
discovery,teb,delay_200,discovery_11,true,true,false,unchanged,success,success,false,false,false,0.9868626308701404,0.9851929368602435
discovery,teb,delay_200,discovery_12,true,true,false,unchanged,success,success,false,false,false,0.9926842412706129,0.9992825566040301
discovery,teb,delay_200,discovery_13,true,true,false,unchanged,success,success,false,false,false,0.9877659978734831,0.9886416027626419
discovery,teb,delay_200,discovery_14,true,true,false,unchanged,success,success,false,false,false,0.9988762905533715,1.0
discovery,teb,delay_200,discovery_15,true,true,false,unchanged,success,success,false,false,false,0.9938275067313717,1.0
discovery,teb,delay_200,discovery_16,true,true,false,unchanged,success,success,false,false,false,0.9972175352009836,1.0
discovery,teb,delay_200,discovery_17,true,false,true,success_to_failure,success,planner_failure,true,false,true,0.9865444428462702,0.6395745650154204
discovery,teb,delay_200,discovery_18,true,true,false,unchanged,success,success,false,false,false,0.9940801033903307,1.0
discovery,teb,delay_200,discovery_19,true,true,false,unchanged,success,success,false,false,false,0.9936099342472615,0.9983135863795278
discovery,teb,delay_200,discovery_20,true,true,false,unchanged,success,success,false,false,false,0.9944299744048699,1.0
discovery,teb,tau_x_100,discovery_01,true,true,false,unchanged,success,success,false,false,false,0.9970158565880489,1.0
discovery,teb,tau_x_100,discovery_02,true,true,false,unchanged,success,success,false,false,false,0.9870358481422107,0.9870707180439966
discovery,teb,tau_x_100,discovery_03,true,true,false,unchanged,success,success,false,false,false,0.9946971526213895,0.9931212254676993
discovery,teb,tau_x_100,discovery_04,true,true,false,unchanged,success,success,false,false,false,0.9931335543402906,0.9940255915281556
discovery,teb,tau_x_100,discovery_05,true,true,false,unchanged,success,success,false,false,false,0.9866755032061946,0.9872890316014205
discovery,teb,tau_x_100,discovery_06,true,true,false,unchanged,success,success,false,false,false,0.9925204199092578,0.9952126337174654
discovery,teb,tau_x_100,discovery_07,true,true,false,unchanged,success,success,false,false,false,0.9910652476988102,0.991080320330001
discovery,teb,tau_x_100,discovery_08,false,false,false,unchanged,planner_failure,planner_failure,false,true,true,0.3093335979515548,0.31173795569876384
discovery,teb,tau_x_100,discovery_09,true,true,false,unchanged,success,success,false,false,false,0.9925309693125509,0.9932410040642858
discovery,teb,tau_x_100,discovery_10,true,true,false,unchanged,success,success,false,false,false,0.9886667760387662,0.98876187035767
discovery,teb,tau_x_100,discovery_11,true,true,false,unchanged,success,success,false,false,false,0.9868626308701404,0.9879963653899605
discovery,teb,tau_x_100,discovery_12,true,true,false,unchanged,success,success,false,false,false,0.9926842412706129,0.9932492904874662
discovery,teb,tau_x_100,discovery_13,true,true,false,unchanged,success,success,false,false,false,0.9877659978734831,0.987882256351741
discovery,teb,tau_x_100,discovery_14,true,true,false,unchanged,success,success,false,false,false,0.9988762905533715,1.0
discovery,teb,tau_x_100,discovery_15,true,true,false,unchanged,success,success,false,false,false,0.9938275067313717,0.9938572304237937
discovery,teb,tau_x_100,discovery_16,true,true,false,unchanged,success,success,false,false,false,0.9972175352009836,1.0
discovery,teb,tau_x_100,discovery_17,true,true,false,unchanged,success,success,false,false,false,0.9865444428462702,0.9868876648119516
discovery,teb,tau_x_100,discovery_18,true,true,false,unchanged,success,success,false,false,false,0.9940801033903307,0.9946017698309239
discovery,teb,tau_x_100,discovery_19,true,true,false,unchanged,success,success,false,false,false,0.9936099342472615,0.994101389715408
discovery,teb,tau_x_100,discovery_20,true,true,false,unchanged,success,success,false,false,false,0.9944299744048699,0.9949599002788919
discovery,teb,tau_x_300,discovery_01,true,true,false,unchanged,success,success,false,false,false,0.9970158565880489,1.0
discovery,teb,tau_x_300,discovery_02,true,true,false,unchanged,success,success,false,false,false,0.9870358481422107,0.9878401611283598
discovery,teb,tau_x_300,discovery_03,true,true,false,unchanged,success,success,false,false,false,0.9946971526213895,0.9976190653758931
discovery,teb,tau_x_300,discovery_04,true,true,false,unchanged,success,success,false,false,false,0.9931335543402906,0.9941469418959701
discovery,teb,tau_x_300,discovery_05,true,true,false,unchanged,success,success,false,false,false,0.9866755032061946,0.9871782764751669
discovery,teb,tau_x_300,discovery_06,true,true,false,unchanged,success,success,false,false,false,0.9925204199092578,0.9972642339900847
discovery,teb,tau_x_300,discovery_07,true,true,false,unchanged,success,success,false,false,false,0.9910652476988102,0.9933917883441586
discovery,teb,tau_x_300,discovery_08,false,false,false,unchanged,planner_failure,planner_failure,false,true,true,0.3093335979515548,0.3092581044504289
discovery,teb,tau_x_300,discovery_09,true,true,false,unchanged,success,success,false,false,false,0.9925309693125509,0.9960887102151232
discovery,teb,tau_x_300,discovery_10,true,true,false,unchanged,success,success,false,false,false,0.9886667760387662,0.9889619816359235
discovery,teb,tau_x_300,discovery_11,true,true,false,unchanged,success,success,false,false,false,0.9868626308701404,0.987984914678013
discovery,teb,tau_x_300,discovery_12,true,true,false,unchanged,success,success,false,false,false,0.9926842412706129,0.9944352809667674
discovery,teb,tau_x_300,discovery_13,true,true,false,unchanged,success,success,false,false,false,0.9877659978734831,0.9880845680676096
discovery,teb,tau_x_300,discovery_14,true,true,false,unchanged,success,success,false,false,false,0.9988762905533715,1.0
discovery,teb,tau_x_300,discovery_15,true,true,false,unchanged,success,success,false,false,false,0.9938275067313717,0.99548168359059
discovery,teb,tau_x_300,discovery_16,true,true,false,unchanged,success,success,false,false,false,0.9972175352009836,1.0
discovery,teb,tau_x_300,discovery_17,true,true,false,unchanged,success,success,false,false,false,0.9865444428462702,0.9874864519975057
discovery,teb,tau_x_300,discovery_18,true,true,false,unchanged,success,success,false,false,false,0.9940801033903307,0.9948145972745881
discovery,teb,tau_x_300,discovery_19,true,true,false,unchanged,success,success,false,false,false,0.9936099342472615,0.9943714657384664
discovery,teb,tau_x_300,discovery_20,true,true,false,unchanged,success,success,false,false,false,0.9944299744048699,0.9960633453914608
discovery,teb,tau_y_150,discovery_01,true,true,false,unchanged,success,success,false,false,false,0.9970158565880489,0.9973975316746426
discovery,teb,tau_y_150,discovery_02,true,true,false,unchanged,success,success,false,false,false,0.9870358481422107,0.9870440730503905
discovery,teb,tau_y_150,discovery_03,true,true,false,unchanged,success,success,false,false,false,0.9946971526213895,0.9955365965026884
discovery,teb,tau_y_150,discovery_04,true,true,false,unchanged,success,success,false,false,false,0.9931335543402906,0.987590322117406
discovery,teb,tau_y_150,discovery_05,true,true,false,unchanged,success,success,false,false,false,0.9866755032061946,0.9871566550170017
discovery,teb,tau_y_150,discovery_06,true,true,false,unchanged,success,success,false,false,false,0.9925204199092578,0.9971566815477917
discovery,teb,tau_y_150,discovery_07,true,true,false,unchanged,success,success,false,false,false,0.9910652476988102,0.9930265455640596
discovery,teb,tau_y_150,discovery_08,false,false,false,unchanged,planner_failure,planner_failure,false,true,true,0.3093335979515548,0.31046809973974926
discovery,teb,tau_y_150,discovery_09,true,true,false,unchanged,success,success,false,false,false,0.9925309693125509,0.9893149180922248
discovery,teb,tau_y_150,discovery_10,true,true,false,unchanged,success,success,false,false,false,0.9886667760387662,0.9916676040480151
discovery,teb,tau_y_150,discovery_11,true,true,false,unchanged,success,success,false,false,false,0.9868626308701404,0.9881456079565357
discovery,teb,tau_y_150,discovery_12,true,true,false,unchanged,success,success,false,false,false,0.9926842412706129,0.9921382833175544
discovery,teb,tau_y_150,discovery_13,true,true,false,unchanged,success,success,false,false,false,0.9877659978734831,0.988454974812421
discovery,teb,tau_y_150,discovery_14,true,true,false,unchanged,success,success,false,false,false,0.9988762905533715,0.998268142493672
discovery,teb,tau_y_150,discovery_15,true,true,false,unchanged,success,success,false,false,false,0.9938275067313717,0.9994776169916711
discovery,teb,tau_y_150,discovery_16,true,true,false,unchanged,success,success,false,false,false,0.9972175352009836,0.9987785377862792
discovery,teb,tau_y_150,discovery_17,true,true,false,unchanged,success,success,false,false,false,0.9865444428462702,0.988015640787912
discovery,teb,tau_y_150,discovery_18,true,true,false,unchanged,success,success,false,false,false,0.9940801033903307,0.9906622891980146
discovery,teb,tau_y_150,discovery_19,true,true,false,unchanged,success,success,false,false,false,0.9936099342472615,1.0
discovery,teb,tau_y_150,discovery_20,true,true,false,unchanged,success,success,false,false,false,0.9944299744048699,0.992389121909158
discovery,teb,tau_y_300,discovery_01,true,true,false,unchanged,success,success,false,false,false,0.9970158565880489,0.9960994194047181
discovery,teb,tau_y_300,discovery_02,true,true,false,unchanged,success,success,false,false,false,0.9870358481422107,0.9876020177082304
discovery,teb,tau_y_300,discovery_03,true,true,false,unchanged,success,success,false,false,false,0.9946971526213895,0.9885217945875125
discovery,teb,tau_y_300,discovery_04,true,true,false,unchanged,success,success,false,false,false,0.9931335543402906,0.9927228379630174
discovery,teb,tau_y_300,discovery_05,true,true,false,unchanged,success,success,false,false,false,0.9866755032061946,0.9872346159774299
discovery,teb,tau_y_300,discovery_06,true,true,false,unchanged,success,success,false,false,false,0.9925204199092578,1.0
discovery,teb,tau_y_300,discovery_07,true,true,false,unchanged,success,success,false,false,false,0.9910652476988102,0.9963711862643434
discovery,teb,tau_y_300,discovery_08,false,false,false,unchanged,planner_failure,planner_failure,false,true,true,0.3093335979515548,0.3045908577238397
discovery,teb,tau_y_300,discovery_09,true,true,false,unchanged,success,success,false,false,false,0.9925309693125509,0.9882597639895241
discovery,teb,tau_y_300,discovery_10,true,true,false,unchanged,success,success,false,false,false,0.9886667760387662,0.9911213019484094
discovery,teb,tau_y_300,discovery_11,true,true,false,unchanged,success,success,false,false,false,0.9868626308701404,0.9885946875519429
discovery,teb,tau_y_300,discovery_12,true,true,false,unchanged,success,success,false,false,false,0.9926842412706129,0.9909475262572158
discovery,teb,tau_y_300,discovery_13,true,true,false,unchanged,success,success,false,false,false,0.9877659978734831,0.9888805039736018
discovery,teb,tau_y_300,discovery_14,true,true,false,unchanged,success,success,false,false,false,0.9988762905533715,0.9964643786008294
discovery,teb,tau_y_300,discovery_15,true,true,false,unchanged,success,success,false,false,false,0.9938275067313717,0.9914460939890134
discovery,teb,tau_y_300,discovery_16,true,true,false,unchanged,success,success,false,false,false,0.9972175352009836,0.9950213179427744
discovery,teb,tau_y_300,discovery_17,true,false,true,success_to_failure,success,collision,true,false,true,0.9865444428462702,0.6434183198928065
discovery,teb,tau_y_300,discovery_18,true,true,false,unchanged,success,success,false,false,false,0.9940801033903307,0.9897306222516855
discovery,teb,tau_y_300,discovery_19,true,true,false,unchanged,success,success,false,false,false,0.9936099342472615,1.0
discovery,teb,tau_y_300,discovery_20,true,true,false,unchanged,success,success,false,false,false,0.9944299744048699,0.9927113470705624
discovery,teb,tau_y_500,discovery_01,true,true,false,unchanged,success,success,false,false,false,0.9970158565880489,0.9917093662941899
discovery,teb,tau_y_500,discovery_02,true,true,false,unchanged,success,success,false,false,false,0.9870358481422107,0.9890868515062785
discovery,teb,tau_y_500,discovery_03,true,true,false,unchanged,success,success,false,false,false,0.9946971526213895,0.9919439659887681
discovery,teb,tau_y_500,discovery_04,true,true,false,unchanged,success,success,false,false,false,0.9931335543402906,1.0
discovery,teb,tau_y_500,discovery_05,true,true,false,unchanged,success,success,false,false,false,0.9866755032061946,0.9892431079672487
discovery,teb,tau_y_500,discovery_06,true,true,false,unchanged,success,success,false,false,false,0.9925204199092578,1.0
discovery,teb,tau_y_500,discovery_07,true,true,false,unchanged,success,success,false,false,false,0.9910652476988102,0.9964903488052339
discovery,teb,tau_y_500,discovery_08,false,false,false,unchanged,planner_failure,planner_failure,false,true,true,0.3093335979515548,0.31046260306100903
discovery,teb,tau_y_500,discovery_09,true,true,false,unchanged,success,success,false,false,false,0.9925309693125509,0.9902021875265169
discovery,teb,tau_y_500,discovery_10,true,false,true,success_to_failure,success,collision,true,false,true,0.9886667760387662,0.8108107540519705
discovery,teb,tau_y_500,discovery_11,true,true,false,unchanged,success,success,false,false,false,0.9868626308701404,0.9904305481933889
discovery,teb,tau_y_500,discovery_12,true,true,false,unchanged,success,success,false,false,false,0.9926842412706129,0.9914732704893893
discovery,teb,tau_y_500,discovery_13,true,true,false,unchanged,success,success,false,false,false,0.9877659978734831,0.9896800539069085
discovery,teb,tau_y_500,discovery_14,true,false,true,success_to_failure,success,planner_failure,true,false,true,0.9988762905533715,0.6796433105436583
discovery,teb,tau_y_500,discovery_15,true,true,false,unchanged,success,success,false,false,false,0.9938275067313717,0.9928012678442066
discovery,teb,tau_y_500,discovery_16,true,true,false,unchanged,success,success,false,false,false,0.9972175352009836,0.9948203545212714
discovery,teb,tau_y_500,discovery_17,true,true,false,unchanged,success,success,false,false,false,0.9865444428462702,0.9867919174965303
discovery,teb,tau_y_500,discovery_18,true,true,false,unchanged,success,success,false,false,false,0.9940801033903307,0.9881001430169117
discovery,teb,tau_y_500,discovery_19,true,true,false,unchanged,success,success,false,false,false,0.9936099342472615,1.0
discovery,teb,tau_y_500,discovery_20,true,true,false,unchanged,success,success,false,false,false,0.9944299744048699,0.9908179076599468
discovery,teb,tau_w_100,discovery_01,true,true,false,unchanged,success,success,false,false,false,0.9970158565880489,0.9966359791733893
discovery,teb,tau_w_100,discovery_02,true,true,false,unchanged,success,success,false,false,false,0.9870358481422107,0.9934670738683778
discovery,teb,tau_w_100,discovery_03,true,true,false,unchanged,success,success,false,false,false,0.9946971526213895,0.9952510059906298
discovery,teb,tau_w_100,discovery_04,true,true,false,unchanged,success,success,false,false,false,0.9931335543402906,0.9946362094052809
discovery,teb,tau_w_100,discovery_05,true,true,false,unchanged,success,success,false,false,false,0.9866755032061946,0.9872684885840539
discovery,teb,tau_w_100,discovery_06,true,true,false,unchanged,success,success,false,false,false,0.9925204199092578,0.9934260022622029
discovery,teb,tau_w_100,discovery_07,true,true,false,unchanged,success,success,false,false,false,0.9910652476988102,0.9904018086785628
discovery,teb,tau_w_100,discovery_08,false,false,false,unchanged,planner_failure,planner_failure,false,true,true,0.3093335979515548,0.30299286539158427
discovery,teb,tau_w_100,discovery_09,true,true,false,unchanged,success,success,false,false,false,0.9925309693125509,0.9940059055683236
discovery,teb,tau_w_100,discovery_10,true,true,false,unchanged,success,success,false,false,false,0.9886667760387662,0.9876463545236172
discovery,teb,tau_w_100,discovery_11,true,true,false,unchanged,success,success,false,false,false,0.9868626308701404,0.9872642526413945
discovery,teb,tau_w_100,discovery_12,true,true,false,unchanged,success,success,false,false,false,0.9926842412706129,0.9916909462874736
discovery,teb,tau_w_100,discovery_13,true,true,false,unchanged,success,success,false,false,false,0.9877659978734831,0.9877992827717303
discovery,teb,tau_w_100,discovery_14,true,true,false,unchanged,success,success,false,false,false,0.9988762905533715,0.9972988716926192
discovery,teb,tau_w_100,discovery_15,true,true,false,unchanged,success,success,false,false,false,0.9938275067313717,0.9937580979435193
discovery,teb,tau_w_100,discovery_16,true,true,false,unchanged,success,success,false,false,false,0.9972175352009836,0.9954685708985059
discovery,teb,tau_w_100,discovery_17,true,true,false,unchanged,success,success,false,false,false,0.9865444428462702,0.9866045951275962
discovery,teb,tau_w_100,discovery_18,true,true,false,unchanged,success,success,false,false,false,0.9940801033903307,0.9934656833793023
discovery,teb,tau_w_100,discovery_19,true,true,false,unchanged,success,success,false,false,false,0.9936099342472615,0.9945082688223637
discovery,teb,tau_w_100,discovery_20,true,true,false,unchanged,success,success,false,false,false,0.9944299744048699,0.9953956532871666
discovery,teb,tau_w_300,discovery_01,true,false,true,success_to_failure,success,timeout,true,false,true,0.9970158565880489,0.9448589748218726
discovery,teb,tau_w_300,discovery_02,true,true,false,unchanged,success,success,false,false,false,0.9870358481422107,0.9937195123803313
discovery,teb,tau_w_300,discovery_03,true,true,false,unchanged,success,success,false,false,false,0.9946971526213895,0.9960406017795468
discovery,teb,tau_w_300,discovery_04,true,true,false,unchanged,success,success,false,false,false,0.9931335543402906,0.9970817622811866
discovery,teb,tau_w_300,discovery_05,true,true,false,unchanged,success,success,false,false,false,0.9866755032061946,0.9867266364075785
discovery,teb,tau_w_300,discovery_06,true,true,false,unchanged,success,success,false,false,false,0.9925204199092578,0.9950742552564152
discovery,teb,tau_w_300,discovery_07,true,true,false,unchanged,success,success,false,false,false,0.9910652476988102,0.9919949148727715
discovery,teb,tau_w_300,discovery_08,false,false,false,unchanged,planner_failure,planner_failure,false,true,true,0.3093335979515548,0.3042764205401218
discovery,teb,tau_w_300,discovery_09,true,true,false,unchanged,success,success,false,false,false,0.9925309693125509,0.995452871173254
discovery,teb,tau_w_300,discovery_10,true,true,false,unchanged,success,success,false,false,false,0.9886667760387662,0.9916225782827962
discovery,teb,tau_w_300,discovery_11,true,true,false,unchanged,success,success,false,false,false,0.9868626308701404,0.9873949394648683
discovery,teb,tau_w_300,discovery_12,true,true,false,unchanged,success,success,false,false,false,0.9926842412706129,0.995610266372677
discovery,teb,tau_w_300,discovery_13,true,true,false,unchanged,success,success,false,false,false,0.9877659978734831,0.9903321131516849
discovery,teb,tau_w_300,discovery_14,true,true,false,unchanged,success,success,false,false,false,0.9988762905533715,0.9965578270406645
discovery,teb,tau_w_300,discovery_15,true,true,false,unchanged,success,success,false,false,false,0.9938275067313717,0.9957355597819744
discovery,teb,tau_w_300,discovery_16,true,true,false,unchanged,success,success,false,false,false,0.9972175352009836,0.9973738783135445
discovery,teb,tau_w_300,discovery_17,true,true,false,unchanged,success,success,false,false,false,0.9865444428462702,0.9917035152375787
discovery,teb,tau_w_300,discovery_18,true,true,false,unchanged,success,success,false,false,false,0.9940801033903307,0.9940226233971293
discovery,teb,tau_w_300,discovery_19,true,true,false,unchanged,success,success,false,false,false,0.9936099342472615,0.9936098728129461
discovery,teb,tau_w_300,discovery_20,true,true,false,unchanged,success,success,false,false,false,0.9944299744048699,0.9971447893223274
holdout,tr,delay_050,holdout_01,false,false,false,unchanged,timeout,timeout,false,true,true,0.3375359904629835,0.3397378298657993
holdout,tr,delay_050,holdout_02,true,true,false,unchanged,success,success,false,false,false,0.9856762480762191,0.9855171194867277
holdout,tr,delay_050,holdout_03,false,false,false,unchanged,timeout,timeout,false,true,true,0.10156047535645085,0.1103763135102202
holdout,tr,delay_050,holdout_04,true,true,false,unchanged,success,success,false,false,false,0.9853087325347655,0.9868421357848636
holdout,tr,delay_050,holdout_05,true,true,false,unchanged,success,success,false,false,false,0.987076951751902,0.9867614200134348
holdout,tr,delay_050,holdout_06,true,true,false,unchanged,success,success,false,false,false,0.9859054796521324,0.985640510745128
holdout,tr,delay_050,holdout_07,true,false,true,success_to_failure,success,timeout,true,false,true,0.987159117429357,0.1395093283924859
holdout,tr,delay_050,holdout_08,false,false,false,unchanged,timeout,timeout,false,true,true,0.4006266664397609,0.3984107004166184
holdout,tr,delay_050,holdout_09,false,false,false,unchanged,timeout,timeout,false,true,true,0.5411345505024049,0.5406122064981924
holdout,tr,delay_050,holdout_10,true,true,false,unchanged,success,success,false,false,false,0.987691787749909,0.9889101963054531
holdout,tr,delay_050,holdout_11,true,true,false,unchanged,success,success,false,false,false,0.9897151184408923,0.9899098106882841
holdout,tr,delay_050,holdout_12,true,true,false,unchanged,success,success,false,false,false,0.9856956395278121,0.9857318919486703
holdout,tr,delay_050,holdout_13,false,false,false,unchanged,timeout,timeout,false,true,true,0.1722862310162096,0.1720020997154727
holdout,tr,delay_050,holdout_14,true,true,false,unchanged,success,success,false,false,false,0.9877436511135343,0.989132406371249
holdout,tr,delay_050,holdout_15,false,true,true,failure_to_success,timeout,success,true,true,false,0.15448469818851454,0.9871968590187511
holdout,tr,delay_050,holdout_16,true,true,false,unchanged,success,success,false,false,false,0.9866010184453524,0.9879997652662079
holdout,tr,delay_050,holdout_17,false,false,false,unchanged,timeout,timeout,false,true,true,0.22053435114871914,0.22492427870958304
holdout,tr,delay_050,holdout_18,true,true,false,unchanged,success,success,false,false,false,0.9883670715949127,0.9877838841101327
holdout,tr,delay_050,holdout_19,false,false,false,unchanged,timeout,timeout,false,true,true,0.12247581457972279,0.12234645618261974
holdout,tr,delay_050,holdout_20,true,true,false,unchanged,success,success,false,false,false,0.9854536667790295,0.9871251962319865
holdout,tr,delay_100,holdout_01,false,false,false,unchanged,timeout,timeout,false,true,true,0.3375359904629835,0.3377889581862248
holdout,tr,delay_100,holdout_02,true,true,false,unchanged,success,success,false,false,false,0.9856762480762191,0.9868124028341021
holdout,tr,delay_100,holdout_03,false,false,false,unchanged,timeout,timeout,false,true,true,0.10156047535645085,0.10233181293101029
holdout,tr,delay_100,holdout_04,true,true,false,unchanged,success,success,false,false,false,0.9853087325347655,0.9865060941087761
holdout,tr,delay_100,holdout_05,true,true,false,unchanged,success,success,false,false,false,0.987076951751902,0.9890664821597774
holdout,tr,delay_100,holdout_06,true,true,false,unchanged,success,success,false,false,false,0.9859054796521324,0.9864627115595086
holdout,tr,delay_100,holdout_07,true,true,false,unchanged,success,success,false,false,false,0.987159117429357,0.9949028270689961
holdout,tr,delay_100,holdout_08,false,false,false,unchanged,timeout,timeout,false,true,true,0.4006266664397609,0.3981913942065222
holdout,tr,delay_100,holdout_09,false,true,true,failure_to_success,timeout,success,true,true,false,0.5411345505024049,0.9901295760961067
holdout,tr,delay_100,holdout_10,true,true,false,unchanged,success,success,false,false,false,0.987691787749909,0.9884637754889715
holdout,tr,delay_100,holdout_11,true,true,false,unchanged,success,success,false,false,false,0.9897151184408923,0.9905816116103048
holdout,tr,delay_100,holdout_12,true,true,false,unchanged,success,success,false,false,false,0.9856956395278121,0.987284766061476
holdout,tr,delay_100,holdout_13,false,false,false,unchanged,timeout,timeout,false,true,true,0.1722862310162096,0.17240590025181324
holdout,tr,delay_100,holdout_14,true,true,false,unchanged,success,success,false,false,false,0.9877436511135343,0.9888136734233116
holdout,tr,delay_100,holdout_15,false,false,false,unchanged,timeout,timeout,false,true,true,0.15448469818851454,0.9878436902754778
holdout,tr,delay_100,holdout_16,true,true,false,unchanged,success,success,false,false,false,0.9866010184453524,0.9881242368130257
holdout,tr,delay_100,holdout_17,false,false,false,unchanged,timeout,timeout,false,true,true,0.22053435114871914,0.22192915523950874
holdout,tr,delay_100,holdout_18,true,true,false,unchanged,success,success,false,false,false,0.9883670715949127,0.9884252583963398
holdout,tr,delay_100,holdout_19,false,false,false,unchanged,timeout,timeout,false,true,true,0.12247581457972279,0.12322697473468333
holdout,tr,delay_100,holdout_20,true,true,false,unchanged,success,success,false,false,false,0.9854536667790295,0.9864500639853652
holdout,tr,delay_200,holdout_01,false,false,false,unchanged,timeout,timeout,false,true,true,0.3375359904629835,0.3387422446723169
holdout,tr,delay_200,holdout_02,true,true,false,unchanged,success,success,false,false,false,0.9856762480762191,1.0
holdout,tr,delay_200,holdout_03,false,false,false,unchanged,timeout,timeout,false,true,true,0.10156047535645085,0.10896455053509964
holdout,tr,delay_200,holdout_04,true,true,false,unchanged,success,success,false,false,false,0.9853087325347655,0.9858797887147669
holdout,tr,delay_200,holdout_05,true,true,false,unchanged,success,success,false,false,false,0.987076951751902,0.998400596357317
holdout,tr,delay_200,holdout_06,true,true,false,unchanged,success,success,false,false,false,0.9859054796521324,0.9855256679909933
holdout,tr,delay_200,holdout_07,true,true,false,unchanged,success,success,false,false,false,0.987159117429357,0.9964193969579184
holdout,tr,delay_200,holdout_08,false,false,false,unchanged,timeout,timeout,false,true,true,0.4006266664397609,0.3982162423177871
holdout,tr,delay_200,holdout_09,false,true,true,failure_to_success,timeout,success,true,true,false,0.5411345505024049,0.9942025020298705
holdout,tr,delay_200,holdout_10,true,true,false,unchanged,success,success,false,false,false,0.987691787749909,0.9982227625859316
holdout,tr,delay_200,holdout_11,true,false,true,success_to_failure,success,collision,true,false,true,0.9897151184408923,0.5253537665777787
holdout,tr,delay_200,holdout_12,true,true,false,unchanged,success,success,false,false,false,0.9856956395278121,1.0
holdout,tr,delay_200,holdout_13,false,true,true,failure_to_success,timeout,success,true,true,false,0.1722862310162096,1.0
holdout,tr,delay_200,holdout_14,true,false,true,success_to_failure,success,planner_failure,true,false,true,0.9877436511135343,0.49331820832721485
holdout,tr,delay_200,holdout_15,false,false,false,unchanged,timeout,timeout,false,true,true,0.15448469818851454,0.15794095747686163
holdout,tr,delay_200,holdout_16,true,true,false,unchanged,success,success,false,false,false,0.9866010184453524,0.9942796345853406
holdout,tr,delay_200,holdout_17,false,false,false,unchanged,timeout,timeout,false,true,true,0.22053435114871914,0.22039239286634363
holdout,tr,delay_200,holdout_18,true,true,false,unchanged,success,success,false,false,false,0.9883670715949127,0.9999472936943963
holdout,tr,delay_200,holdout_19,false,false,false,unchanged,timeout,timeout,false,true,true,0.12247581457972279,0.12284235970206456
holdout,tr,delay_200,holdout_20,true,true,false,unchanged,success,success,false,false,false,0.9854536667790295,1.0
holdout,tr,tau_x_100,holdout_01,false,false,false,unchanged,timeout,timeout,false,true,true,0.3375359904629835,0.337928538459879
holdout,tr,tau_x_100,holdout_02,true,true,false,unchanged,success,success,false,false,false,0.9856762480762191,0.9862817662517255
holdout,tr,tau_x_100,holdout_03,false,false,false,unchanged,timeout,timeout,false,true,true,0.10156047535645085,0.09782853653597577
holdout,tr,tau_x_100,holdout_04,true,true,false,unchanged,success,success,false,false,false,0.9853087325347655,0.9867797061668651
holdout,tr,tau_x_100,holdout_05,true,true,false,unchanged,success,success,false,false,false,0.987076951751902,0.9882068948401549
holdout,tr,tau_x_100,holdout_06,true,true,false,unchanged,success,success,false,false,false,0.9859054796521324,0.9862411763121423
holdout,tr,tau_x_100,holdout_07,true,false,true,success_to_failure,success,timeout,true,false,true,0.987159117429357,0.13893351691145533
holdout,tr,tau_x_100,holdout_08,false,false,false,unchanged,timeout,timeout,false,true,true,0.4006266664397609,0.40080796607045704
holdout,tr,tau_x_100,holdout_09,false,false,false,unchanged,timeout,timeout,false,true,true,0.5411345505024049,0.5405548546873785
holdout,tr,tau_x_100,holdout_10,true,true,false,unchanged,success,success,false,false,false,0.987691787749909,0.9890482064313233
holdout,tr,tau_x_100,holdout_11,true,true,false,unchanged,success,success,false,false,false,0.9897151184408923,0.99117730882995
holdout,tr,tau_x_100,holdout_12,true,true,false,unchanged,success,success,false,false,false,0.9856956395278121,0.9851622849921968
holdout,tr,tau_x_100,holdout_13,false,false,false,unchanged,timeout,timeout,false,true,true,0.1722862310162096,0.17134334942089205
holdout,tr,tau_x_100,holdout_14,true,true,false,unchanged,success,success,false,false,false,0.9877436511135343,0.9889544634873665
holdout,tr,tau_x_100,holdout_15,false,false,false,unchanged,timeout,timeout,false,true,true,0.15448469818851454,0.15607569207828642
holdout,tr,tau_x_100,holdout_16,true,true,false,unchanged,success,success,false,false,false,0.9866010184453524,0.9887889456190078
holdout,tr,tau_x_100,holdout_17,false,false,false,unchanged,timeout,timeout,false,true,true,0.22053435114871914,0.22032810474202374
holdout,tr,tau_x_100,holdout_18,true,true,false,unchanged,success,success,false,false,false,0.9883670715949127,0.9887016861773053
holdout,tr,tau_x_100,holdout_19,false,false,false,unchanged,timeout,timeout,false,true,true,0.12247581457972279,0.1215420527543157
holdout,tr,tau_x_100,holdout_20,true,true,false,unchanged,success,success,false,false,false,0.9854536667790295,0.9865761135394134
holdout,tr,tau_x_300,holdout_01,false,false,false,unchanged,timeout,timeout,false,true,true,0.3375359904629835,0.35003275853527943
holdout,tr,tau_x_300,holdout_02,true,true,false,unchanged,success,success,false,false,false,0.9856762480762191,1.0
holdout,tr,tau_x_300,holdout_03,false,false,false,unchanged,timeout,timeout,false,true,true,0.10156047535645085,0.0986555272726841
holdout,tr,tau_x_300,holdout_04,true,true,false,unchanged,success,success,false,false,false,0.9853087325347655,1.0
holdout,tr,tau_x_300,holdout_05,true,true,false,unchanged,success,success,false,false,false,0.987076951751902,0.9965055343180452
holdout,tr,tau_x_300,holdout_06,true,true,false,unchanged,success,success,false,false,false,0.9859054796521324,0.9853808925099157
holdout,tr,tau_x_300,holdout_07,true,true,false,unchanged,success,success,false,false,false,0.987159117429357,0.9968493296321811
holdout,tr,tau_x_300,holdout_08,false,false,false,unchanged,timeout,timeout,false,true,true,0.4006266664397609,0.3995435528064693
holdout,tr,tau_x_300,holdout_09,false,true,true,failure_to_success,timeout,success,true,true,false,0.5411345505024049,1.0
holdout,tr,tau_x_300,holdout_10,true,true,false,unchanged,success,success,false,false,false,0.987691787749909,0.9983044934013626
holdout,tr,tau_x_300,holdout_11,true,true,false,unchanged,success,success,false,false,false,0.9897151184408923,1.0
holdout,tr,tau_x_300,holdout_12,true,true,false,unchanged,success,success,false,false,false,0.9856956395278121,0.9861434740568308
holdout,tr,tau_x_300,holdout_13,false,false,false,unchanged,timeout,timeout,false,true,true,0.1722862310162096,0.16911174686620314
holdout,tr,tau_x_300,holdout_14,true,true,false,unchanged,success,success,false,false,false,0.9877436511135343,1.0
holdout,tr,tau_x_300,holdout_15,false,true,true,failure_to_success,timeout,success,true,true,false,0.15448469818851454,1.0
holdout,tr,tau_x_300,holdout_16,true,true,false,unchanged,success,success,false,false,false,0.9866010184453524,1.0
holdout,tr,tau_x_300,holdout_17,false,false,false,unchanged,timeout,timeout,false,true,true,0.22053435114871914,0.22082506719951495
holdout,tr,tau_x_300,holdout_18,true,true,false,unchanged,success,success,false,false,false,0.9883670715949127,1.0
holdout,tr,tau_x_300,holdout_19,false,false,false,unchanged,timeout,timeout,false,true,true,0.12247581457972279,0.12215393090102653
holdout,tr,tau_x_300,holdout_20,true,true,false,unchanged,success,success,false,false,false,0.9854536667790295,0.9855299871377635
holdout,tr,tau_y_150,holdout_01,false,false,false,unchanged,timeout,timeout,false,true,true,0.3375359904629835,0.3377231464249061
holdout,tr,tau_y_150,holdout_02,true,true,false,unchanged,success,success,false,false,false,0.9856762480762191,0.9859309022955693
holdout,tr,tau_y_150,holdout_03,false,false,false,unchanged,timeout,timeout,false,true,true,0.10156047535645085,0.09902919889312492
holdout,tr,tau_y_150,holdout_04,true,true,false,unchanged,success,success,false,false,false,0.9853087325347655,0.9855254520154086
holdout,tr,tau_y_150,holdout_05,true,true,false,unchanged,success,success,false,false,false,0.987076951751902,0.9862011555616317
holdout,tr,tau_y_150,holdout_06,true,true,false,unchanged,success,success,false,false,false,0.9859054796521324,0.9858624803858302
holdout,tr,tau_y_150,holdout_07,true,true,false,unchanged,success,success,false,false,false,0.987159117429357,0.9871354234519215
holdout,tr,tau_y_150,holdout_08,false,false,false,unchanged,timeout,timeout,false,true,true,0.4006266664397609,0.399963376109712
holdout,tr,tau_y_150,holdout_09,false,true,true,failure_to_success,timeout,success,true,true,false,0.5411345505024049,0.989440706718465
holdout,tr,tau_y_150,holdout_10,true,true,false,unchanged,success,success,false,false,false,0.987691787749909,0.9880944812689568
holdout,tr,tau_y_150,holdout_11,true,true,false,unchanged,success,success,false,false,false,0.9897151184408923,0.989563270285207
holdout,tr,tau_y_150,holdout_12,true,true,false,unchanged,success,success,false,false,false,0.9856956395278121,0.9853285694500138
holdout,tr,tau_y_150,holdout_13,false,false,false,unchanged,timeout,timeout,false,true,true,0.1722862310162096,0.17181941110954968
holdout,tr,tau_y_150,holdout_14,true,true,false,unchanged,success,success,false,false,false,0.9877436511135343,0.9882829637895099
holdout,tr,tau_y_150,holdout_15,false,false,false,unchanged,timeout,timeout,false,true,true,0.15448469818851454,0.15643284857392273
holdout,tr,tau_y_150,holdout_16,true,true,false,unchanged,success,success,false,false,false,0.9866010184453524,0.9870315383124557
holdout,tr,tau_y_150,holdout_17,false,false,false,unchanged,timeout,timeout,false,true,true,0.22053435114871914,0.22009833275823323
holdout,tr,tau_y_150,holdout_18,true,true,false,unchanged,success,success,false,false,false,0.9883670715949127,0.9879275722871455
holdout,tr,tau_y_150,holdout_19,false,false,false,unchanged,timeout,timeout,false,true,true,0.12247581457972279,0.12224565548043051
holdout,tr,tau_y_150,holdout_20,true,true,false,unchanged,success,success,false,false,false,0.9854536667790295,0.9856511748716268
holdout,tr,tau_y_300,holdout_01,false,false,false,unchanged,timeout,timeout,false,true,true,0.3375359904629835,0.33797911606395253
holdout,tr,tau_y_300,holdout_02,true,true,false,unchanged,success,success,false,false,false,0.9856762480762191,0.9858562911979741
holdout,tr,tau_y_300,holdout_03,false,false,false,unchanged,timeout,timeout,false,true,true,0.10156047535645085,0.10256565759300006
holdout,tr,tau_y_300,holdout_04,true,true,false,unchanged,success,success,false,false,false,0.9853087325347655,0.9851411978035722
holdout,tr,tau_y_300,holdout_05,true,false,true,success_to_failure,success,collision,true,false,true,0.987076951751902,0.08778517522208104
holdout,tr,tau_y_300,holdout_06,true,true,false,unchanged,success,success,false,false,false,0.9859054796521324,0.9858639621601348
holdout,tr,tau_y_300,holdout_07,true,false,true,success_to_failure,success,collision,true,false,true,0.987159117429357,0.21731673780674773
holdout,tr,tau_y_300,holdout_08,false,false,false,unchanged,timeout,timeout,false,true,true,0.4006266664397609,0.39864995491621635
holdout,tr,tau_y_300,holdout_09,false,false,false,unchanged,timeout,timeout,false,true,true,0.5411345505024049,0.5392751430253827
holdout,tr,tau_y_300,holdout_10,true,true,false,unchanged,success,success,false,false,false,0.987691787749909,0.9882789318175051
holdout,tr,tau_y_300,holdout_11,true,true,false,unchanged,success,success,false,false,false,0.9897151184408923,0.9897541988329639
holdout,tr,tau_y_300,holdout_12,true,true,false,unchanged,success,success,false,false,false,0.9856956395278121,0.9850600471961309
holdout,tr,tau_y_300,holdout_13,false,false,false,unchanged,timeout,timeout,false,true,true,0.1722862310162096,0.17321532281569513
holdout,tr,tau_y_300,holdout_14,true,true,false,unchanged,success,success,false,false,false,0.9877436511135343,0.987925291995119
holdout,tr,tau_y_300,holdout_15,false,false,false,unchanged,timeout,timeout,false,true,true,0.15448469818851454,0.15685889325744692
holdout,tr,tau_y_300,holdout_16,true,true,false,unchanged,success,success,false,false,false,0.9866010184453524,0.986591301059633
holdout,tr,tau_y_300,holdout_17,false,false,false,unchanged,timeout,timeout,false,true,true,0.22053435114871914,0.21981070361546454
holdout,tr,tau_y_300,holdout_18,true,true,false,unchanged,success,success,false,false,false,0.9883670715949127,0.9887973658821938
holdout,tr,tau_y_300,holdout_19,false,false,false,unchanged,timeout,timeout,false,true,true,0.12247581457972279,0.12321054250620753
holdout,tr,tau_y_300,holdout_20,true,true,false,unchanged,success,success,false,false,false,0.9854536667790295,0.985729744721477
holdout,tr,tau_y_500,holdout_01,false,false,false,unchanged,timeout,timeout,false,true,true,0.3375359904629835,0.33752827617274844
holdout,tr,tau_y_500,holdout_02,true,true,false,unchanged,success,success,false,false,false,0.9856762480762191,0.9856906750568393
holdout,tr,tau_y_500,holdout_03,false,false,false,unchanged,timeout,timeout,false,true,true,0.10156047535645085,0.10184645721023819
holdout,tr,tau_y_500,holdout_04,true,true,false,unchanged,success,success,false,false,false,0.9853087325347655,0.9856212080331201
holdout,tr,tau_y_500,holdout_05,true,false,true,success_to_failure,success,collision,true,false,true,0.987076951751902,0.08778517522208104
holdout,tr,tau_y_500,holdout_06,true,true,false,unchanged,success,success,false,false,false,0.9859054796521324,0.9855737435716848
holdout,tr,tau_y_500,holdout_07,true,false,true,success_to_failure,success,timeout,true,false,true,0.987159117429357,0.14067939419489736
holdout,tr,tau_y_500,holdout_08,false,false,false,unchanged,timeout,timeout,false,true,true,0.4006266664397609,0.39857032912778445
holdout,tr,tau_y_500,holdout_09,false,false,false,unchanged,timeout,timeout,false,true,true,0.5411345505024049,0.5389139157460454
holdout,tr,tau_y_500,holdout_10,true,true,false,unchanged,success,success,false,false,false,0.987691787749909,0.9879689756058454
holdout,tr,tau_y_500,holdout_11,true,true,false,unchanged,success,success,false,false,false,0.9897151184408923,0.9898123406593055
holdout,tr,tau_y_500,holdout_12,true,true,false,unchanged,success,success,false,false,false,0.9856956395278121,0.9850071446545995
holdout,tr,tau_y_500,holdout_13,false,false,false,unchanged,timeout,timeout,false,true,true,0.1722862310162096,0.17271623258938473
holdout,tr,tau_y_500,holdout_14,true,false,true,success_to_failure,success,planner_failure,true,false,true,0.9877436511135343,0.6051438619003073
holdout,tr,tau_y_500,holdout_15,false,false,false,unchanged,timeout,collision,true,true,true,0.15448469818851454,0.19524268798778924
holdout,tr,tau_y_500,holdout_16,true,true,false,unchanged,success,success,false,false,false,0.9866010184453524,0.9868549698732251
holdout,tr,tau_y_500,holdout_17,false,false,false,unchanged,timeout,timeout,false,true,true,0.22053435114871914,0.22029467883485856
holdout,tr,tau_y_500,holdout_18,true,true,false,unchanged,success,success,false,false,false,0.9883670715949127,0.9892844148602323
holdout,tr,tau_y_500,holdout_19,false,false,false,unchanged,timeout,timeout,false,true,true,0.12247581457972279,0.13799011903553257
holdout,tr,tau_y_500,holdout_20,true,true,false,unchanged,success,success,false,false,false,0.9854536667790295,0.9859017978599737
holdout,tr,tau_w_100,holdout_01,false,false,false,unchanged,timeout,timeout,false,true,true,0.3375359904629835,0.34622336848566226
holdout,tr,tau_w_100,holdout_02,true,true,false,unchanged,success,success,false,false,false,0.9856762480762191,0.9852414619891701
holdout,tr,tau_w_100,holdout_03,false,false,false,unchanged,timeout,timeout,false,true,true,0.10156047535645085,0.10123253990644138
holdout,tr,tau_w_100,holdout_04,true,true,false,unchanged,success,success,false,false,false,0.9853087325347655,0.9860872818837326
holdout,tr,tau_w_100,holdout_05,true,true,false,unchanged,success,success,false,false,false,0.987076951751902,0.9868696990129595
holdout,tr,tau_w_100,holdout_06,true,true,false,unchanged,success,success,false,false,false,0.9859054796521324,0.986039186698159
holdout,tr,tau_w_100,holdout_07,true,false,true,success_to_failure,success,timeout,true,false,true,0.987159117429357,0.13991051997595363
holdout,tr,tau_w_100,holdout_08,false,false,false,unchanged,timeout,timeout,false,true,true,0.4006266664397609,0.3998248934388735
holdout,tr,tau_w_100,holdout_09,false,false,false,unchanged,timeout,timeout,false,true,true,0.5411345505024049,0.5409937445351225
holdout,tr,tau_w_100,holdout_10,true,true,false,unchanged,success,success,false,false,false,0.987691787749909,0.987585678887322
holdout,tr,tau_w_100,holdout_11,true,true,false,unchanged,success,success,false,false,false,0.9897151184408923,0.9893729969898951
holdout,tr,tau_w_100,holdout_12,true,true,false,unchanged,success,success,false,false,false,0.9856956395278121,0.9858451510308148
holdout,tr,tau_w_100,holdout_13,false,false,false,unchanged,timeout,timeout,false,true,true,0.1722862310162096,0.17286860128674866
holdout,tr,tau_w_100,holdout_14,true,true,false,unchanged,success,success,false,false,false,0.9877436511135343,0.9892815748359374
holdout,tr,tau_w_100,holdout_15,false,false,false,unchanged,timeout,timeout,false,true,true,0.15448469818851454,0.1562619794122766
holdout,tr,tau_w_100,holdout_16,true,true,false,unchanged,success,success,false,false,false,0.9866010184453524,0.9876850595706628
holdout,tr,tau_w_100,holdout_17,false,false,false,unchanged,timeout,timeout,false,true,true,0.22053435114871914,0.2202667420140847
holdout,tr,tau_w_100,holdout_18,true,true,false,unchanged,success,success,false,false,false,0.9883670715949127,0.9877502829935405
holdout,tr,tau_w_100,holdout_19,false,false,false,unchanged,timeout,timeout,false,true,true,0.12247581457972279,0.12193452277859547
holdout,tr,tau_w_100,holdout_20,true,true,false,unchanged,success,success,false,false,false,0.9854536667790295,0.9854923788627066
holdout,tr,tau_w_300,holdout_01,false,false,false,unchanged,timeout,timeout,false,true,true,0.3375359904629835,0.33812876028363326
holdout,tr,tau_w_300,holdout_02,true,true,false,unchanged,success,success,false,false,false,0.9856762480762191,0.9855972809742435
holdout,tr,tau_w_300,holdout_03,false,false,false,unchanged,timeout,timeout,false,true,true,0.10156047535645085,0.1133146298862408
holdout,tr,tau_w_300,holdout_04,true,true,false,unchanged,success,success,false,false,false,0.9853087325347655,0.984993504773531
holdout,tr,tau_w_300,holdout_05,true,true,false,unchanged,success,success,false,false,false,0.987076951751902,0.9860570537543863
holdout,tr,tau_w_300,holdout_06,true,true,false,unchanged,success,success,false,false,false,0.9859054796521324,0.985154604808332
holdout,tr,tau_w_300,holdout_07,true,false,true,success_to_failure,success,timeout,true,false,true,0.987159117429357,0.9857239398993115
holdout,tr,tau_w_300,holdout_08,false,false,false,unchanged,timeout,timeout,false,true,true,0.4006266664397609,0.4001363109087394
holdout,tr,tau_w_300,holdout_09,false,true,true,failure_to_success,timeout,success,true,true,false,0.5411345505024049,0.9895599937733359
holdout,tr,tau_w_300,holdout_10,true,true,false,unchanged,success,success,false,false,false,0.987691787749909,0.9880836244008547
holdout,tr,tau_w_300,holdout_11,true,true,false,unchanged,success,success,false,false,false,0.9897151184408923,0.9898162432881809
holdout,tr,tau_w_300,holdout_12,true,true,false,unchanged,success,success,false,false,false,0.9856956395278121,0.9850712856588095
holdout,tr,tau_w_300,holdout_13,false,false,false,unchanged,timeout,timeout,false,true,true,0.1722862310162096,0.17146698558648316
holdout,tr,tau_w_300,holdout_14,true,true,false,unchanged,success,success,false,false,false,0.9877436511135343,0.9877265210785338
holdout,tr,tau_w_300,holdout_15,false,false,false,unchanged,timeout,timeout,false,true,true,0.15448469818851454,0.15625621779422977
holdout,tr,tau_w_300,holdout_16,true,true,false,unchanged,success,success,false,false,false,0.9866010184453524,0.9864213046884924
holdout,tr,tau_w_300,holdout_17,false,false,false,unchanged,timeout,timeout,false,true,true,0.22053435114871914,0.22116412319235057
holdout,tr,tau_w_300,holdout_18,true,true,false,unchanged,success,success,false,false,false,0.9883670715949127,0.9883634275681998
holdout,tr,tau_w_300,holdout_19,false,false,false,unchanged,timeout,timeout,false,true,true,0.12247581457972279,0.12216313482356292
holdout,tr,tau_w_300,holdout_20,true,true,false,unchanged,success,success,false,false,false,0.9854536667790295,0.9850279187028389
holdout,teb,delay_050,holdout_01,true,true,false,unchanged,success,success,false,false,false,0.997306047106038,0.9987977567935056
holdout,teb,delay_050,holdout_02,true,true,false,unchanged,success,success,false,false,false,0.9852809980870434,0.9860876932182032
holdout,teb,delay_050,holdout_03,false,true,true,failure_to_success,planner_failure,success,true,true,false,0.3106454741139901,0.988492155181984
holdout,teb,delay_050,holdout_04,true,true,false,unchanged,success,success,false,false,false,0.9934971999344474,0.9977185242312059
holdout,teb,delay_050,holdout_05,true,true,false,unchanged,success,success,false,false,false,0.9859793954630969,0.9867770931724016
holdout,teb,delay_050,holdout_06,true,true,false,unchanged,success,success,false,false,false,0.9924046503673061,0.9970252949799681
holdout,teb,delay_050,holdout_07,true,true,false,unchanged,success,success,false,false,false,0.9875310682885516,0.9892272450018069
holdout,teb,delay_050,holdout_08,true,true,false,unchanged,success,success,false,false,false,0.9976294052860616,1.0
holdout,teb,delay_050,holdout_09,true,true,false,unchanged,success,success,false,false,false,0.9984886067617813,0.998554550977466
holdout,teb,delay_050,holdout_10,true,true,false,unchanged,success,success,false,false,false,0.9968680758393378,1.0
holdout,teb,delay_050,holdout_11,false,false,false,unchanged,planner_failure,planner_failure,false,true,true,0.7402052639244191,0.7368879208745948
holdout,teb,delay_050,holdout_12,true,true,false,unchanged,success,success,false,false,false,0.9887846721404487,0.9931032540761769
holdout,teb,delay_050,holdout_13,true,true,false,unchanged,success,success,false,false,false,0.991155466378184,0.9925395357880724
holdout,teb,delay_050,holdout_14,true,true,false,unchanged,success,success,false,false,false,0.9981179796073366,0.9993363560353149
holdout,teb,delay_050,holdout_15,true,true,false,unchanged,success,success,false,false,false,0.9872336494286568,0.9880497756974298
holdout,teb,delay_050,holdout_16,true,true,false,unchanged,success,success,false,false,false,0.9953718097116703,0.9975931608294252
holdout,teb,delay_050,holdout_17,true,false,true,success_to_failure,success,planner_failure,true,false,true,0.9943214403068062,0.5311979351278666
holdout,teb,delay_050,holdout_18,true,true,false,unchanged,success,success,false,false,false,0.9961976035562727,0.9993755631484316
holdout,teb,delay_050,holdout_19,true,true,false,unchanged,success,success,false,false,false,0.9879142739071987,0.9886039980802758
holdout,teb,delay_050,holdout_20,true,true,false,unchanged,success,success,false,false,false,0.9906725012354347,0.9936572751386783
holdout,teb,delay_100,holdout_01,true,true,false,unchanged,success,success,false,false,false,0.997306047106038,1.0
holdout,teb,delay_100,holdout_02,true,true,false,unchanged,success,success,false,false,false,0.9852809980870434,0.990142384716401
holdout,teb,delay_100,holdout_03,false,true,true,failure_to_success,planner_failure,success,true,true,false,0.3106454741139901,0.9929948541551208
holdout,teb,delay_100,holdout_04,true,true,false,unchanged,success,success,false,false,false,0.9934971999344474,0.9950985221033589
holdout,teb,delay_100,holdout_05,true,true,false,unchanged,success,success,false,false,false,0.9859793954630969,0.9879186767002577
holdout,teb,delay_100,holdout_06,true,true,false,unchanged,success,success,false,false,false,0.9924046503673061,0.9991578504119105
holdout,teb,delay_100,holdout_07,true,true,false,unchanged,success,success,false,false,false,0.9875310682885516,0.9886242274974053
holdout,teb,delay_100,holdout_08,true,true,false,unchanged,success,success,false,false,false,0.9976294052860616,0.9996746736724459
holdout,teb,delay_100,holdout_09,true,true,false,unchanged,success,success,false,false,false,0.9984886067617813,0.9975275928604558
holdout,teb,delay_100,holdout_10,true,true,false,unchanged,success,success,false,false,false,0.9968680758393378,0.9997501841054961
holdout,teb,delay_100,holdout_11,false,false,false,unchanged,planner_failure,planner_failure,false,true,true,0.7402052639244191,0.7215628831576114
holdout,teb,delay_100,holdout_12,true,true,false,unchanged,success,success,false,false,false,0.9887846721404487,0.9935585581377944
holdout,teb,delay_100,holdout_13,true,true,false,unchanged,success,success,false,false,false,0.991155466378184,0.9919254644268046
holdout,teb,delay_100,holdout_14,true,true,false,unchanged,success,success,false,false,false,0.9981179796073366,1.0
holdout,teb,delay_100,holdout_15,true,true,false,unchanged,success,success,false,false,false,0.9872336494286568,0.9879867588986513
holdout,teb,delay_100,holdout_16,true,true,false,unchanged,success,success,false,false,false,0.9953718097116703,0.9943250614692934
holdout,teb,delay_100,holdout_17,true,true,false,unchanged,success,success,false,false,false,0.9943214403068062,1.0
holdout,teb,delay_100,holdout_18,true,true,false,unchanged,success,success,false,false,false,0.9961976035562727,0.9943937769514494
holdout,teb,delay_100,holdout_19,true,true,false,unchanged,success,success,false,false,false,0.9879142739071987,0.991836934242734
holdout,teb,delay_100,holdout_20,true,true,false,unchanged,success,success,false,false,false,0.9906725012354347,0.9922906088785001
holdout,teb,delay_200,holdout_01,true,true,false,unchanged,success,success,false,false,false,0.997306047106038,1.0
holdout,teb,delay_200,holdout_02,true,true,false,unchanged,success,success,false,false,false,0.9852809980870434,0.9870836417411771
holdout,teb,delay_200,holdout_03,false,false,false,unchanged,planner_failure,planner_failure,false,true,true,0.3106454741139901,0.326287443554482
holdout,teb,delay_200,holdout_04,true,true,false,unchanged,success,success,false,false,false,0.9934971999344474,0.9995932998611262
holdout,teb,delay_200,holdout_05,true,true,false,unchanged,success,success,false,false,false,0.9859793954630969,0.9920604365987727
holdout,teb,delay_200,holdout_06,true,true,false,unchanged,success,success,false,false,false,0.9924046503673061,1.0
holdout,teb,delay_200,holdout_07,true,true,false,unchanged,success,success,false,false,false,0.9875310682885516,0.9890738626586358
holdout,teb,delay_200,holdout_08,true,true,false,unchanged,success,success,false,false,false,0.9976294052860616,1.0
holdout,teb,delay_200,holdout_09,true,false,true,success_to_failure,success,planner_failure,true,false,true,0.9984886067617813,0.44349211251323506
holdout,teb,delay_200,holdout_10,true,true,false,unchanged,success,success,false,false,false,0.9968680758393378,0.9955790692445635
holdout,teb,delay_200,holdout_11,false,false,false,unchanged,planner_failure,planner_failure,false,true,true,0.7402052639244191,0.7162110686993077
holdout,teb,delay_200,holdout_12,true,true,false,unchanged,success,success,false,false,false,0.9887846721404487,1.0
holdout,teb,delay_200,holdout_13,true,true,false,unchanged,success,success,false,false,false,0.991155466378184,0.9871596102039442
holdout,teb,delay_200,holdout_14,true,true,false,unchanged,success,success,false,false,false,0.9981179796073366,1.0
holdout,teb,delay_200,holdout_15,true,true,false,unchanged,success,success,false,false,false,0.9872336494286568,0.9876033433579726
holdout,teb,delay_200,holdout_16,true,true,false,unchanged,success,success,false,false,false,0.9953718097116703,0.9873291831071429
holdout,teb,delay_200,holdout_17,true,false,true,success_to_failure,success,planner_failure,true,false,true,0.9943214403068062,0.6088302976218896
holdout,teb,delay_200,holdout_18,true,true,false,unchanged,success,success,false,false,false,0.9961976035562727,0.9869117602255696
holdout,teb,delay_200,holdout_19,true,true,false,unchanged,success,success,false,false,false,0.9879142739071987,0.9917898785561744
holdout,teb,delay_200,holdout_20,true,true,false,unchanged,success,success,false,false,false,0.9906725012354347,0.9983572529770741
holdout,teb,tau_x_100,holdout_01,true,true,false,unchanged,success,success,false,false,false,0.997306047106038,1.0
holdout,teb,tau_x_100,holdout_02,true,true,false,unchanged,success,success,false,false,false,0.9852809980870434,0.9876849459621898
holdout,teb,tau_x_100,holdout_03,false,false,false,unchanged,planner_failure,planner_failure,false,true,true,0.3106454741139901,0.25039445123287174
holdout,teb,tau_x_100,holdout_04,true,true,false,unchanged,success,success,false,false,false,0.9934971999344474,0.9958918568966755
holdout,teb,tau_x_100,holdout_05,true,true,false,unchanged,success,success,false,false,false,0.9859793954630969,0.9866499668962098
holdout,teb,tau_x_100,holdout_06,true,true,false,unchanged,success,success,false,false,false,0.9924046503673061,0.9937694028748534
holdout,teb,tau_x_100,holdout_07,true,true,false,unchanged,success,success,false,false,false,0.9875310682885516,0.9876121335117459
holdout,teb,tau_x_100,holdout_08,true,true,false,unchanged,success,success,false,false,false,0.9976294052860616,1.0
holdout,teb,tau_x_100,holdout_09,true,true,false,unchanged,success,success,false,false,false,0.9984886067617813,0.9968866586076891
holdout,teb,tau_x_100,holdout_10,true,true,false,unchanged,success,success,false,false,false,0.9968680758393378,1.0
holdout,teb,tau_x_100,holdout_11,false,false,false,unchanged,planner_failure,planner_failure,false,true,true,0.7402052639244191,0.7604273551584227
holdout,teb,tau_x_100,holdout_12,true,true,false,unchanged,success,success,false,false,false,0.9887846721404487,0.9910761393725475
holdout,teb,tau_x_100,holdout_13,true,true,false,unchanged,success,success,false,false,false,0.991155466378184,0.9946201729253977
holdout,teb,tau_x_100,holdout_14,true,true,false,unchanged,success,success,false,false,false,0.9981179796073366,1.0
holdout,teb,tau_x_100,holdout_15,true,true,false,unchanged,success,success,false,false,false,0.9872336494286568,0.9873323404241322
holdout,teb,tau_x_100,holdout_16,true,true,false,unchanged,success,success,false,false,false,0.9953718097116703,1.0
holdout,teb,tau_x_100,holdout_17,true,true,false,unchanged,success,success,false,false,false,0.9943214403068062,0.9959119646664167
holdout,teb,tau_x_100,holdout_18,true,true,false,unchanged,success,success,false,false,false,0.9961976035562727,0.9996792233593044
holdout,teb,tau_x_100,holdout_19,true,true,false,unchanged,success,success,false,false,false,0.9879142739071987,0.9880092216871404
holdout,teb,tau_x_100,holdout_20,true,true,false,unchanged,success,success,false,false,false,0.9906725012354347,0.9914384894797377
holdout,teb,tau_x_300,holdout_01,true,true,false,unchanged,success,success,false,false,false,0.997306047106038,1.0
holdout,teb,tau_x_300,holdout_02,true,true,false,unchanged,success,success,false,false,false,0.9852809980870434,0.9855320548547255
holdout,teb,tau_x_300,holdout_03,false,true,true,failure_to_success,planner_failure,success,true,true,false,0.3106454741139901,0.9902399168346199
holdout,teb,tau_x_300,holdout_04,true,true,false,unchanged,success,success,false,false,false,0.9934971999344474,0.9942270956790132
holdout,teb,tau_x_300,holdout_05,true,true,false,unchanged,success,success,false,false,false,0.9859793954630969,0.9862815428585314
holdout,teb,tau_x_300,holdout_06,true,true,false,unchanged,success,success,false,false,false,0.9924046503673061,0.9937416371515475
holdout,teb,tau_x_300,holdout_07,true,true,false,unchanged,success,success,false,false,false,0.9875310682885516,0.9876146751358165
holdout,teb,tau_x_300,holdout_08,true,true,false,unchanged,success,success,false,false,false,0.9976294052860616,1.0
holdout,teb,tau_x_300,holdout_09,true,true,false,unchanged,success,success,false,false,false,0.9984886067617813,1.0
holdout,teb,tau_x_300,holdout_10,true,true,false,unchanged,success,success,false,false,false,0.9968680758393378,1.0
holdout,teb,tau_x_300,holdout_11,false,false,false,unchanged,planner_failure,planner_failure,false,true,true,0.7402052639244191,0.7431582165211179
holdout,teb,tau_x_300,holdout_12,true,true,false,unchanged,success,success,false,false,false,0.9887846721404487,0.9948869443601662
holdout,teb,tau_x_300,holdout_13,true,true,false,unchanged,success,success,false,false,false,0.991155466378184,1.0
holdout,teb,tau_x_300,holdout_14,true,true,false,unchanged,success,success,false,false,false,0.9981179796073366,1.0
holdout,teb,tau_x_300,holdout_15,true,true,false,unchanged,success,success,false,false,false,0.9872336494286568,0.9875643496961648
holdout,teb,tau_x_300,holdout_16,true,true,false,unchanged,success,success,false,false,false,0.9953718097116703,1.0
holdout,teb,tau_x_300,holdout_17,true,true,false,unchanged,success,success,false,false,false,0.9943214403068062,0.995280868529933
holdout,teb,tau_x_300,holdout_18,true,true,false,unchanged,success,success,false,false,false,0.9961976035562727,1.0
holdout,teb,tau_x_300,holdout_19,true,true,false,unchanged,success,success,false,false,false,0.9879142739071987,0.9879476172405552
holdout,teb,tau_x_300,holdout_20,true,true,false,unchanged,success,success,false,false,false,0.9906725012354347,0.9940359574633654
holdout,teb,tau_y_150,holdout_01,true,true,false,unchanged,success,success,false,false,false,0.997306047106038,0.9978988800973518
holdout,teb,tau_y_150,holdout_02,true,true,false,unchanged,success,success,false,false,false,0.9852809980870434,0.9908348544744365
holdout,teb,tau_y_150,holdout_03,false,false,false,unchanged,planner_failure,planner_failure,false,true,true,0.3106454741139901,0.329098645518059
holdout,teb,tau_y_150,holdout_04,true,true,false,unchanged,success,success,false,false,false,0.9934971999344474,0.9929138800319045
holdout,teb,tau_y_150,holdout_05,true,true,false,unchanged,success,success,false,false,false,0.9859793954630969,0.9870813552753315
holdout,teb,tau_y_150,holdout_06,true,true,false,unchanged,success,success,false,false,false,0.9924046503673061,0.9976703200562874
holdout,teb,tau_y_150,holdout_07,true,true,false,unchanged,success,success,false,false,false,0.9875310682885516,0.987755236790653
holdout,teb,tau_y_150,holdout_08,true,true,false,unchanged,success,success,false,false,false,0.9976294052860616,1.0
holdout,teb,tau_y_150,holdout_09,true,true,false,unchanged,success,success,false,false,false,0.9984886067617813,0.9960692915466159
holdout,teb,tau_y_150,holdout_10,true,true,false,unchanged,success,success,false,false,false,0.9968680758393378,0.9975941700840227
holdout,teb,tau_y_150,holdout_11,false,false,false,unchanged,planner_failure,planner_failure,false,true,true,0.7402052639244191,0.7236937440061313
holdout,teb,tau_y_150,holdout_12,true,true,false,unchanged,success,success,false,false,false,0.9887846721404487,0.9909387887910862
holdout,teb,tau_y_150,holdout_13,true,true,false,unchanged,success,success,false,false,false,0.991155466378184,0.9908801021778689
holdout,teb,tau_y_150,holdout_14,true,true,false,unchanged,success,success,false,false,false,0.9981179796073366,0.9985069960103712
holdout,teb,tau_y_150,holdout_15,true,true,false,unchanged,success,success,false,false,false,0.9872336494286568,0.9882828340520646
holdout,teb,tau_y_150,holdout_16,true,true,false,unchanged,success,success,false,false,false,0.9953718097116703,0.9989699246223872
holdout,teb,tau_y_150,holdout_17,true,true,false,unchanged,success,success,false,false,false,0.9943214403068062,1.0
holdout,teb,tau_y_150,holdout_18,true,true,false,unchanged,success,success,false,false,false,0.9961976035562727,0.9979026730156692
holdout,teb,tau_y_150,holdout_19,true,true,false,unchanged,success,success,false,false,false,0.9879142739071987,0.9883909629429847
holdout,teb,tau_y_150,holdout_20,true,true,false,unchanged,success,success,false,false,false,0.9906725012354347,0.9861217781307547
holdout,teb,tau_y_300,holdout_01,true,true,false,unchanged,success,success,false,false,false,0.997306047106038,0.9995838172032199
holdout,teb,tau_y_300,holdout_02,true,true,false,unchanged,success,success,false,false,false,0.9852809980870434,0.9880484428164242
holdout,teb,tau_y_300,holdout_03,false,false,false,unchanged,planner_failure,planner_failure,false,true,true,0.3106454741139901,0.3372449077051873
holdout,teb,tau_y_300,holdout_04,true,true,false,unchanged,success,success,false,false,false,0.9934971999344474,1.0
holdout,teb,tau_y_300,holdout_05,true,true,false,unchanged,success,success,false,false,false,0.9859793954630969,0.9861848822873297
holdout,teb,tau_y_300,holdout_06,true,true,false,unchanged,success,success,false,false,false,0.9924046503673061,0.992239406238636
holdout,teb,tau_y_300,holdout_07,true,true,false,unchanged,success,success,false,false,false,0.9875310682885516,0.9875481395512647
holdout,teb,tau_y_300,holdout_08,true,true,false,unchanged,success,success,false,false,false,0.9976294052860616,0.9941516986725388
holdout,teb,tau_y_300,holdout_09,true,true,false,unchanged,success,success,false,false,false,0.9984886067617813,1.0
holdout,teb,tau_y_300,holdout_10,true,true,false,unchanged,success,success,false,false,false,0.9968680758393378,0.9924594465346607
holdout,teb,tau_y_300,holdout_11,false,false,false,unchanged,planner_failure,planner_failure,false,true,true,0.7402052639244191,0.7339240385083187
holdout,teb,tau_y_300,holdout_12,true,true,false,unchanged,success,success,false,false,false,0.9887846721404487,0.9998730603409647
holdout,teb,tau_y_300,holdout_13,true,true,false,unchanged,success,success,false,false,false,0.991155466378184,0.9915991490150066
holdout,teb,tau_y_300,holdout_14,true,true,false,unchanged,success,success,false,false,false,0.9981179796073366,0.9979458121693475
holdout,teb,tau_y_300,holdout_15,true,true,false,unchanged,success,success,false,false,false,0.9872336494286568,0.9875902275739088
holdout,teb,tau_y_300,holdout_16,true,true,false,unchanged,success,success,false,false,false,0.9953718097116703,0.9960378608517976
holdout,teb,tau_y_300,holdout_17,true,false,true,success_to_failure,success,planner_failure,true,false,true,0.9943214403068062,0.5971338875926571
holdout,teb,tau_y_300,holdout_18,true,true,false,unchanged,success,success,false,false,false,0.9961976035562727,0.9944895893102003
holdout,teb,tau_y_300,holdout_19,true,true,false,unchanged,success,success,false,false,false,0.9879142739071987,0.9878458270857057
holdout,teb,tau_y_300,holdout_20,true,true,false,unchanged,success,success,false,false,false,0.9906725012354347,0.9899964556066658
holdout,teb,tau_y_500,holdout_01,true,true,false,unchanged,success,success,false,false,false,0.997306047106038,0.9974034904880612
holdout,teb,tau_y_500,holdout_02,true,true,false,unchanged,success,success,false,false,false,0.9852809980870434,0.9878936655280329
holdout,teb,tau_y_500,holdout_03,false,false,false,unchanged,planner_failure,planner_failure,false,true,true,0.3106454741139901,0.3145939153129401
holdout,teb,tau_y_500,holdout_04,true,true,false,unchanged,success,success,false,false,false,0.9934971999344474,0.9920353613339217
holdout,teb,tau_y_500,holdout_05,true,true,false,unchanged,success,success,false,false,false,0.9859793954630969,0.9876289853412489
holdout,teb,tau_y_500,holdout_06,true,true,false,unchanged,success,success,false,false,false,0.9924046503673061,0.9894800350619962
holdout,teb,tau_y_500,holdout_07,true,true,false,unchanged,success,success,false,false,false,0.9875310682885516,0.9881507759004328
holdout,teb,tau_y_500,holdout_08,true,true,false,unchanged,success,success,false,false,false,0.9976294052860616,0.9933000095579901
holdout,teb,tau_y_500,holdout_09,true,false,true,success_to_failure,success,planner_failure,true,false,true,0.9984886067617813,0.4260213989187266
holdout,teb,tau_y_500,holdout_10,true,true,false,unchanged,success,success,false,false,false,0.9968680758393378,0.9920041410032717
holdout,teb,tau_y_500,holdout_11,false,false,false,unchanged,planner_failure,planner_failure,false,true,true,0.7402052639244191,0.7254120714022579
holdout,teb,tau_y_500,holdout_12,true,true,false,unchanged,success,success,false,false,false,0.9887846721404487,0.9959123689563083
holdout,teb,tau_y_500,holdout_13,true,false,true,success_to_failure,success,collision,true,false,true,0.991155466378184,0.5893761492328051
holdout,teb,tau_y_500,holdout_14,true,true,false,unchanged,success,success,false,false,false,0.9981179796073366,0.9973857378586514
holdout,teb,tau_y_500,holdout_15,true,true,false,unchanged,success,success,false,false,false,0.9872336494286568,0.9872012051888034
holdout,teb,tau_y_500,holdout_16,true,true,false,unchanged,success,success,false,false,false,0.9953718097116703,0.9943000044613065
holdout,teb,tau_y_500,holdout_17,true,false,true,success_to_failure,success,planner_failure,true,false,true,0.9943214403068062,0.6111438871496256
holdout,teb,tau_y_500,holdout_18,true,true,false,unchanged,success,success,false,false,false,0.9961976035562727,0.9953088560111174
holdout,teb,tau_y_500,holdout_19,true,true,false,unchanged,success,success,false,false,false,0.9879142739071987,0.991276712620776
holdout,teb,tau_y_500,holdout_20,true,true,false,unchanged,success,success,false,false,false,0.9906725012354347,0.992197030260994
holdout,teb,tau_w_100,holdout_01,true,true,false,unchanged,success,success,false,false,false,0.997306047106038,0.996833076206487
holdout,teb,tau_w_100,holdout_02,true,true,false,unchanged,success,success,false,false,false,0.9852809980870434,0.9863787263555802
holdout,teb,tau_w_100,holdout_03,false,false,false,unchanged,planner_failure,planner_failure,false,true,true,0.3106454741139901,0.31530185507915226
holdout,teb,tau_w_100,holdout_04,true,true,false,unchanged,success,success,false,false,false,0.9934971999344474,0.9940159723985442
holdout,teb,tau_w_100,holdout_05,true,true,false,unchanged,success,success,false,false,false,0.9859793954630969,0.9888230208017356
holdout,teb,tau_w_100,holdout_06,true,true,false,unchanged,success,success,false,false,false,0.9924046503673061,0.9950887003581905
holdout,teb,tau_w_100,holdout_07,true,true,false,unchanged,success,success,false,false,false,0.9875310682885516,0.9904657827504594
holdout,teb,tau_w_100,holdout_08,true,true,false,unchanged,success,success,false,false,false,0.9976294052860616,0.9978588353741218
holdout,teb,tau_w_100,holdout_09,true,true,false,unchanged,success,success,false,false,false,0.9984886067617813,0.9987865171881283
holdout,teb,tau_w_100,holdout_10,true,true,false,unchanged,success,success,false,false,false,0.9968680758393378,0.9955813811468627
holdout,teb,tau_w_100,holdout_11,false,false,false,unchanged,planner_failure,planner_failure,false,true,true,0.7402052639244191,0.7491256442923769
holdout,teb,tau_w_100,holdout_12,true,true,false,unchanged,success,success,false,false,false,0.9887846721404487,0.9930934602264042
holdout,teb,tau_w_100,holdout_13,true,true,false,unchanged,success,success,false,false,false,0.991155466378184,0.9903480362681142
holdout,teb,tau_w_100,holdout_14,true,true,false,unchanged,success,success,false,false,false,0.9981179796073366,0.9965178367028621
holdout,teb,tau_w_100,holdout_15,true,true,false,unchanged,success,success,false,false,false,0.9872336494286568,0.9889270327958559
holdout,teb,tau_w_100,holdout_16,true,true,false,unchanged,success,success,false,false,false,0.9953718097116703,0.9956048325344486
holdout,teb,tau_w_100,holdout_17,true,true,false,unchanged,success,success,false,false,false,0.9943214403068062,0.9952799077881228
holdout,teb,tau_w_100,holdout_18,true,true,false,unchanged,success,success,false,false,false,0.9961976035562727,0.9949325379073568
holdout,teb,tau_w_100,holdout_19,true,true,false,unchanged,success,success,false,false,false,0.9879142739071987,0.9875226529824204
holdout,teb,tau_w_100,holdout_20,true,true,false,unchanged,success,success,false,false,false,0.9906725012354347,0.9940417156777912
holdout,teb,tau_w_300,holdout_01,true,true,false,unchanged,success,success,false,false,false,0.997306047106038,0.995701729707735
holdout,teb,tau_w_300,holdout_02,true,true,false,unchanged,success,success,false,false,false,0.9852809980870434,0.9901765365792651
holdout,teb,tau_w_300,holdout_03,false,false,false,unchanged,planner_failure,planner_failure,false,true,true,0.3106454741139901,0.308536498771176
holdout,teb,tau_w_300,holdout_04,true,true,false,unchanged,success,success,false,false,false,0.9934971999344474,0.995336469336692
holdout,teb,tau_w_300,holdout_05,true,true,false,unchanged,success,success,false,false,false,0.9859793954630969,0.9915559207260943
holdout,teb,tau_w_300,holdout_06,true,true,false,unchanged,success,success,false,false,false,0.9924046503673061,0.9956741871437038
holdout,teb,tau_w_300,holdout_07,true,true,false,unchanged,success,success,false,false,false,0.9875310682885516,0.9937039379661639
holdout,teb,tau_w_300,holdout_08,true,true,false,unchanged,success,success,false,false,false,0.9976294052860616,0.9963382803128059
holdout,teb,tau_w_300,holdout_09,true,true,false,unchanged,success,success,false,false,false,0.9984886067617813,0.9985530123848023
holdout,teb,tau_w_300,holdout_10,true,true,false,unchanged,success,success,false,false,false,0.9968680758393378,0.9961182446139092
holdout,teb,tau_w_300,holdout_11,false,false,false,unchanged,planner_failure,planner_failure,false,true,true,0.7402052639244191,0.7226628672675421
holdout,teb,tau_w_300,holdout_12,true,true,false,unchanged,success,success,false,false,false,0.9887846721404487,0.995105043201145
holdout,teb,tau_w_300,holdout_13,true,true,false,unchanged,success,success,false,false,false,0.991155466378184,0.9941276189088047
holdout,teb,tau_w_300,holdout_14,true,true,false,unchanged,success,success,false,false,false,0.9981179796073366,0.9972467785954711
holdout,teb,tau_w_300,holdout_15,true,true,false,unchanged,success,success,false,false,false,0.9872336494286568,0.9908320708779212
holdout,teb,tau_w_300,holdout_16,true,true,false,unchanged,success,success,false,false,false,0.9953718097116703,0.9942605789918636
holdout,teb,tau_w_300,holdout_17,true,true,false,unchanged,success,success,false,false,false,0.9943214403068062,0.99624600367248
holdout,teb,tau_w_300,holdout_18,true,true,false,unchanged,success,success,false,false,false,0.9961976035562727,0.9926970585279449
holdout,teb,tau_w_300,holdout_19,true,true,false,unchanged,success,success,false,false,false,0.9879142739071987,0.9927680794900365
holdout,teb,tau_w_300,holdout_20,true,true,false,unchanged,success,success,false,false,false,0.9906725012354347,0.9972677178102859
